HDZ,SDP,BM 365,KH,MOST,IDS,HSS,HNS-LD,Pametno,Glas,NHR,START,DPMS,Green-Left,HDSSB,Centar,Fokus,Mozemo!,RF
0.3242896576802920,0.38988475016115975,0.03309889419659828,0,0,0,0,0,0,0,0,0,0,0,0,0,0,0,0
0.31616101092580000,0.3778975685548522,0.0239413048149556,0,0,0,0,0,0,0,0,0,0,0,0,0,0,0,0
0.29887477478966600,0.31904205028182286,0.04359410899353705,0,0,0,0,0,0,0,0,0,0,0,0,0,0,0,0
0.2913634936114650,0.3500132233590638,0.025073141704821555,0,0,0,0,0,0,0,0,0,0,0,0,0,0,0,0
0.2765173214197160,0.29887477478966595,0.05388353526504569,0,0,0,0,0,0,0,0,0,0,0,0,0,0,0,0
0.27884469164779600,0.3087526240103142,0.019825534306352144,0,0,0,0,0,0,0,0,0,0,0,0,0,0,0,0
0.2942445329674870,0.27798723945850345,0.04930474057422435,0,0,0,0,0,0,0,0,0,0,0,0,0,0,0,0
0.2663601877716990,0.2591575893816427,0.042590889932064974,0,0,0,0,0,0,0,0,0,0,0,0,0,0,0,0
0.3098844609001800,0.25308682788145265,0.0358770392899056,0,0,0,0,0,0,0,0,0,0,0,0,0,0,0,0
0.28724772310286100,0.2510289426271509,0.04575488851055387,0,0,0,0,0,0,0,0,0,0,0,0,0,0,0,0
0.3674023537579130,0.2652283508818328,0.05563273773120214,0,0,0,0,0,0,0,0,0,0,0,0,0,0,0,0
0.2882766657300120,0.23785847699961984,0.05604431478206248,0,0,0,0,0,0,0,0,0,0,0,0,0,0,0,0
0.34301641349443800,0.26255310005124055,0.05645589183292282,0,0,0,0,0,0,0,0,0,0,0,0,0,0,0,0
0.3528942627150860,0.29568505264549827,0.03196705730673227,0,0,0,0,0,0,0,0,0,0,0,0,0,0,0,0
0.34250194218086300,0.2498971057372849,0.07250739681647628,0,0,0,0,0,0,0,0,0,0,0,0,0,0,0,0
0.3630807947238800,0.2972284665862246,0.02610208433197242,0,0,0,0,0,0,0,0,0,0,0,0,0,0,0,0
0.3508363774607840,0.24296889204780245,0.04554909998512374,0,0,0,0,0,0,0,0,0,0,0,0,0,0,0,0
0.31065616787054300,0.2376526884741897,0.0269252384336931,0,0,0,0,0,0,0,0,0,0,0,0,0,0,0,0
0.36338947751202500,0.25809434866692016,0.05604431478206251,0,0,0,0,0,0,0,0,0,0,0,0,0,0,0,0
0.31574943387494000,0.25509326600439675,0.025896295806542236,0,0,0,0,0,0,0,0,0,0,0,0,0,0,0,0
0.3486755979437680,0.2367266401097539,0.037008876179771555,0,0,0,0,0,0,0,0,0,0,0,0,0,0,0,0
0.3176015306038120,0.25308682788145265,0.02178052529793878,0,0,0,0,0,0,0,0,0,0,0,0,0,0,0,0
0.37285574968181300,0.26245020578852546,0.038140713069637455,0,0,0,0,0,0,0,0,0,0,0,0,0,0,0,0
0.38263070463974600,0.3007268715185375,0.016532917899469368,0.0925717780459181,0,0,0,0,0,0,0,0,0,0,0,0,0,0,0
0.3427077307062930,0.27809013372121855,0.034333625349179275,0.13095133803864528,0,0,0,0,0,0,0,0,0,0,0,0,0,0,0
0.3780004628175670,0.3150291740359345,0.019722640043637052,0.1014206846394155,0,0,0,0,0,0,0,0,0,0,0,0,0,0,0
0.35526083075753300,0.2768554025686375,0.025741954412469625,0.16747880130250087,0,0,0,0,0,0,0,0,0,0,0,0,0,0,0
0.40578191375064100,0.3352993437908065,0.020648688408072824,0.08886758458817501,0,0,0,0,0,0,0,0,0,0,0,0,0,0,0
0.3499103290963490,0.28642456900114055,0.03608282781533573,0.13702209953883537,0,0,0,0,0,0,0,0,0,0,0,0,0,0,0
0.3972416899452880,0.3302575249177673,0.016738706424899608,0.09339493214763883,0,0,0,0,0,0,0,0,0,0,0,0,0,0,0
0.36976892180036000,0.2450610753896759,0.03309889419659828,0.1754016595315625,0.041759161308451365,0,0,0,0,0,0,0,0,0,0,0,0,0,0
0.3914649120528560,0.3181160019173871,0.033999218995355296,0.06828873204515773,0.03910105952164494,0,0,0,0,0,0,0,0,0,0,0,0,0,0
0.39408626588869200,0.323980974892147,0.006449280153390968,0.04287384915453146,0.017356072001190048,0,0,0,0,0,0,0,0,0,0,0,0,0,0
0.34898428073191300,0.30185870840840345,0.05089960164630819,0.10080331906312501,0.04381704656275309,0,0,0,0,0,0,0,0,0,0,0,0,0,0
0.36647630539347800,0.31904205028182286,0.03196705730673227,0.06705400089257674,0.04561769616026712,0,0,0,0,0,0,0,0,0,0,0,0,0,0
0.34085563397742100,0.34898428073191295,0.036391510603481,0.0866039108084431,0.04112464668837501,0,0,0,0,0,0,0,0,0,0,0,0,0,0
0.36153738078315300,0.3336530355873651,0.034299327261607615,0.06468743285012973,0.03910105952164494,0,0,0,0,0,0,0,0,0,0,0,0,0,0
0.3725470668936680,0.3231578207904263,0.03762624175606205,0.09998016496140433,0.03381915403560387,0,0,0,0,0,0,0,0,0,0,0,0,0,0
0.2907461280351740,0.2947590042810625,0.04318253194267674,0.0513111786971685,0.03381915403560387,0,0,0,0,0,0,0,0,0,0,0,0,0,0
0.38407122431775700,0.3540260996049522,0.03083522041686637,0.06911188614687847,0.023735516289525416,0,0,0,0,0,0,0,0,0,0,0,0,0,0
0.3086497297475990,0.3207455219645504,0.03155548025587196,0.0382436073323526,0.023735516289525416,0,0,0,0,0,0,0,0,0,0,0,0,0,0
0.38619770574720200,0.3456173518019582,0.04565199424783878,0.08248814029983964,0.035542632936081564,0,0,0,0,0,0,0,0,0,0,0,0,0,0
0.3902706036463410,0.37048918163936595,0.0239413048149556,0.049870659019157326,0.04266806062910128,0,0,0,0,0,0,0,0,0,0,0,0,0,0
0.36647630539347800,0.3201738871716888,0.052443015587034514,0.08331129440156038,0.03978702127307887,0,0,0,0,0,0,0,0,0,0,0,0,0,0
0.3881869948263610,0.3232607150531414,0.021677631035223688,0.04266806062910128,0.05779351724821896,0,0,0,0,0,0,0,0,0,0,0,0,0,0
0.3838654357923270,0.37666283740227113,0.034024942561034,0.046578042612274606,0.074565282070778,0,0,0,0,0,0,0,0,0,0,0,0,0,0
0.3060259260483640,0.34332509628258323,0.02774839253541378,0.04338832046810687,0.2078133522868147,0.020751582670787916,0.017793372617729175,0.01447503264516764,0,0,0,0,0,0,0,0,0,0,0
0.3098844609001800,0.3141717218466421,0.028854505859600976,0.0382436073323526,0.1761219193705681,0.019722640043637052,0.02558761301839696,0.03258442288302282,0,0,0,0,0,0,0,0,0,0,0
0.3182188961801020,0.31605811666308536,0.04019859832393918,0.0496648704937272,0.16881642671779695,0.020751582670787916,0.02558761301839696,0.013548984280731868,0,0,0,0,0,0,0,0,0,0,0
0.33118357328220300,0.29362716739119654,0.02486735317939137,0.03628861634076597,0.14422469792889137,0.016224235111324148,0.022192102348799092,0.028365758111704276,0,0,0,0,0,0,0,0,0,0,0
0.31091340352733100,0.3354022380535216,0.049047504917436646,0.04493173440883319,0.15965883733615432,0.024970247442106464,0.02178052529793878,0.01882231524488004,0,0,0,0,0,0,0,0,0,0,0
0.35279136845237100,0.2903345509843138,0.020648688408072824,0.03896386717135819,0.1194271806145556,0.017047389213044772,0.02178052529793878,0.03073232615415128,0,0,0,0,0,0,0,0,0,0,0
0.32202598390056000,0.33869485446040437,0.033716259772888835,0.06900899188416332,0.11531141010595214,0.025381824492966776,0.02188341956065387,0.018179226102910784,0,0,0,0,0,0,0,0,0,0,0
0.3456916643250300,0.29228954197590046,0.020751582670787916,0.04956197623101205,0.10337567563100214,0.017356072001190048,0.023323939238665048,0.029703383527000415,0,0,0,0,0,0,0,0,0,0,0
0.3314922560703480,0.3328298814856444,0.04318253194267674,0.07127266566389528,0.08547207391857714,0.019516851518206924,0.023323939238665048,0.024352881865815912,0,0,0,0,0,0,0,0,0,0,0
0.34764665531661700,0.3077236813831634,0.019825534306352144,0.06880320335873319,0.07538843617249874,0.016224235111324148,0.03392204829831896,0.029291806476140103,0,0,0,0,0,0,0,0,0,0,0
0.31842468470553200,0.3384890659349742,0.052751698375179734,0.07600580174878918,0.07919552389295692,0.019928428569067236,0.016738706424899608,0.023323939238665048,0,0,0,0,0,0,0,0,0,0,0
0.339518008562125,0.31358865435792327,0.0209573711962181,0.08588365096943751,0.06777426073158233,0.01529818674688832,0.03438507248053685,0.03844939585778273,0,0,0,0,0,0,0,0,0,0,0
0.315646539612225,0.3352993437908065,0.0496648704937272,0.08722127638473365,0.0905910634886527,0.01715028347575992,0.03438507248053685,0.020545794145357732,0,0,0,0,0,0,0,0,0,0,0
0.3069005272814430,0.3205854642225492,0.0269252384336931,0.08866179606274482,0.07672606158779482,0.014577926907882732,0.034848096662754735,0.03906676143407328,0,0,0,0,0,0,0,0,0,0,0
0.24691317211854700,0.3558781963338237,0.027660197453086566,0.08999942147804096,0.1401089274202879,0.016709308064123796,0.021368948247078468,0.0158641051918213,0,0,0,0,0,0,0,0,0,0,0
0.2644051967801120,0.3534087340286617,0.025210334055108308,0.063864278748409,0.1157229871568125,0.016709308064123796,0.0342650291740359,0.03896386717135819,0,0,0,0,0,0,0,0,0,0,0
0.30659184449329700,0.36946023901221514,0.046578042612274606,0.07559422469792887,0.12508636506388532,0.01468082117059788,0.03181271591265966,0.01848790889105606,0,0,0,0,0,0,0,0,0,0,0
0.29959503462867200,0.31605811666308536,0.021986313823368964,0.07003793451131418,0.12261690275872328,0.01529818674688832,0.026822344170978007,0.0358770392899056,0,0,0,0,0,0,0,0,0,0,0
0.3469263954776110,0.34383956759615864,0.02229499661151424,0.06355559596026383,0.1242632109621647,0.01529818674688832,0.025484718755681923,0.03412783682374915,0.01852220697862772,0,0,0,0,0,0,0,0,0,0
0.3808815021735900,0.3066947387560125,0.046578042612274606,0.05738194019735865,0.10882907155490174,0.031041008942296555,0.025484718755681923,0.034856671184647636,0.02733681548455341,0,0,0,0,0,0,0,0,0,0
0.36256632341030400,0.27479751731433577,0.03220714391973423,0.05161986148531378,0.1182953437246897,0.020854476933503008,0.02924035934478253,0.0382436073323526,0.02486735317939137,0,0,0,0,0,0,0,0,0,0
0.3684312963850640,0.2919808591877552,0.017836245227193848,0.0835170829269905,0.1194271806145556,0.026668002776905397,0.02924035934478253,0.0382436073323526,0.030783773285508853,0,0,0,0,0,0,0,0,0,0
0.35958238979156700,0.26358204267839136,0.0269252384336931,0.0537806410023306,0.10193515595299091,0.02106026545893319,0.030140684143539542,0.04503462867154828,0.024352881865815912,0,0,0,0,0,0,0,0,0,0
0.3713123357410870,0.29012876245888364,0.028983123687994827,0.08578075670672242,0.1093435428684772,0.02610208433197242,0.023666920114381984,0.04503462867154828,0.022809467925089644,0,0,0,0,0,0,0,0,0,0
0.3747078464106840,0.26018653200879355,0.022980958362948167,0.05645589183292282,0.10337567563100214,0.018899485941916372,0.02826286384898924,0.04266806062910128,0.025767677978148384,0,0,0,0,0,0,0,0,0,0
0.3622576406221590,0.2851898378485595,0.04225648357824091,0.10419882973272288,0.09679044281723659,0.022809467925089644,0.03711177044248659,0.020065620919353988,0.02610208433197242,0,0,0,0,0,0,0,0,0,0
0.3980648440470090,0.24218003603365346,0.03844939585778273,0.07014082877402933,0.086501016545728,0.02422426403742206,0.029291806476140103,0.04822435081571591,0.018179226102910784,0,0,0,0,0,0,0,0,0,0
0.3789951073571460,0.26183284021223496,0.03464230813732455,0.09946569364782887,0.09462966330021982,0.027954181060843963,0.03721466470520174,0.020622964842394065,0.02445577612853106,0,0,0,0,0,0,0,0,0,0
0.3817818269723470,0.23713821716061426,0.025896295806542236,0.09123415263062196,0.09565860592737069,0.019722640043637052,0.025381824492966776,0.0478127737648556,0.023221044975949956,0,0,0,0,0,0,0,0,0,0
0.36201755400915700,0.2522636737797319,0.03875807864592801,0.08145919767268878,0.09560715879601317,0.03597993355262069,0.028468652374419368,0.03217284583216251,0.024661564653961188,0,0,0,0,0,0,0,0,0,0
0.364289802310782,0.25092604836443577,0.016224235111324148,0.08467464338253522,0.11345931337708065,0.01931106299277674,0.027568327575662355,0.04431436883254264,0.024009900990098976,0,0,0,0,0,0,0,0,0,0
0.3643155258764610,0.2659486107208384,0.03546546223904529,0.09185151820691251,0.08840456040595712,0.03896386717135819,0.031041008942296555,0.04431436883254264,0.02733681548455341,0,0,0,0,0,0,0,0,0,0
0.3509392717235000,0.2575112811782013,0.017253177738475012,0.08853317823435097,0.11798666093654442,0.02178052529793878,0.02936897717317638,0.043285426205391775,0.026153531463329938,0,0,0,0,0,0,0,0,0,0
0.36925445048678500,0.27500330583976595,0.03855229012049782,0.08557496818129223,0.10286120431742674,0.03165837451858711,0.025381824492966776,0.03412783682374915,0.02826286384898924,0,0,0,0,0,0,0,0,0,0
0.3830422816906060,0.2388874196267707,0.02023711135721251,0.07106687713846505,0.08331129440156038,0.022192102348799092,0.0345136903089307,0.038114989503958696,0.025724805368683712,0,0,0,0,0,0,0,0,0,0
0.3784377634341060,0.2800451247128052,0.0418449065273806,0.08084183209639823,0.08413444850328106,0.03161264373515815,0.03772913601877714,0.027439709747268504,0.02404419907767069,0,0,0,0,0,0,0,0,0,0
0.39096513991966800,0.24218003603365346,0.027954181060843963,0.0716842427147556,0.07538843617249874,0.016430023636754332,0.030355047190862627,0.03292740375873976,0.022123506173655716,0,0,0,0,0,0,0,0,0,0
0.37573678903783500,0.2721222664837436,0.05480958362948146,0.08711838212201856,0.07127266566389528,0.016430023636754332,0.03268731714573797,0.025484718755681923,0.019379659167920116,0,0,0,0,0,0,0,0,0,0
0.39003909155523200,0.2514405196780112,0.03248152862030773,0.0795042066811022,0.09092546984247674,0.02188341956065387,0.030140684143539542,0.02705385626208695,0.015092398221458192,0,0,0,0,0,0,0,0,0,0
0.3737817980462490,0.2532926164068828,0.05254590984974955,0.08094472635911337,0.0764173787996496,0.02486735317939137,0.03532826988875848,0.015478251706639745,0.018899485941916372,0,0,0,0,0,0,0,0,0,0
0.3913767169705280,0.25946627216978796,0.028880229425279735,0.07250739681647628,0.09061678705433146,0.01581265806046378,0.03387060116696139,0.02255223226830194,0.01946540438684935,0,0,0,0,0,0,0,0,0,0
0.36019975536785700,0.26677176482255904,0.046578042612274606,0.10193515595299091,0.08516339113043192,0.029626212829964083,0.03361336551017369,0.014989503958743045,0.020751582670787916,0,0,0,0,0,0,0,0,0,0
0.38736384072464000,0.24722185490669268,0.02908601795070992,0.07857815831666637,0.09236598952048797,0.01715028347575992,0.03605710424965697,0.014989503958743045,0.02023711135721251,0,0.018693697416486188,0,0,0,0,0,0,0,0
0.3563926676473990,0.2562765500256203,0.048430139341146095,0.11716350683482368,0.0776521099522306,0.0271824740904808,0.023323939238665048,0.01468082117059788,0.02023711135721251,0,0,0,0,0,0,0,0,0,0
0.3623605348848740,0.2575112811782013,0.02924035934478253,0.08866179606274482,0.10286120431742674,0.01931106299277674,0.0382436073323526,0.015606869535033596,0.011388204763715049,0,0,0,0,0,0,0,0,0,0
0.33787170035868400,0.26574282219540823,0.040301492586654275,0.13270054050480173,0.08591794905700917,0.029806277789715507,0.026822344170978007,0.02486735317939137,0.022192102348799092,0,0,0,0,0,0,0,0,0,0
0.3553637250202480,0.23796137126233494,0.02679662060529925,0.12858476999619828,0.08866179606274482,0.014886609696028008,0.04266806062910128,0.018590803153771096,0.008507165407692696,0,0,0,0,0,0,0,0,0,0
0.35135084877436000,0.2581286467544918,0.02733681548455341,0.13805104216598624,0.1308484437759302,0.023323939238665048,0.032378634357592695,0.03001206631514569,0.03577414502719051,0,0,0,0,0,0,0,0,0,0
0.3456916643250300,0.20915097770211077,0.02988344848675184,0.13727933519562308,0.08274537595662734,0.023323939238665048,0.04040438684936942,0.02023711135721251,0.016978793037901396,0,0.018179226102910784,0,0,0,0,0,0,0,0
0.3314922560703480,0.24609001801682673,0.04009570406122415,0.1440532074910329,0.08544635035289838,0.03181271591265966,0.02476445891667628,0.02023711135721251,0.028983123687994827,0,0.018179226102910784,0,0,0,0,0,0,0,0
0.3506305889353540,0.23096456139770907,0.023838410552240508,0.14302426486388203,0.07609399683111645,0.017356072001190048,0.03690598191705646,0.025510442321360682,0.013754772806162052,0,0.018179226102910784,0,0,0,0,0,0,0,0
0.3302575249177670,0.2531897221441677,0.02936897717317638,0.1379481479032711,0.07515692408138974,0.03176126878130214,0.028468652374419368,0.025176035967536647,0.03937544422221856,0,0.018179226102910784,0,0,0,0,0,0,0,0
0.3208941470106940,0.22036645233805519,0.0352596737136151,0.14185812988644436,0.0752855419097836,0.030526537628721095,0.03309889419659828,0.02424998760310082,0.03597993355262069,0,0.018179226102910784,0,0,0,0,0,0,0,0
0.3447656159605940,0.21079728590555216,0.04688672540041977,0.13262051163380112,0.07929841815567196,0.02229499661151424,0.03137174050102359,0.025381824492966776,0.019159171462101998,0,0.018179226102910784,0,0,0,0,0,0,0,0
0.31914494454453800,0.24969131721185475,0.02824571480520338,0.1436187650484581,0.0866039108084431,0.02229499661151424,0.02769694540405626,0.025381824492966776,0.019159171462101998,0,0.018179226102910784,0,0,0,0,0,0,0,0
0.30679763301872800,0.2517492024661565,0.03721466470520174,0.1546170184631151,0.09802517396981769,0.03083522041686637,0.05347195821418532,0.023838410552240508,0.03453941387460946,0,0.022809467925089644,0,0,0,0,0,0,0,0
0.3091642010611750,0.2009194366849039,0.02864014281227789,0.13496421428453365,0.08104762062182846,0.03083522041686637,0.03134969173044183,0.013651878543447016,0.022637977487231176,0,0.022809467925089644,0,0,0,0,0,0,0,0
0.2970226780607940,0.24310608439808923,0.04133043521380514,0.15019256516636642,0.09102836410519183,0.025896295806542236,0.04416002743847003,0.018436461759698486,0.022637977487231176,0,0.022809467925089644,0,0,0,0,0,0,0,0
0.2924953305013310,0.20421205309178667,0.02705385626208695,0.1634659250566125,0.08789008909238166,0.025896295806542236,0.037986371675564845,0.023838410552240508,0.020134217094497364,0,0.022809467925089644,0,0,0,0,0,0,0,0
0.3126773051738750,0.2262314253128151,0.029819139572554887,0.15585174961569614,0.09390940346121424,0.0269252384336931,0.037986371675564845,0.023838410552240508,0.020134217094497364,0,0.04452015735797288,0,0,0,0,0,0,0,0
0.3102274417758970,0.24464949833881552,0.029819139572554887,0.14257838972545,0.08248814029983964,0.0269252384336931,0.032995999933883136,0.022809467925089644,0.03858658820806954,0,0.04452015735797288,0,0,0,0,0,0,0,0
0.2943474272302020,0.2090480834393957,0.03258442288302282,0.15708648076827714,0.08866179606274482,0.022089208086084056,0.027954181060843963,0.022809467925089644,0.019722640043637052,0.026067786244400704,0.03597993355262069,0,0,0,0,0,0,0,0
0.30515132481528600,0.22046934660077028,0.03206995156944742,0.15862989470900346,0.08773574769830905,0.03258442288302282,0.03464230813732455,0.015092398221458192,0.02960048926428538,0.010873733450139644,0.03597993355262069,0,0,0,0,0,0,0,0
0.30332495165209300,0.20759041471759865,0.044108580307112455,0.1401089274202879,0.0895878444271806,0.022192102348799092,0.033227512024992134,0.025896295806542236,0.038114989503958696,0.018385014628340912,0.03597993355262069,0,0,0,0,0,0,0,0
0.2944503214929170,0.21097735086530356,0.039478338484933595,0.15544017256483578,0.08956212086150184,0.0269252384336931,0.04822435081571591,0.013651878543447016,0.029909172052430544,0.08855890180002973,0.09967148217325905,0,0,0,0,0,0,0,0
0.3159552224003700,0.17735665052314914,0.04112464668837501,0.13805104216598624,0.07631448453693446,0.018899485941916372,0.04091885816294483,0.023452557067058954,0.034024942561034,0.08855890180002973,0.09967148217325905,0,0,0,0,0,0,0,0
0.32737648556174500,0.21110596869369744,0.04441726309525773,0.1490607282765004,0.0811505148845435,0.024995971007785223,0.043774173953288475,0.013754772806162052,0.03166572410878099,0.08855890180002973,0.015915552323178872,0,0,0,0,0,0,0,0
0.32274624373956600,0.19392262682027803,0.03952978561629117,0.14288707251359523,0.0949383460883651,0.022912362187804736,0.04201639696523907,0.013754772806162052,0.0345136903089307,0.027954181060843963,0.015915552323178872,0,0,0,0,0,0,0,0
0.32583307162101900,0.208224929337675,0.0382436073323526,0.14722578059141478,0.0727866812438458,0.023323939238665048,0.040815963900229735,0.019208168730061648,0.03553405841418866,0.027954181060843963,0.015915552323178872,0,0,0,0,0,0,0,0
0.33334435279922000,0.18363320054876942,0.04616646556141418,0.14936941106464569,0.07614299409907599,0.023323939238665048,0.039478338484933595,0.021574736772508596,0.03747190036198944,0.027954181060843963,0.04274523132613761,0,0,0,0,0,0,0,0
0.3291256880279010,0.2051381014562224,0.0453433114596935,0.14340154382717069,0.07621159027421937,0.019516851518206924,0.041673416089522075,0.02960048926428538,0.02503884361724984,0.027954181060843963,0.025484718755681923,0,0,0,0,0,0,0,0
0.32192308963784500,0.1654209160481992,0.03597993355262069,0.15327939304781896,0.06942056893502374,0.020031322831782328,0.04246227210367115,0.023735516289525416,0.03505388518818486,0.01468082117059788,0.025484718755681923,0,0,0,0,0,0,0,0
0.3410099753714940,0.16449486768376337,0.025896295806542236,0.1677874840906461,0.07219871402833106,0.017664754789335324,0.03258442288302282,0.023735516289525416,0.030114960577860783,0.0191052744673465,0.03659729912891119,0,0,0,0,0,0,0,0
0.31616101092580000,0.19001264483710475,0.04647514834955946,0.16192251111588618,0.086501016545728,0.02023711135721251,0.043799897518967235,0.01529818674688832,0.022809467925089644,0.01727890130415377,0.022123506173655716,0,0,0,0,0,0,0,0
0.3270678027736000,0.15852700044628837,0.025793401543827144,0.15307360452238883,0.07682895585050992,0.02023711135721251,0.03762624175606205,0.01529818674688832,0.030938114679581408,0.04637225408684437,0.04102175242565992,0,0,0,0,0,0,0,0
0.3060259260483640,0.18322162349790905,0.04750409097671032,0.127041356055472,0.07693185011322501,0.017664754789335324,0.04205069505281078,0.01529818674688832,0.021094563546504852,0.017921990446123026,0.022895213144018878,0,0,0,0,0,0,0,0
0.3210999355361250,0.21223780558356337,0.0328931056711681,0.1348613200218185,0.09473255756293492,0.017664754789335324,0.04205069505281078,0.02939470073885514,0.01946540438684935,0.06046876807881124,0.02409564620902821,0,0,0,0,0,0,0,0
0.30782657564587800,0.19556893502371941,0.042719507760458825,0.12158796013157241,0.07940131241838705,0.017664754789335324,0.021437544422221844,0.02939470073885514,0.01946540438684935,0.03597993355262069,0.04307963767996159,0,0,0,0,0,0,0,0
0.31914494454453800,0.1905271161506802,0.042719507760458825,0.12786451015719266,0.0752855419097836,0.02260367939965946,0.04637225408684437,0.015092398221458192,0.030526537628721095,0.03597993355262069,0.02788987214664701,0,0,0,0,0,0,0,0
0.3034021223491300,0.15862989470900346,0.05254590984974955,0.1341410601828129,0.0693176746723086,0.02260367939965946,0.03793492454420733,0.015092398221458192,0.018385014628340912,0.02023711135721251,0.026668002776905397,0,0,0,0,0,0,0,0
0.3213057240615550,0.1947457809219987,0.03927254995950347,0.12338860972908644,0.08043025504553791,0.02260367939965946,0.04019859832393918,0.015092398221458192,0.018385014628340912,0.02023711135721251,0.04287384915453146,0,0,0,0,0,0,0,0
0.3116336633663370,0.20184548504933966,0.03217284583216251,0.09925990512239874,0.08120196201590107,0.014886609696028008,0.03927254995950347,0.015092398221458192,0.030114960577860783,0.02569050728111205,0.04497460701829781,0,0,0,0,0,0,0,0
0.2840580009586940,0.14936941106464569,0.0418449065273806,0.09339493214763883,0.07435949354534788,0.021266053984363376,0.03361336551017369,0.03258442288302282,0.030114960577860783,0.02569050728111205,0.037008876179771555,0,0,0,0,0,0,0,0
0.30751789285773300,0.19680366617630043,0.036391510603481,0.13403816592009787,0.07657172019372221,0.021266053984363376,0.039478338484933595,0.03258442288302282,0.020751582670787916,0.02569050728111205,0.04686100183474107,0,0,0,0,0,0,0,0
0.30679763301872800,0.20482941866807716,0.03528539727929386,0.10996090844476764,0.07862960544802394,0.01663581216218446,0.03772913601877714,0.03245580505462897,0.020751582670787916,0.02461011752260367,0.045253278979817846,0,0,0,0,0,0,0,0
0.25092604836443600,0.22427643432122848,0.020972070376605978,0.08979363295261078,0.06160060496867714,0.023838410552240508,0.018179226102910784,0.03245580505462897,0.027825563232450112,0.012520041653581004,0.040944581728623586,0,0,0,0,0,0,0,0
0.30062397725582200,0.23240508107572025,0.02409564620902821,0.0752855419097836,0.04719540818856505,0.023838410552240508,0.038140713069637455,0.03423073108646424,0.027825563232450112,0.012520041653581004,0.05604431478206251,0,0,0,0,0,0,0,0
0.27578236240032300,0.27047595828030213,0.010719392056067034,0.06370993735433644,0.052751698375179734,0.02975483065835799,0.019825534306352144,0.03423073108646424,0.015761210929106206,0.03206995156944742,0.0507967073835931,0,0,0,0,0,0,0,0
0.27404295938775800,0.20194837931205475,0.02812567149870243,0.06873460718358981,0.07091253574439244,0.03129824459908426,0.03601423164019235,0.026024913634936087,0.013548984280731868,0.007272434255111593,0.05717615167192841,0,0,0,0,0,0,0,0
0.2954792641200680,0.24917684589827932,0.042359377840956,0.06756847220615214,0.056661680358353006,0.03129824459908426,0.04107319955701744,0.037557645580918675,0.013548984280731868,0.007272434255111593,0.023323939238665048,0,0,0,0,0,0,0,0
0.29839460156366200,0.32809674540075046,0.02190914312633263,0.04338832046810687,0.056661680358353006,0.022809467925089644,0.04107319955701744,0.037557645580918675,0.029626212829964083,0.016057031934412103,0.040301492586654275,0,0,0,0,0,0,0,0
0.27171068943288300,0.24084241061835734,0.043259702639713016,0.037008876179771555,0.058410882824509514,0.022809467925089644,0.04004425692986657,0.011285310501000012,0.029626212829964083,0.019825534306352144,0.025381824492966776,0,0,0,0,0,0,0,0
0.30957577811203500,0.26553703366997805,0.024352881865815912,0.03217284583216251,0.05753628159143126,0.022809467925089644,0.04004425692986657,0.02826286384898924,0.023452557067058954,0.01886518785434471,0.042359377840956,0,0,0,0,0,0,0,0
0.30155002562025800,0.2315819269739996,0.04637225408684437,0.040815963900229735,0.0681858377824427,0.02620497859468751,0.04038723780558351,0.02826286384898924,0.023452557067058954,0,0.018282120365625876,0,0,0,0,0,0,0,0
0.29300980181490600,0.33334435279921987,0.03561980363311787,0.058205094299079274,0.05028223607001764,0.02620497859468751,0.04038723780558351,0.029909172052430544,0.018307843931304635,0,0.043131084811319165,0,0,0,0,0,0,0,0
0.3172928478156660,0.28693904031471595,0.02486735317939137,0.05172275574802887,0.060880345129671554,0.02620497859468751,0.04038723780558351,0.021266053984363376,0.018307843931304635,0,0.03252725940373674,0,0,0,0,0,0,0,0
0.3674023537579130,0.41432213755599273,0.03685453478569892,0.05172275574802887,0.05254590984974955,0.027954181060843963,0.04038723780558351,0.021266053984363376,0.018307843931304635,0,0.03404209160481986,0,0,0,0,0,0,0,0
0.3176872758227410,0.28596154481892266,0.03685453478569892,0.05172275574802887,0.06261668581298863,0.027954181060843963,0.039572658225755786,0.02188341956065387,0.02409564620902821,0,0.028468652374419368,0,0,0,0,0,0,0,0
0.29764004363708500,0.22355617448222284,0.04884171639200646,0.045240417196978466,0.06261668581298863,0.028983123687994827,0.03165837451858711,0.02188341956065387,0.02409564620902821,0.0042885006363741485,0.01848790889105606,0,0,0,0,0,0,0,0
0.31358865435792300,0.27809013372121855,0.02486735317939137,0.050282236070017694,0.06551058695185041,0.028983123687994827,0.04091885816294483,0.019825534306352144,0.02409564620902821,0,0.028211416717631665,0,0,0,0,0,0,0,0
0.31291984165027500,0.28117696160267114,0.042976743417246555,0.05532405494305692,0.05851377708722455,0.018693697416486188,0.02949759500157023,0.019825534306352144,0.010805137274996213,0.013034512967156464,0.028211416717631665,0,0,0,0,0,0,0,0
0.30782657564587800,0.23621216879617846,0.04266806062910128,0.04749122919387097,0.05851377708722455,0.018693697416486188,0.02949759500157023,0.008918742458553008,0.010805137274996213,0.004802971949949553,0.014449309079488881,0,0,0,0,0,0,0,0
0.3201738871716890,0.36410973735103064,0.04266806062910128,0.03965840344468502,0.06633374105357115,0.02569050728111205,0.0418449065273806,0.008918742458553008,0.022166378783120333,0,0.014449309079488881,0,0,0,0,0,0,0,0
0.3208941470106940,0.28539562637398963,0.042359377840956,0.03659729912891119,0.06673245632159208,0.02569050728111205,0.0418449065273806,0.018179226102910784,0.022166378783120333,0,0.030140684143539542,0,0,0,0,0,0,0,0
0.33776880609596900,0.3532029455032315,0.025381824492966776,0.040970305294302345,0.06673245632159208,0.02569050728111205,0.028777335162564643,0.028211416717631665,0.022166378783120333,0,0.01848790889105606,0,0,0,0,0,0,0,0
0.3166754822393760,0.29270111902676077,0.0489446106547215,0.0453433114596935,0.06795432569133375,0.019079550901667797,0.028777335162564643,0.02178052529793878,0.013857667068877144,0.010770839187424552,0.03361336551017369,0,0,0,0,0,0,0,0
0.29959503462867200,0.22962693598241293,0.03572269789583293,0.03721466470520174,0.04009900990099008,0.019079550901667797,0.042359377840956,0.01676442999057831,0.024695862741532848,0.010770839187424552,0.020580092232929448,0,0,0,0,0,0,0,0
0.3176015306038120,0.2933184846030513,0.022500785136944368,0.045240417196978466,0.07435949354534788,0.019079550901667797,0.038140713069637455,0.025999190069257327,0.015092398221458192,0.014192073422701179,0.010770839187424552,0,0,0,0,0,0,0,0
0.2731512091108940,0.23363981222830132,0.029703383527000415,0.053266169688755194,0.042359377840956,0.0195940222152432,0.027233921221838375,0.01663581216218446,0.034024942561034,0.014192073422701179,0.010770839187424552,0,0,0,0,0,0,0,0
0.3143089141969290,0.32500991751929786,0.019722640043637052,0.046783831137704734,0.06777426073158233,0.0195940222152432,0.023838410552240508,0.02255223226830194,0.01715028347575992,0.007375328517826685,0.02229499661151424,0.0120055703400056,0,0,0,0,0,0,0
0.26080389758508400,0.3417816823418569,0.019979875700424782,0.02705385626208695,0.05007644754458751,0.010976627712854736,0.023838410552240508,0.02255223226830194,0.01715028347575992,0.007375328517826685,0.02229499661151424,0.0120055703400056,0.1306426552505,0,0,0,0,0,0
0.28920271409444800,0.3062831617051522,0.019979875700424782,0.021574736772508596,0.0358770392899056,0.010976627712854736,0.01663581216218446,0.0044171184647679995,0.02641076712011764,0.018436461759698486,0.016121340848609056,0.013291748623944166,0.18836633663366337,0,0,0,0,0,0
0.3052542190780010,0.3291256880279013,0.02023711135721251,0.045960677035984054,0.06005719102795082,0.025896295806542236,0.01663581216218446,0.0044171184647679995,0.017664754789335324,0.0077869055686870525,0.016121340848609056,0.013291748623944166,0.10882907155490174,0,0,0,0,0,0
0.2498971057372850,0.3479553381047621,0.020430038099803288,0.02534752640539506,0.04698961966313492,0.025896295806542236,0.02924035934478253,0.009639002297558596,0.017664754789335324,0,0.023666920114381984,0.012520041653581004,0.13475842575910346,0,0,0,0,0,0
0.30448251210763800,0.32917713515925884,0.020430038099803288,0.0269252384336931,0.04698961966313492,0.034024942561034,0.02924035934478253,0.009639002297558596,0.025381824492966776,0,0.014577926907882732,0.012520041653581004,0.1128419478007901,0,0,0,0,0,0
0.26677176482255900,0.27140200664473796,0.020430038099803288,0.01931106299277674,0.04819005272814425,0.034024942561034,0.028983123687994827,0.009639002297558596,0.025381824492966776,0,0.004494289161804277,0.015606869535033596,0.1094978842625498,0,0,0,0,0,0
0.30144713135754300,0.33072054909998516,0.020622964842394065,0.012348551215722536,0.056558786095637914,0.018693697416486188,0.028983123687994827,0.008404271144977549,0.015606869535033596,0.009433213772128413,0.004494289161804277,0.015606869535033596,0.13146580935222074,0,0,0,0,0,0
0.2471189606439780,0.35659845617282937,0.0176004458751384,0.020751582670787916,0.03772913601877714,0.018693697416486188,0.01650719433379061,0.008404271144977549,0.015606869535033596,0,0.024558670391246096,0.015606869535033596,0.16264277095489177,0,0,0,0,0,0
0.3107076150019010,0.25936337790707287,0.0176004458751384,0.037043174267343215,0.05048802459544782,0.020622964842394065,0.01650719433379061,0.008404271144977549,0.027954181060843963,0,0.024558670391246096,0.011662589464288664,0.13805104216598624,0,0,0,0,0,0
0.27572356567877200,0.3332929056678623,0.0176004458751384,0.013206003405014932,0.045446205722408595,0.020622964842394065,0.03083522041686637,0.008404271144977549,0.027954181060843963,0,0.020751582670787916,0.011662589464288664,0.1211763830807121,0,0,0,0,0,0
0.32295203226499600,0.3074835947701615,0.0176004458751384,0.025896295806542236,0.04574018933016599,0.022037760954726482,0.033201788459313375,0.0120055703400056,0.027954181060843963,0.012520041653581004,0.020751582670787916,0.01149109902643014,0.12560083637746078,0,0,0,0,0,0
0.302253136415478,0.3544376766558125,0.0176004458751384,0.0158641051918213,0.04574018933016599,0.025124588836179074,0.0269252384336931,0.0120055703400056,0.019722640043637052,0,0.020751582670787916,0.01149109902643014,0.14607679465776297,0,0,0,0,0,0
0.3404440569265610,0.3119423461544819,0.014577926907882732,0.019722640043637052,0.04822435081571591,0.025124588836179074,0.0269252384336931,0.0120055703400056,0.019722640043637052,0,0.020751582670787916,0.01149109902643014,0.10666829203788492,0,0,0,0,0,0
0.3057686903915770,0.2545273475594638,0.014012008462949754,0.018179226102910784,0.057999305773649146,0.03021785484057582,0.03361336551017369,0.0120055703400056,0.033716259772888835,0,0.02255223226830194,0.01149109902643014,0.11654614125853319,0,0,0,0,0,0
0.34606894328831900,0.31996809864625864,0.014012008462949754,0.013291748623944166,0.048827017211618584,0.02473873535099752,0.03361336551017369,0.019722640043637052,0.012520041653581004,0,0.01483516256467049,0.01149109902643014,0.11778087241111423,0,0,0,0,0,0
0.3431964784541890,0.3315951503330634,0.014012008462949754,0.008404271144977549,0.048827017211618584,0.02473873535099752,0,0.019722640043637052,0.012520041653581004,0,0.01483516256467049,0.026513661382832787,0.1093435428684772,0,0,0,0,0,0
0.31780731912924200,0.2830290583315427,0.014012008462949754,0.019208168730061648,0.05483530719516022,0.022680850096695793,0,0.017836245227193848,0.012520041653581004,0,0.028983123687994827,0.026513661382832787,0.1545141242004,0.03206995156944742,0.012134188168399451,0,0,0,0
0.30751789285773300,0.33036041918048237,0.013446090018016776,0.02486735317939137,0.04956197623101205,0,0,0.01663581216218446,0.05007644754458751,0,0.01663581216218446,0.025381824492966776,0.1574980578191375,0.03001206631514569,0,0,0,0,0
0.31081050926461600,0.28621878047571037,0.007889799831402144,0.020751582670787916,0.08043025504553791,0,0,0.011233863369642438,0.05007644754458751,0,0.018693697416486188,0.025381824492966776,0.1308484437759302,0.05470668936676637,0,0,0,0,0
0.3367398634688180,0.20637283260880346,0.01931106299277674,0.02558761301839696,0.09349782641035387,0,0,0.007581117043256869,0.01848790889105606,0,0,0.023838410552240508,0.07909262963024177,0,0,0,0,0.09895122233425346,0
0.3797496652837240,0.20997413180383148,0.016687259293542034,0.02679662060529925,0.09730491413081205,0,0,0.007581117043256869,0.01848790889105606,0,0,0,0.1014206846394155,0,0,0,0,0.12868766425891331,0
0.37347311525810300,0.18630845137936167,0.016687259293542034,0.022123506173655716,0.0811505148845435,0,0,0.013754772806162052,0.04061017537479955,0,0,0,0.07096398287575001,0,0,0,0,0.09905411659696856,0
0.37563389477512000,0.21192912279541812,0.016687259293542034,0.005317443263525012,0.08804443048645427,0,0,0.013754772806162052,0.028057075323559055,0,0,0,0.09205730673234269,0,0,0,0,0.10399304120729264,0
0.3881869948263610,0.19844997437974182,0.016687259293542034,0.015606869535033596,0.07353633944362714,0,0,0.009741896560273688,0.03381915403560387,0,0,0,0.09267467230863319,0,0,0,0,0.09689333707995174,0
0.3529971569778010,0.21234069984627846,0.016687259293542034,0.017150283475759892,0.10059753053769482,0,0,0.009741896560273688,0.014234946032165796,0,0,0,0.09658465429180646,0,0,0,0,0.1062567149870246,0
0.33941511429941000,0.23199350402485994,0.014063455594307328,0.017150283475759892,0.10214094447842115,0,0,0.01601844658589391,0.020854476933503008,0,0,0,0.08691259359658837,0,0,0,0,0.09123415263062196,0
0.35814187011355600,0.2009194366849039,0.014114902725664874,0.018693697416486188,0.08464891981685646,0,0,0.01601844658589391,0,0,0,0,0.08825021901188451,0,0,0.04760698523942547,0,0.07610869601150433,0
0.34301641349443800,0.24166556472007802,0.01416634985702242,0.006757962941536189,0.10399304120729264,0,0,0.01601844658589391,0,0,0,0,0.09473255756293492,0,0,0.028365758111704276,0,0.07734342716408532,0
0.33735722904510800,0.23693242863518407,0.016738706424899608,0.014976642175903693,0.09071968131704655,0,0,0.01396056133159218,0,0,0,0,0.07662316732507973,0,0,0.03711177044248659,0,0.10306699284285692,0
0.3448685102233090,0.18538240301492587,0.01751041339526274,0.023195321410271197,0.08927916163903538,0,0,0.01396056133159218,0,0,0,0,0.08320840013884523,0,0,0.03592848642126312,0,0.10831460024132633,0
0.33396171837551000,0.24073951635564228,0.018282120365625876,0.011593993289145288,0.09294905700920675,0,0,0.01396056133159218,0,0,0,0,0.08794153622373924,0,0,0.02774839253541378,0,0.10183226169027587,0
0.3623605348848740,0.20287442767649053,0.023053841799037994,0.01529818674688832,0.09603588489065934,0,0,0.011388204763715049,0,0,0,0,0.08166498619811896,0,0,0.0271824740904808,0,0.11109274533463365,0
0.326347542934594,0.2365208515843237,0.027825563232450112,0.01483516256467049,0.08855890180002973,0,0,0.011388204763715049,0,0,0,0,0.09298335509677841,0,0,0.020108493528818605,0,0.10214094447842115,0
0.3181160019173870,0.2299356187705582,0.024995971007785223,0.009304595943734562,0.0919544124696276,0,0,0.011388204763715049,0,0,0,0,0.09586439445280087,0,0,0.017793372617729175,0,0.09946569364782887,0
0.35814187011355600,0.1858968743285013,0.024995971007785223,0.0120055703400056,0.09596728871551596,0,0,0.011388204763715049,0,0,0,0,0.08269392882526982,0,0,0.017921990446123026,0,0.10810881171589609,0.023323939238665048
0.3181160019173870,0.23451441346137955,0.022166378783120333,0.008147035488189847,0.0866039108084431,0,0,0.011388204763715049,0,0,0,0,0.09967148217325905,0,0,0.01396056133159218,0,0.11057827402105819,0.023323939238665048
0.3592737070034220,0.18034058414188664,0.01919530694722224,0.016121340848609056,0.0811505148845435,0,0,0.014989503958743045,0,0,0,0,0.08814732474916942,0,0,0.028571546637134515,0,0.11245609431560849,0.023323939238665048
0.31698416502752100,0.22437932858394355,0.016224235111324148,0.023169597844592438,0.06602505826542587,0,0,0.014989503958743045,0,0,0,0,0.09884832807153832,0,0,0.020365729185606363,0,0.15965883733615432,0.018693697416486188
0.3672994594951980,0.16171672259045605,0,0.03021785484057582,0.0835170829269905,0,0,0.014989503958743045,0,0,0,0,0.07837236979123618,0,0,0.020365729185606363,0.020545794145357732,0.15245623894609828,0.018693697416486188
0.35731871601183500,0.17715086199771896,0,0.027542604009983596,0.08763285343559396,0,0,0.014989503958743045,0,0,0,0,0.09905411659696856,0,0,0.015435379097175128,0.020545794145357732,0.1577038463445677,0.018693697416486188
0.3231578207904260,0.22139539496520605,0,0.027542604009983596,0.058822459875369826,0,0,0.014989503958743045,0,0,0,0,0.07744632142680047,0,0,0.015435379097175128,0.03340757698474356,0.20050785963404352,0.007375328517826685
0.3296401593414770,0.15945304881072414,0,0.02486735317939137,0.08475181407957155,0,0,0.014989503958743045,0,0,0,0,0.08804443048645427,0,0,0.01432069125109503,0.03340757698474356,0.16614117588720478,0.007375328517826685
0.3559296434651810,0.1522504504206681,0,0.020751582670787916,0.1073885518768905,0,0,0.014989503958743045,0,0,0,0,0.061703499231392234,0,0,0.01432069125109503,0.034333625349179275,0.18610266285393146,0.017664754789335324
0.32212887816327500,0.2120320170581332,0,0.01663581216218446,0.09277756657134828,0,0,0.014989503958743045,0,0,0,0,0.047298302451280194,0,0,0.022938085753483495,0.034333625349179275,0.2039033703036414,0.017664754789335324
0.32254045521413600,0.2047265244053621,0,0.02152328964115105,0.1015235789021306,0,0,0.014989503958743045,0,0,0,0,0.048635927866576334,0,0,0.02023711135721251,0.012520041653581004,0.19268789566769698,0.010462156399279277
0.36853419064777900,0.16089356848873532,0,0.02641076712011764,0.10100910758855519,0,0,0.020880200499181767,0,0,0,0,0.06448164432469955,0,0,0.02023711135721251,0.02178052529793878,0.1645463148151209,0.010462156399279277
0.3350935552653760,0.255967867237475,0,0.0195940222152432,0.10615382072430946,0,0,0.020880200499181767,0,0,0,0,0.04618933095312866,0,0,0.02641076712011764,0.01149109902643014,0.20884229491396555,0.010462156399279277
0.33036041918048200,0.196289194862725,0,0.028983123687994827,0.08372287145242069,0,0,0.020880200499181767,0,0,0,0,0.04618933095312866,0,0,0.02641076712011764,0.01149109902643014,0.1812666325063224,0.010462156399279277
0.36771103654605900,0.14710573728491383,0,0.023323939238665048,0.09977437643597414,0,0,0.020880200499181767,0,0,0,0,0.05379207369818778,0,0,0.02641076712011764,0.01187695251161175,0.19834708011702673,0.008575761582836072
0.3328298814856440,0.19433420387113837,0,0.01663581216218446,0.08518911469611068,0,0,0.020880200499181767,0,0,0,0,0.05379207369818778,0,0,0.018179226102910784,0.01187695251161175,0.13496421428453365,0.008575761582836072
0.3308062943189140,0.1949515694474289,0,0.02363262202681035,0.09823096249524788,0,0,0.020880200499181767,0,0,0,0,0.06252665333311297,0,0,0.013548984280731868,0.013034512967156464,0.19194191226301263,0.008575761582836072
0.36421263161374600,0.16459776194647846,0,0.030629431891436243,0.11767797814839914,0,0,0.020880200499181767,0,0,0,0,0.0572790459346435,0,0,0.03453941387460946,0.01432069125109503,0.18713160548108232,0.008575761582836072
0.3324183044347840,0.19189903965354801,0,0.019002380204631464,0.09882260450585961,0,0,0.015915552323178872,0,0,0,0,0.06158774318583776,0,0,0.03453941387460946,0.01432069125109503,0.12879055852162846,0.008575761582836072
0.3313207656324900,0.1979355030661664,0,0.019722640043637052,0.10584513793616424,0,0,0.015915552323178872,0,0,0,0,0.06203790558521627,0,0,0.017921990446123026,0.01432069125109503,0.17478429395527195,0.013857667068877144
0.36472710292732100,0.16253987669217673,0,0.03196705730673227,0.13187738640308105,0,0,0.015915552323178872,0,0,0,0,0.06718261872097059,0,0,0.017921990446123026,0.01432069125109503,0.10996090844476764,0.013857667068877144
0.31327997156977800,0.2039033703036414,0,0.025690507281112024,0.15039835369179655,0,0,0.014577926907882732,0,0,0,0,0.04647514834955946,0,0,0.017921990446123026,0.01432069125109503,0.1606877799633052,0.013857667068877144
0.37151812426651700,0.1666556472007802,0,0.025690507281112024,0.10954933139390732,0,0,0.014577926907882732,0,0,0,0,0.0752855419097836,0,0,0.030629431891436243,0.032378634357592695,0.11730069918511049,0.016978793037901396
0.3129712887816330,0.17807691036215478,0,0.019413957255491776,0.13465553149638837,0,0,0.006346385890675876,0,0,0,0,0.06798004925701245,0,0,0.024953098398320606,0.032378634357592695,0.11953007487727069,0.016978793037901396
0.31698416502752100,0.2172796244566026,0,0.01663581216218446,0.13589026264896936,0,0,0,0,0,0,0,0.05429511231590606,0,0,0.018282120365625876,0.032378634357592695,0.1574980578191375,0.016978793037901396
0.3148233855105040,0.16171672259045605,0,0.03644295773483858,0.14638547744590824,0,0,0,0,0,0,0,0.07747204499247917,0,0,0.02106026545893319,0.032378634357592695,0.1522847485082398,0.016978793037901396
0.30679763301872800,0.20801914081224485,0,0.038243607332352575,0.13043686672506988,0,0,0,0,0,0,0,0.07785789847766078,0,0,0.020751582670787916,0.032378634357592695,0.1522847485082398,0.013806219937519626
0.2882766657300120,0.20302876907056316,0,0.04004425692986657,0.12141646969371395,0,0,0,0,0,0,0,0.08131220586881005,0,0,0.015606869535033596,0.032378634357592695,0.14216681267458964,0.013806219937519626
0.3404440569265610,0.19803839732888148,0,0.021894852256511055,0.12141646969371395,0,0,0,0,0,0,0,0.07014082877402933,0,0,0.03392204829831896,0.032378634357592695,0.15194176763252287,0.013806219937519626
0.30648895023058200,0.21007702606654657,0,0.030635148239364807,0.12536074976445893,0,0,0,0,0,0,0,0.08145919767268878,0,0,0.03392204829831896,0.02733681548455341,0.1313629150895056,0.013806219937519626
0.30756933998909100,0.21738251871931769,0,0.03937544422221856,0.12381733582373261,0,0,0,0,0,0,0,0.08866179606274482,0,0,0.017664754789335324,0.02733681548455341,0.14816897799963635,0.013806219937519626
0.31271405312484500,0.2113117572191276,0,0.027645498272698715,0.12741863501876066,0,0,0,0,0,0,0,0.05985140250252069,0,0,0.02178052529793878,0.02733681548455341,0.14679705449676855,0.013806219937519626
0.3480582323674770,0.23271376386386552,0,0.015915552323178872,0.12807029868262287,0,0,0,0,0,0,0,0.06983214598588405,0,0,0.030526537628721095,0.02733681548455341,0.1574980578191375,0.013548984280731868
0.2954792641200680,0.19464288665928364,0,0.008507165407692696,0.10975511991933751,0,0,0,0,0,0,0,0.06067455660424137,0,0,0.01149109902643014,0.02733681548455341,0.11325352485165041,0.013548984280731868
0.3206883584852640,0.21599344617266403,0,0.017073112778723615,0.11469404452966164,0,0,0,0,0,0,0,0.06010863815930839,0,0,0.026513661382832787,0.038346501595067695,0.15631477379791403,0.013548984280731868
0.3242896576802920,0.21830856708375346,0,0.017073112778723615,0.11387089042794096,0,0,0,0,0,0,0,0.058822459875369826,0,0,0.026513661382832787,0.038346501595067695,0.14895783401378537,0.013548984280731868
0.34898428073191300,0.16562670457362932,0,0.025639060149754533,0.11387089042794096,0,0,0.024524372303674435,0,0,0,0,0.0667110200168598,0,0,0.028057075323559055,0.038346501595067695,0.12073050794228007,0.01416634985702242
0.3301546306550520,0.2062699383460884,0,0.025639060149754533,0.11541430436866723,0,0,0,0,0,0,0,0.06516760607613348,0,0,0.01676442999057831,0.038346501595067695,0.15348518157324914,0.01416634985702242
0.35824476437627100,0.1578581877386403,0,0.017664754789335324,0.11407667895337109,0,0,0,0,0,0,0,0.07909262963024177,0,0,0.027439709747268504,0.0269252384336931,0.11052682688970067,0.01416634985702242
0.3404440569265610,0.21913172118547417,0,0.017664754789335324,0.10646250351245473,0,0,0,0,0,0,0,0.07086108861303492,0,0,0.029703383527000415,0.0269252384336931,0.146179688920478,0.015349633878245894
0.3559296434651810,0.17128588902295905,0,0.016121340848609056,0.10238103109142299,0,0,0,0,0,0,0,0.06468743285012973,0,0,0.03505388518818486,0.028571546637134515,0.12261690275872328,0.015349633878245894
0.3355051323162370,0.20050785963404352,0,0.016121340848609056,0.1060252028959156,0,0,0,0,0,0,0,0.0740508107572026,0,0,0.024524372303674435,0.028571546637134515,0.13280343476751677,0.015349633878245894
0.36627051686804700,0.16192251111588618,0,0.016121340848609056,0.11511419610241491,0,0,0,0,0,0,0,0.050848154514950616,0,0,0.025896295806542236,0.028571546637134515,0.11078406254648837,0.016978793037901396
0.3009326600439680,0.20729888097323926,0,0.016121340848609056,0.11850113225011982,0,0,0,0,0,0,0,0.07044951156217455,0,0,0.029703383527000415,0.041639118001950415,0.1332150118183772,0.016978793037901396
0.31255971173077200,0.20801914081224485,0,0.013857667068877144,0.10954933139390732,0,0,0,0,0,0,0,0.07176998793368483,0,0,0.02979157860932763,0.041639118001950415,0.13691920527612023,0.016978793037901396
0.2963024182217890,0.18651423990479182,0,0.013857667068877144,0.10954933139390732,0,0,0,0,0,0,0,0.0913370468933371,0,0,0.015606869535033596,0.041639118001950415,0.12227392188300634,0.023015256450519828
0.3293314765533310,0.15646911519198664,0,0.013857667068877144,0.10378725268186251,0,0,0,0,0,0,0,0.06846879700490915,0,0,0.02486735317939137,0.041639118001950415,0.09998016496140433,0.023015256450519828
0.3023388816344070,0.20791624654952975,0,0.013857667068877144,0.11551719863138238,0,0,0,0,0,0,0,0.07631448453693446,0,0,0.03152689851622886,0.0418449065273806,0.13290632903023192,0.017664754789335324
0.3049969834212140,0.20184548504933966,0,0.013857667068877144,0.11721495396618126,0,0,0,0,0,0,0,0.06890609762144828,0,0,0.03601423164019235,0.0418449065273806,0.14041761020843319,0.017664754789335324
0.3294343708160470,0.14895783401378537,0,0.019208168730061648,0.10512487809715865,0,0,0.027825563232450112,0,0,0,0,0.07458733084135982,0,0,0.03601423164019235,0.0442114745698276,0.09370361493578405,0.01663581216218446
0.3040194879254200,0.2039033703036414,0,0.014063455594307328,0.11850113225011982,0,0,0.01187695251161175,0,0,0,0,0.07631448453693446,0,0,0.03001206631514569,0.0442114745698276,0.124674788013025,0.01663581216218446
0.31945362733268300,0.1961863006000099,0,0.013034512967156464,0.10543356088530387,0,0,0,0,0,0,0,0.07080229189148346,0,0,0.016893047818972162,0.0442114745698276,0.1359931569116845,0.01663581216218446
0.36853419064777900,0.14587100613233278,0,0.023838410552240508,0.10383869981322003,0,0,0.02679662060529925,0,0,0,0,0.07080229189148346,0,0,0.03961553083522035,0.01895093307327389,0.10795447032182348,0.025073141704821555
0.3235693978412870,0.18641134564207673,0,0.023838410552240508,0.11037248549562806,0,0,0,0,0,0,0,0.07333055091819701,0,0,0.014577926907882732,0.01895093307327389,0.12446899948759482,0.025073141704821555
0.37892651118200300,0.15348518157324914,0,0.015606869535033596,0.10090621332584004,0,0,0.025278930230251684,0,0,0,0,0.08638342310262503,0,0,0.037008876179771555,0.01895093307327389,0.09473255756293492,0.021471842509793504
0.3047397477644260,0.18229557513347328,0,0.025896295806542236,0.11397378469065605,0,0,0,0,0,0,0,0.08840456040595712,0,0,0.0282971619365609,0.04061017537479955,0.1247776822757401,0.02178052529793878
0.3210999355361250,0.18113801467792856,0,0.014920907783599668,0.11245609431560849,0,0,0,0,0,0,0,0.07631448453693446,0,0,0.0388609729086431,0.04061017537479955,0.12454617018463116,0.02178052529793878
0.3652415742408970,0.14288707251359523,0,0.01800773566505226,0.10808308815021733,0,0,0.021008818327575618,0,0,0,0,0.07868105257938146,0,0,0.017664754789335324,0.02949759500157023,0.09925990512239874,0.022637977487231176
0.3085697008765980,0.1853089071129865,0,0.029669085439428755,0.11313593140854744,0,0,0,0,0,0,0,0.0894849501644655,0,0,0.014577926907882732,0.039901348231651146,0.1202374729334369,0.022637977487231176
0.31039893221375600,0.18263855600919027,0,0.016121340848609056,0.11313593140854744,0,0,0,0,0,0,0,0.07854386022909471,0,0,0.03914393213110956,0.039901348231651146,0.012931618704441317,0.022637977487231176
0.3509392717235000,0.14762020859848923,0,0.004207920792079212,0.11249896692507316,0,0,0,0,0,0,0,0.07044951156217455,0,0,0.03608282781533573,0.04150192565166366,0.11918709400155375,0.021266053984363376
0.29517058133192300,0.18116373824360732,0,0.03181271591265966,0.10975511991933751,0,0,0.004159882807980242,0,0,0,0,0.09360072067306896,0,0,0.027645498272698688,0.04150192565166366,0.10481619530901337,0.021266053984363376
0.31327997156977800,0.18857212515909355,0,0.014920907783599668,0.1150713234929503,0,0,0,0,0,0,0,0.08464891981685646,0,0,0.041639118001950415,0.0271824740904808,0.12097059455528186,0.021266053984363376
0.38263070463974600,0.1913502702524009,0,0.014920907783599668,0.11345931337708065,0,0,0.013934837765913477,0,0,0,0,0.08242383138564274,0,0,0.019722640043637052,0.0271824740904808,0.11983875766541596,0.021523289641151078
0.31400023140878400,0.1576009520818526,0,0.014920907783599668,0.10790302319046596,0,0,0.013934837765913477,0,0,0,0,0.08242383138564274,0,0,0.04338832046810687,0.04194780079009569,0.09267467230863319,0.021523289641151078
0.28930560835716300,0.18239846939618837,0,0.030269301971933393,0.11374227259954711,0,0,0.013934837765913477,0,0,0,0,0.096070182978231,0,0,0.023838410552240508,0.04194780079009569,0.12044877365151258,0.02610208433197242
0.3153378568240800,0.19189903965354801,0,0.030269301971933393,0.10327278136828705,0,0,0.013934837765913477,0,0,0,0,0.08382576571513578,0,0,0.044108580307112455,0.017321773913618388,0.11721495396618126,0.02610208433197242
0.31636679945123100,0.19464288665928364,0,0.015092398221458192,0.11046251797550372,0,0,0.013934837765913477,0,0,0,0,0.07600580174878918,0,0,0.044108580307112455,0.017321773913618388,0.11721495396618126,0.023452557067058954
0.37861782839385800,0.18548529727764096,0,0.03176126878130214,0.1164432469958181,0,0,0.013934837765913477,0,0,0,0,0.09164572968148232,0,0,0.04338832046810687,0.03958123274764869,0.12151446422963308,0.023452557067058954
0.2852927321112750,0.16799327261607633,0,0.03176126878130214,0.1164432469958181,0,0,0.018979514812916987,0,0,0,0,0.09164572968148232,0,0,0.025999190069257327,0.03958123274764869,0.11116991603166992,0.023838410552240508
0.3172156771186300,0.1997018545761087,0,0.03176126878130214,0.10821170597861118,0,0,0.018979514812916987,0,0,0,0,0.07763741077184272,0,0,0.042359377840956,0.008507165407692696,0.11116991603166992,0.023838410552240508
0.3241867634175770,0.20133958825765716,0,0.014878035174135051,0.10589658506752175,0,0,0.018979514812916987,0,0,0,0,0.07721480933569147,0,0,0.042359377840956,0.008507165407692696,0.11541430436866723,0.027233921221838375
0.3725470668936680,0.20297732193920562,0,0.014878035174135051,0.09174862394419742,0,0,0.018979514812916987,0,0,0,0,0.08691259359658837,0,0,0.019894130481495576,0.030938114679581408,0.11716350683482368,0.027233921221838375
0.3182188961801020,0.15657200945470173,0,0.0195940222152432,0.10162647316484569,0,0,0.018979514812916987,0,0,0,0,0.08886758458817501,0,0,0.04133043521380514,0.030938114679581408,0.11215598604935617,0.027233921221838375
0.356186879121969,0.2039033703036414,0,0.0195940222152432,0.1130991834575778,0,0,0.018979514812916987,0,0,0,0,0.09218959935583348,0,0,0.03892956908378653,0.024524372303674435,0.11592877568224269,0.1905271161506802
0.3073978495512320,0.14731152581034396,0,0.0195940222152432,0.10563934941073405,0,0,0.012905895138762613,0,0,0,0,0.09218959935583348,0,0,0.028082798889237814,0.040301492586654275,0.12621820195375127,0.015949850410750532
0.3116851104976940,0.1913502702524009,0,0.012871287128712827,0.10589658506752175,0,0,0.012905895138762613,0,0,0,0,0.09360072067306896,0,0,0.03649440486619615,0.010256367873849148,0.10954933139390732,0.02023711135721251
0.3532029455032310,0.20503520719350735,0,0.031041008942296555,0.098436751020678,0,0,0.019722640043637052,0,0,0,0,0.08752995917287887,0,0,0.03649440486619615,0.03453941387460946,0.12025033471627627,0.02023711135721251
0.30257896824740900,0.19248210714226682,0,0.020751582670787916,0.11664903552124828,0,0,0.019722640043637052,0,0,0,0,0.09545281740194056,0,0,0.026307872857402548,0.03988991553579396,0.1281731929453379,0.014783715433312916
0.34167878807914200,0.14226970693730479,0,0.015346534653465305,0.10831460024132633,0,0,0.01581265806046378,0,0,0,0,0.08156209193540392,0,0,0.026307872857402548,0.028159969586274092,0.10954933139390732,0.014783715433312916
0.31111919205276100,0.19083579893882546,0,0.015346534653465305,0.1073885518768905,0,0,0.01581265806046378,0,0,0,0,0.09751070265624229,0,0,0.03083522041686637,0.028159969586274092,0.12889345278434355,0.018693697416486188
0.36555025702904200,0.15338228731053405,0,0.02178052529793878,0.10924064860576205,0,0,0.02311815071323492,0,0,0,0,0.08156209193540392,0,0,0.017664754789335324,0.019722640043637052,0.014577926907882732,0.018693697416486188
0.3121481346799120,0.19145316451511596,0,0.012520041653581004,0.10109485280748437,0,0,0.016893047818972162,0,0,0,0,0.09329203788492368,0,0,0.02178052529793878,0.010770839187424552,0.11294484206350519,0.025484718755681923
0.36328658324931000,0.16480355047190864,0,0.012520041653581004,0.11407667895337109,0,0,0.01895093307327389,0,0,0,0,0.09240600395598825,0,0,0.02178052529793878,0.03073232615415128,0.014577926907882732,0.025484718755681923
0.3129712887816330,0.1934853262037389,0,0.012520041653581004,0.09882260450585961,0,0,0.01895093307327389,0,0,0,0,0.09240600395598825,0,0,0.02778269062298544,0.03073232615415128,0.10224383874113618,0.026067786244400704
0.3092964936846650,0.1874402882692276,0,0.014577926907882732,0.09166287872526818,0,0,0.019722640043637052,0,0,0,0,0.10419882973272288,0,0,0.026616555645547824,0.023426833501380195,0.1359931569116845,0.023323939238665048
0.365756045554472,0.1576009520818526,0,0.020751582670787916,0.10306699284285692,0,0,0.019722640043637052,0,0,0,0,0.10419882973272288,0,0,0.020751582670787916,0.023426833501380195,0.1359931569116845,0.023323939238665048
0.3119423461544820,0.19155605877783105,0,0.013548984280731868,0.08840456040595712,0,0,0.01895093307327389,0,0,0,0,0.10529636853501712,0,0,0.0269252384336931,0.013651878543447016,0.12405742243673445,0.023632622026810324
0.31348576009520800,0.19556893502371941,0,0.016121340848609056,0.09740780839352714,0,0,0.01895093307327389,0,0,0,0,0.1014206846394155,0,0,0.027131026959123228,0.013651878543447016,0.09998016496140433,0.023632622026810324
0.35721582174912000,0.16480355047190864,0,0.01905940594059402,0.09689333707995174,0,0,0.01895093307327389,0,0,0,0,0.10821170597861118,0,0,0.02178052529793878,0.03803781880692242,0.015606869535033596,0.01526388865931666
0.3233636093158560,0.19855286864245691,0,0.01905940594059402,0.10635960924973964,0,0,0.01895093307327389,0,0,0,0,0.09915701085968359,0,0,0.018693697416486188,0.03803781880692242,0.08825021901188451,0.01526388865931666
0.36338947751202500,0.16994826360766296,0,0.01905940594059402,0.08289971735069995,0,0,0.01895093307327389,0,0,0,0,0.09717915447638253,0,0,0.018693697416486188,0.013034512967156464,0.11057827402105819,0.01663581216218446
0.3192919363484170,0.19895158391047787,0,0.01905940594059402,0.10306699284285692,0,0,0.01895093307327389,0,0,0,0,0.09717915447638253,0,0,0.02558761301839696,0.013034512967156464,0.10563934941073405,0.01663581216218446
0.3200945594142052,0.20158824939255196,0,0.01905940594059402,0.11664903552124828,0,0,0.01895093307327389,0,0,0,0,0.1073885518768905,0,0,0.021952015735797303,0.013034512967156464,0.1128419478007901,0.01663581216218446
0.31180394518917600,0.21491305641415562,0,0.01905940594059402,0.11037248549562806,0,0,0.01895093307327389,0,0,0,0,0.09998016496140433,0,0,0.015606869535033596,0.013034512967156464,0.10193515595299091,0.01663581216218446
0.3562897733846840,0.17396113985355133,0,0.01905940594059402,0.09041099852890128,0,0,0.01895093307327389,0,0,0,0,0.10646250351245473,0,0,0.018179226102910784,0.013034512967156464,0.09648176002909142,0.012520041653581004
0.32151151258698500,0.21799988429560818,0,0.01905940594059402,0.09912271277211193,0,0,0.01895093307327389,0,0,0,0,0.08691259359658837,0,0,0.02558761301839696,0.013034512967156464,0.0976037974653654,0.012520041653581004
0.3091127539298170,0.254733136084894,0,0.01905940594059402,0.08506049686771683,0,0,0.01895093307327389,0,0,0,0,0.09318914362220859,0,0,0.02558761301839696,0.013034512967156464,0.10701127291360185,0.012520041653581004
0.3240324220235050,0.254733136084894,0,0.01905940594059402,0.08506049686771683,0,0,0.01895093307327389,0,0,0,0,0.09318914362220859,0,0,0.017664754789335324,0.013034512967156464,0.10049463627497973,0.012520041653581004
