,HDZ,SDP,BM 365,KH,MOST,IDS,HSS,HNS-LD,Pametno,Glas,NHR,START,DPMÅ ,Green-Left,HDSSB,Centar,Fokus,MoÅ¾emo!,RF
2014-01-12,0.3242896576802923,0.38988475016115975,0.03309889419659828,nan,nan,nan,nan,nan,nan,nan,nan,nan,nan,nan,nan,nan,nan,nan,nan
2014-02-10,0.31616101092580046,0.3778975685548522,0.0239413048149556,nan,nan,nan,nan,nan,nan,nan,nan,nan,nan,nan,nan,nan,nan,nan,nan
2014-03-01,0.29887477478966595,0.31904205028182286,0.04359410899353705,nan,nan,nan,nan,nan,nan,nan,nan,nan,nan,nan,nan,nan,nan,nan,nan
2014-03-07,0.2913634936114647,0.3500132233590638,0.025073141704821555,nan,nan,nan,nan,nan,nan,nan,nan,nan,nan,nan,nan,nan,nan,nan,nan
2014-03-30,0.2765173214197165,0.29887477478966595,0.05388353526504569,nan,nan,nan,nan,nan,nan,nan,nan,nan,nan,nan,nan,nan,nan,nan,nan
2014-04-10,0.27884469164779585,0.3087526240103142,0.019825534306352144,nan,nan,nan,nan,nan,nan,nan,nan,nan,nan,nan,nan,nan,nan,nan,nan
2014-04-29,0.2942445329674871,0.27798723945850345,0.04930474057422435,nan,nan,nan,nan,nan,nan,nan,nan,nan,nan,nan,nan,nan,nan,nan,nan
2014-05-05,0.2663601877716987,0.2591575893816427,nan,nan,nan,nan,nan,nan,nan,nan,nan,nan,nan,nan,nan,nan,nan,nan,nan
2014-05-17,0.3098844609001802,0.25308682788145265,0.0358770392899056,nan,nan,nan,nan,nan,nan,nan,nan,nan,nan,nan,nan,nan,nan,nan,nan
2014-06-08,0.28724772310286123,0.2510289426271509,nan,nan,nan,nan,nan,nan,nan,nan,nan,nan,nan,nan,nan,nan,nan,nan,nan
2014-06-27,0.3674023537579134,0.2652283508818328,0.05563273773120214,nan,nan,nan,nan,nan,nan,nan,nan,nan,nan,nan,nan,nan,nan,nan,nan
2014-07-06,0.2882766657300121,0.23785847699961984,nan,nan,nan,nan,nan,nan,nan,nan,nan,nan,nan,nan,nan,nan,nan,nan,nan
2014-07-24,0.34301641349443796,0.26255310005124055,0.05645589183292282,nan,nan,nan,nan,nan,nan,nan,nan,nan,nan,nan,nan,nan,nan,nan,nan
2014-08-06,0.3528942627150862,0.29568505264549827,0.03196705730673227,nan,nan,nan,nan,nan,nan,nan,nan,nan,nan,nan,nan,nan,nan,nan,nan
2014-08-28,0.34250194218086255,0.2498971057372849,0.07250739681647628,nan,nan,nan,nan,nan,nan,nan,nan,nan,nan,nan,nan,nan,nan,nan,nan
2014-09-06,0.3630807947238798,0.2972284665862246,0.02610208433197242,nan,nan,nan,nan,nan,nan,nan,nan,nan,nan,nan,nan,nan,nan,nan,nan
2014-09-27,0.3508363774607845,0.24296889204780245,0.04554909998512374,nan,nan,nan,nan,nan,nan,nan,nan,nan,nan,nan,nan,nan,nan,nan,nan
2014-10-08,0.31065616787054334,0.2376526884741897,0.0269252384336931,nan,nan,nan,nan,nan,nan,nan,nan,nan,nan,nan,nan,nan,nan,nan,nan
2014-10-25,0.36338947751202505,0.25809434866692016,0.05604431478206251,nan,nan,nan,nan,nan,nan,nan,nan,nan,nan,nan,nan,nan,nan,nan,nan
2014-11-07,0.31574943387494014,0.25509326600439675,0.025896295806542236,nan,nan,nan,nan,nan,nan,nan,nan,nan,nan,nan,nan,nan,nan,nan,nan
2014-11-25,0.3486755979437677,0.2367266401097539,0.037008876179771555,nan,nan,nan,nan,nan,nan,nan,nan,nan,nan,nan,nan,nan,nan,nan,nan
2014-12-05,0.3176015306038117,0.25308682788145265,0.02178052529793878,nan,nan,nan,nan,nan,nan,nan,nan,nan,nan,nan,nan,nan,nan,nan,nan
2014-12-20,0.37285574968181295,0.26245020578852546,0.038140713069637455,nan,nan,nan,nan,nan,nan,nan,nan,nan,nan,nan,nan,nan,nan,nan,nan
2015-01-08,0.38263070463974613,0.3007268715185375,0.016532917899469368,0.0925717780459181,nan,nan,nan,nan,nan,nan,nan,nan,nan,nan,nan,nan,nan,nan,nan
2015-01-26,0.3427077307062927,0.27809013372121855,0.034333625349179275,0.13095133803864528,nan,nan,nan,nan,nan,nan,nan,nan,nan,nan,nan,nan,nan,nan,nan
2015-02-04,0.3780004628175673,0.3150291740359345,0.019722640043637052,0.1014206846394155,nan,nan,nan,nan,nan,nan,nan,nan,nan,nan,nan,nan,nan,nan,nan
2015-02-26,0.35526083075753323,0.2768554025686375,0.025741954412469625,0.16747880130250087,nan,nan,nan,nan,nan,nan,nan,nan,nan,nan,nan,nan,nan,nan,nan
2015-03-04,0.40578191375064054,0.3352993437908065,0.020648688408072824,0.08886758458817501,nan,nan,nan,nan,nan,nan,nan,nan,nan,nan,nan,nan,nan,nan,nan
2015-03-26,0.3499103290963487,0.28642456900114055,0.03608282781533573,0.13702209953883537,nan,nan,nan,nan,nan,nan,nan,nan,nan,nan,nan,nan,nan,nan,nan
2015-04-04,0.3972416899452884,0.3302575249177673,0.016738706424899608,0.09339493214763883,nan,nan,nan,nan,nan,nan,nan,nan,nan,nan,nan,nan,nan,nan,nan
2015-04-23,0.36976892180036036,0.2450610753896759,0.03309889419659828,0.1754016595315625,0.041759161308451365,nan,nan,nan,nan,nan,nan,nan,nan,nan,nan,nan,nan,nan,nan
2015-05-06,0.3914649120528557,0.3181160019173871,0.033999218995355296,0.06828873204515773,0.03910105952164494,nan,nan,nan,nan,nan,nan,nan,nan,nan,nan,nan,nan,nan,nan
2015-05-18,0.39408626588869244,0.323980974892147,0.006449280153390968,0.04287384915453146,0.017356072001190048,nan,nan,nan,nan,nan,nan,nan,nan,nan,nan,nan,nan,nan,nan
2015-05-24,0.34898428073191295,0.30185870840840345,0.05089960164630819,0.10080331906312501,0.04381704656275309,nan,nan,nan,nan,nan,nan,nan,nan,nan,nan,nan,nan,nan,nan
2015-06-05,0.36647630539347764,0.31904205028182286,0.03196705730673227,0.06705400089257674,0.04561769616026712,nan,nan,nan,nan,nan,nan,nan,nan,nan,nan,nan,nan,nan,nan
2015-06-24,0.34085563397742114,0.34898428073191295,0.036391510603481,0.0866039108084431,0.04112464668837501,nan,nan,nan,nan,nan,nan,nan,nan,nan,nan,nan,nan,nan,nan
2015-07-03,0.36153738078315345,0.3336530355873651,0.034299327261607615,0.06468743285012973,0.03910105952164494,nan,nan,nan,nan,nan,nan,nan,nan,nan,nan,nan,nan,nan,0.3314922560703483
2015-07-25,0.3725470668936677,0.3231578207904263,0.03762624175606205,0.09998016496140433,0.03381915403560387,nan,nan,nan,nan,nan,nan,nan,nan,nan,nan,nan,nan,nan,nan
2015-07-31,0.2907461280351742,0.2947590042810625,0.04318253194267674,0.0513111786971685,nan,nan,nan,nan,nan,nan,nan,nan,nan,nan,nan,nan,nan,nan,nan
2015-08-03,0.38407122431775736,0.3540260996049522,0.03083522041686637,0.06911188614687847,0.023735516289525416,nan,nan,nan,nan,nan,nan,nan,nan,nan,nan,nan,nan,nan,nan
2015-08-21,0.3086497297475992,0.3207455219645504,0.03155548025587196,0.0382436073323526,nan,nan,nan,nan,nan,nan,nan,nan,nan,nan,nan,nan,nan,nan,nan
2015-08-25,0.38619770574720247,nan,0.04565199424783878,0.08248814029983964,0.035542632936081564,nan,nan,nan,nan,nan,nan,nan,nan,nan,nan,nan,nan,nan,nan
2015-09-04,0.3902706036463413,0.37048918163936595,0.0239413048149556,0.049870659019157326,0.04266806062910128,nan,nan,nan,nan,nan,nan,nan,nan,nan,nan,nan,nan,nan,nan
2015-09-24,0.36647630539347764,0.3201738871716888,0.052443015587034514,0.08331129440156038,0.03978702127307887,nan,nan,nan,nan,nan,nan,nan,nan,nan,nan,nan,nan,nan,nan
2015-10-04,0.3881869948263608,0.3232607150531414,0.021677631035223688,0.04266806062910128,0.05779351724821896,nan,nan,nan,nan,nan,nan,nan,nan,nan,nan,nan,nan,nan,nan
2015-10-19,0.3838654357923272,0.37666283740227113,0.034024942561034,0.046578042612274606,0.074565282070778,nan,nan,nan,nan,nan,nan,nan,nan,nan,nan,nan,nan,nan,nan
2015-11-20,0.3060259260483644,0.34332509628258323,0.02774839253541378,0.04338832046810687,0.2078133522868147,0.020751582670787916,0.017793372617729175,0.01447503264516764,nan,nan,nan,nan,nan,nan,nan,nan,nan,nan,nan
2015-12-03,0.3098844609001802,0.3141717218466421,0.028854505859600976,0.0382436073323526,0.1761219193705681,0.019722640043637052,0.02558761301839696,0.03258442288302282,nan,nan,nan,nan,nan,nan,nan,nan,nan,nan,nan
2015-12-20,0.3182188961801022,0.31605811666308536,0.04019859832393918,0.0496648704937272,0.16881642671779695,0.020751582670787916,nan,0.013548984280731868,nan,nan,nan,nan,nan,nan,nan,nan,nan,nan,nan
2016-01-05,0.33118357328220305,0.29362716739119654,0.02486735317939137,0.03628861634076597,0.14422469792889137,0.016224235111324148,0.022192102348799092,0.028365758111704276,nan,nan,nan,nan,nan,nan,nan,nan,nan,nan,nan
2016-01-20,0.31091340352733104,0.3354022380535216,0.049047504917436646,0.04493173440883319,0.15965883733615432,0.024970247442106464,0.02178052529793878,0.01882231524488004,nan,nan,nan,nan,nan,nan,nan,nan,nan,nan,nan
2016-02-01,0.35279136845237113,0.2903345509843138,0.020648688408072824,0.03896386717135819,0.1194271806145556,0.017047389213044772,nan,0.03073232615415128,nan,nan,nan,nan,nan,nan,nan,nan,nan,nan,nan
2016-02-20,0.32202598390056036,0.33869485446040437,0.033716259772888835,0.06900899188416332,0.11531141010595214,0.025381824492966776,0.02188341956065387,0.018179226102910784,nan,nan,nan,nan,nan,nan,nan,nan,nan,nan,nan
2016-02-29,0.3456916643250302,0.29228954197590046,0.020751582670787916,0.04956197623101205,0.10337567563100214,0.017356072001190048,0.023323939238665048,0.029703383527000415,nan,nan,nan,nan,nan,nan,nan,nan,nan,nan,nan
2016-03-19,0.3314922560703483,0.3328298814856444,0.04318253194267674,0.07127266566389528,0.08547207391857714,0.019516851518206924,nan,0.024352881865815912,nan,nan,nan,nan,nan,nan,nan,nan,nan,nan,nan
2016-04-03,0.34764665531661687,0.3077236813831634,0.019825534306352144,0.06880320335873319,0.07538843617249874,0.016224235111324148,0.03392204829831896,0.029291806476140103,nan,nan,nan,nan,nan,nan,nan,nan,nan,nan,nan
2016-04-19,0.31842468470553237,0.3384890659349742,0.052751698375179734,0.07600580174878918,0.07919552389295692,0.019928428569067236,0.016738706424899608,0.023323939238665048,nan,nan,nan,nan,nan,nan,nan,nan,nan,nan,nan
2016-05-04,0.339518008562125,0.31358865435792327,0.0209573711962181,0.08588365096943751,0.06777426073158233,0.01529818674688832,0.03438507248053685,0.03844939585778273,nan,nan,nan,nan,nan,nan,nan,nan,nan,nan,nan
2016-05-20,0.315646539612225,0.3352993437908065,0.0496648704937272,0.08722127638473365,0.0905910634886527,0.01715028347575992,nan,0.020545794145357732,nan,nan,nan,nan,nan,nan,nan,nan,nan,nan,nan
2016-06-01,0.3069005272814427,0.3205854642225492,0.0269252384336931,0.08866179606274482,0.07672606158779482,0.014577926907882732,0.034848096662754735,0.03906676143407328,nan,nan,nan,nan,nan,nan,nan,nan,nan,nan,nan
2016-06-26,0.24691317211854744,0.3558781963338237,0.027660197453086566,0.08999942147804096,0.1401089274202879,0.016709308064123796,0.021368948247078468,0.0158641051918213,nan,nan,nan,nan,nan,nan,nan,nan,nan,nan,nan
2016-07-02,0.2644051967801121,0.3534087340286617,0.025210334055108308,0.063864278748409,0.1157229871568125,nan,0.0342650291740359,0.03896386717135819,nan,nan,nan,nan,nan,nan,nan,nan,nan,nan,nan
2016-07-14,0.30659184449329746,0.36946023901221514,0.046578042612274606,0.07559422469792887,0.12508636506388532,0.01468082117059788,0.03181271591265966,0.01848790889105606,nan,nan,nan,nan,nan,nan,nan,nan,nan,nan,nan
2016-07-30,0.29959503462867154,0.31605811666308536,0.021986313823368964,0.07003793451131418,0.12261690275872328,0.01529818674688832,0.026822344170978007,0.0358770392899056,nan,nan,nan,nan,nan,nan,nan,nan,nan,nan,nan
2016-10-03,0.3469263954776112,0.34383956759615864,0.02229499661151424,0.06355559596026383,0.1242632109621647,nan,0.025484718755681923,0.03412783682374915,0.01852220697862772,nan,nan,nan,nan,nan,nan,nan,nan,nan,nan
2016-10-21,0.3808815021735897,0.3066947387560125,0.046578042612274606,0.05738194019735865,0.10882907155490174,0.031041008942296555,nan,0.034856671184647636,0.02733681548455341,nan,nan,nan,nan,nan,nan,nan,nan,nan,nan
2016-11-03,0.36256632341030437,0.27479751731433577,nan,0.05161986148531378,0.1182953437246897,0.020854476933503008,0.02924035934478253,0.0382436073323526,0.02486735317939137,nan,nan,nan,nan,nan,nan,nan,nan,nan,nan
2016-11-21,0.3684312963850643,0.2919808591877552,0.017836245227193848,0.0835170829269905,0.1194271806145556,0.026668002776905397,nan,nan,0.030783773285508853,nan,nan,nan,nan,nan,nan,nan,nan,nan,nan
2016-12-01,0.35958238979156687,0.26358204267839136,0.0269252384336931,0.0537806410023306,0.10193515595299091,0.02106026545893319,0.030140684143539542,0.04503462867154828,0.024352881865815912,nan,nan,nan,nan,nan,nan,nan,nan,nan,nan
2016-12-19,0.3713123357410867,0.29012876245888364,0.028983123687994827,0.08578075670672242,0.1093435428684772,0.02610208433197242,0.023666920114381984,nan,0.022809467925089644,nan,nan,nan,nan,nan,nan,nan,nan,nan,nan
2017-01-04,0.3747078464106845,0.26018653200879355,0.022980958362948167,0.05645589183292282,0.10337567563100214,0.018899485941916372,0.02826286384898924,0.04266806062910128,0.025767677978148384,nan,nan,nan,nan,nan,nan,nan,nan,nan,nan
2017-01-22,0.3622576406221591,0.2851898378485595,0.04225648357824091,0.10419882973272288,0.09679044281723659,0.022809467925089644,0.03711177044248659,0.020065620919353988,0.02610208433197242,nan,nan,nan,nan,nan,nan,nan,nan,nan,nan
2017-02-01,0.3980648440470091,0.24218003603365346,nan,0.07014082877402933,0.086501016545728,0.02422426403742206,0.029291806476140103,0.04822435081571591,0.018179226102910784,nan,nan,nan,nan,nan,nan,nan,nan,nan,nan
2017-02-20,0.3789951073571464,0.26183284021223496,0.03464230813732455,0.09946569364782887,0.09462966330021982,0.027954181060843963,0.03721466470520174,0.020622964842394065,0.02445577612853106,nan,nan,nan,nan,nan,nan,nan,nan,nan,nan
2017-03-05,0.3817818269723467,0.23713821716061426,0.025896295806542236,0.09123415263062196,0.09565860592737069,0.019722640043637052,0.025381824492966776,0.0478127737648556,0.023221044975949956,nan,nan,nan,nan,nan,nan,nan,nan,nan,nan
2017-03-20,0.36201755400915725,0.2522636737797319,0.03875807864592801,0.08145919767268878,0.09560715879601317,0.03597993355262069,0.028468652374419368,0.03217284583216251,0.024661564653961188,nan,nan,nan,nan,nan,nan,nan,nan,nan,nan
2017-04-02,0.364289802310782,0.25092604836443577,0.016224235111324148,0.08467464338253522,0.11345931337708065,0.01931106299277674,0.027568327575662355,0.04431436883254264,0.024009900990098976,nan,nan,nan,nan,nan,nan,nan,nan,nan,nan
2017-04-19,0.3643155258764608,0.2659486107208384,0.03546546223904529,0.09185151820691251,0.08840456040595712,0.03896386717135819,0.031041008942296555,nan,0.02733681548455341,nan,nan,nan,nan,nan,nan,nan,nan,nan,nan
2017-05-01,0.3509392717234996,0.2575112811782013,0.017253177738475012,0.08853317823435097,0.11798666093654442,0.02178052529793878,0.02936897717317638,0.043285426205391775,0.026153531463329938,nan,nan,nan,nan,nan,nan,nan,nan,nan,nan
2017-05-20,0.36925445048678496,0.27500330583976595,0.03855229012049782,0.08557496818129223,0.10286120431742674,0.03165837451858711,0.025381824492966776,0.03412783682374915,0.02826286384898924,nan,nan,nan,nan,nan,nan,nan,nan,nan,nan
2017-06-01,0.3830422816906065,0.2388874196267707,0.02023711135721251,0.07106687713846505,0.08331129440156038,0.022192102348799092,0.0345136903089307,0.038114989503958696,0.025724805368683712,nan,nan,nan,nan,nan,nan,nan,nan,nan,nan
2017-06-21,0.3784377634341064,0.2800451247128052,0.0418449065273806,0.08084183209639823,0.08413444850328106,0.03161264373515815,0.03772913601877714,0.027439709747268504,0.02404419907767069,nan,nan,nan,nan,nan,nan,nan,nan,nan,nan
2017-06-29,0.39096513991966814,0.24218003603365346,0.027954181060843963,0.0716842427147556,0.07538843617249874,0.016430023636754332,0.030355047190862627,0.03292740375873976,0.022123506173655716,nan,nan,nan,nan,nan,nan,nan,nan,nan,nan
2017-07-21,0.37573678903783536,0.2721222664837436,0.05480958362948146,0.08711838212201856,0.07127266566389528,nan,0.03268731714573797,0.025484718755681923,0.019379659167920116,nan,nan,nan,nan,nan,nan,nan,nan,nan,nan
2017-08-02,0.39003909155523236,0.2514405196780112,0.03248152862030773,0.0795042066811022,0.09092546984247674,0.02188341956065387,0.030140684143539542,0.02705385626208695,0.015092398221458192,nan,nan,nan,nan,nan,nan,nan,nan,nan,nan
2017-08-21,0.3737817980462487,0.2532926164068828,0.05254590984974955,0.08094472635911337,0.0764173787996496,0.02486735317939137,0.03532826988875848,0.015478251706639745,0.018899485941916372,nan,nan,nan,nan,nan,nan,nan,nan,nan,nan
2017-09-02,0.3913767169705285,0.25946627216978796,0.028880229425279735,0.07250739681647628,0.09061678705433146,0.01581265806046378,0.03387060116696139,0.02255223226830194,0.01946540438684935,nan,nan,nan,nan,nan,nan,nan,nan,nan,nan
2017-09-21,0.36019975536785737,0.26677176482255904,0.046578042612274606,0.10193515595299091,0.08516339113043192,0.029626212829964083,0.03361336551017369,0.014989503958743045,0.020751582670787916,nan,nan,nan,nan,nan,nan,nan,nan,nan,nan
2017-10-03,0.38736384072464014,0.24722185490669268,0.02908601795070992,0.07857815831666637,0.09236598952048797,0.01715028347575992,0.03605710424965697,nan,0.02023711135721251,nan,0.018693697416486188,nan,nan,nan,nan,nan,nan,nan,nan
2017-10-25,0.3563926676473992,0.2562765500256203,0.048430139341146095,0.11716350683482368,0.0776521099522306,0.0271824740904808,0.023323939238665048,0.01468082117059788,nan,nan,nan,nan,nan,nan,nan,nan,nan,nan,0.2676978131869948
2017-10-31,0.3623605348848742,0.2575112811782013,0.02924035934478253,0.08866179606274482,0.10286120431742674,0.01931106299277674,0.0382436073323526,0.015606869535033596,0.011388204763715049,nan,nan,nan,nan,nan,nan,nan,nan,nan,nan
2017-11-18,0.33787170035868364,0.26574282219540823,0.040301492586654275,0.13270054050480173,0.08591794905700917,0.029806277789715507,0.026822344170978007,0.02486735317939137,0.022192102348799092,nan,nan,nan,nan,nan,nan,nan,nan,nan,nan
2017-12-01,0.3553637250202483,0.23796137126233494,0.02679662060529925,0.12858476999619828,0.08866179606274482,0.014886609696028008,0.04266806062910128,0.018590803153771096,0.008507165407692696,nan,nan,nan,nan,nan,nan,nan,nan,nan,nan
2017-12-19,0.35135084877435996,0.2581286467544918,0.02733681548455341,0.13805104216598624,0.1308484437759302,0.023323939238665048,0.032378634357592695,0.03001206631514569,0.03577414502719051,nan,nan,nan,nan,nan,nan,nan,nan,nan,nan
2018-01-01,0.3456916643250302,0.20915097770211077,0.02988344848675184,0.13727933519562308,0.08274537595662734,nan,0.04040438684936942,0.02023711135721251,0.016978793037901396,nan,0.018179226102910784,nan,nan,nan,nan,nan,nan,nan,nan
2018-01-19,0.3314922560703483,0.24609001801682673,0.04009570406122415,0.1440532074910329,0.08544635035289838,0.03181271591265966,0.02476445891667628,nan,0.028983123687994827,nan,nan,nan,nan,nan,nan,nan,nan,nan,nan
2018-01-29,0.3506305889353543,0.23096456139770907,0.023838410552240508,0.14302426486388203,0.07609399683111645,0.017356072001190048,0.03690598191705646,0.025510442321360682,0.013754772806162052,nan,nan,nan,nan,nan,nan,nan,nan,nan,nan
2018-02-16,0.3302575249177673,0.2531897221441677,0.02936897717317638,0.1379481479032711,0.07515692408138974,0.03176126878130214,0.028468652374419368,0.025176035967536647,0.03937544422221856,nan,nan,nan,nan,nan,nan,nan,nan,nan,nan
2018-03-13,0.3208941470106944,0.22036645233805519,0.0352596737136151,0.14185812988644436,0.0752855419097836,0.030526537628721095,0.03309889419659828,0.02424998760310082,0.03597993355262069,nan,nan,nan,nan,nan,nan,nan,nan,nan,nan
2018-03-28,0.3447656159605944,0.21079728590555216,0.04688672540041977,0.13262051163380112,0.07929841815567196,0.02229499661151424,0.03137174050102359,0.025381824492966776,0.019159171462101998,nan,nan,nan,nan,nan,nan,nan,nan,nan,nan
2018-03-31,0.31914494454453796,0.24969131721185475,0.02824571480520338,nan,0.0866039108084431,nan,0.02769694540405626,nan,nan,nan,nan,nan,nan,nan,nan,nan,nan,nan,nan
2018-04-13,0.30679763301872764,0.2517492024661565,0.03721466470520174,0.1546170184631151,0.09802517396981769,0.03083522041686637,0.05347195821418532,0.023838410552240508,0.03453941387460946,nan,nan,nan,nan,nan,nan,nan,nan,nan,nan
2018-04-28,0.3091642010611746,0.2009194366849039,0.02864014281227789,0.13496421428453365,0.08104762062182846,nan,0.03134969173044183,0.013651878543447016,0.022637977487231176,nan,nan,nan,nan,nan,nan,nan,nan,nan,nan
2018-05-20,0.2970226780607944,0.24310608439808923,0.04133043521380514,0.15019256516636642,0.09102836410519183,0.025896295806542236,0.04416002743847003,0.018436461759698486,nan,nan,nan,nan,nan,nan,nan,nan,nan,nan,nan
2018-06-01,0.2924953305013306,0.20421205309178667,0.02705385626208695,0.1634659250566125,0.08789008909238166,nan,0.037986371675564845,0.023838410552240508,0.020134217094497364,nan,0.022809467925089644,nan,nan,nan,nan,nan,nan,nan,nan
2018-06-08,0.3126773051738754,0.2262314253128151,nan,0.15585174961569614,0.09390940346121424,0.0269252384336931,nan,nan,nan,nan,0.04452015735797288,nan,nan,nan,nan,nan,nan,nan,nan
2018-06-17,0.3102274417758971,0.24464949833881552,nan,0.14257838972545,0.08248814029983964,0.0269252384336931,0.032995999933883136,0.022809467925089644,0.03858658820806954,nan,nan,nan,nan,nan,nan,nan,nan,nan,nan
2018-06-29,0.2943474272302022,0.2090480834393957,0.03258442288302282,0.15708648076827714,0.08866179606274482,0.022089208086084056,0.027954181060843963,nan,0.019722640043637052,0.026067786244400704,nan,nan,nan,nan,nan,nan,nan,nan,nan
2018-07-15,0.30515132481528623,0.22046934660077028,0.03206995156944742,0.15862989470900346,0.08773574769830905,0.03258442288302282,0.03464230813732455,0.015092398221458192,0.02960048926428538,0.010873733450139644,nan,nan,nan,nan,nan,nan,nan,nan,nan
2018-07-29,0.30332495165209344,0.20759041471759865,0.044108580307112455,0.1401089274202879,0.0895878444271806,0.022192102348799092,0.033227512024992134,0.025896295806542236,0.038114989503958696,0.018385014628340912,0.03597993355262069,nan,nan,nan,nan,nan,nan,nan,nan
2018-08-11,0.2944503214929173,0.21097735086530356,0.039478338484933595,0.15544017256483578,0.08956212086150184,0.0269252384336931,0.04822435081571591,0.013651878543447016,0.029909172052430544,0.08855890180002973,0.09967148217325905,nan,nan,nan,nan,nan,nan,nan,nan
2018-09-02,0.3159552224003703,0.17735665052314914,0.04112464668837501,0.13805104216598624,0.07631448453693446,0.018899485941916372,0.04091885816294483,0.023452557067058954,0.034024942561034,nan,nan,nan,nan,nan,nan,nan,nan,nan,nan
2018-09-11,0.32737648556174487,0.21110596869369744,0.04441726309525773,0.1490607282765004,0.0811505148845435,0.024995971007785223,0.043774173953288475,0.013754772806162052,0.03166572410878099,nan,nan,nan,nan,nan,nan,nan,nan,nan,nan
2018-10-01,0.32274624373956595,0.19392262682027803,0.03952978561629117,0.14288707251359523,0.0949383460883651,0.022912362187804736,0.04201639696523907,nan,0.0345136903089307,nan,nan,nan,nan,nan,nan,nan,nan,nan,nan
2018-10-12,0.32583307162101854,0.208224929337675,0.0382436073323526,0.14722578059141478,0.0727866812438458,0.023323939238665048,0.040815963900229735,0.019208168730061648,0.03553405841418866,nan,0.015915552323178872,nan,nan,nan,nan,nan,nan,nan,nan
2018-10-31,0.33334435279921987,0.18363320054876942,0.04616646556141418,0.14936941106464569,0.07614299409907599,nan,0.039478338484933595,0.021574736772508596,0.03747190036198944,0.027954181060843963,0.04274523132613761,nan,nan,nan,nan,nan,nan,nan,nan
2018-11-12,0.3291256880279013,0.2051381014562224,0.0453433114596935,0.14340154382717069,0.07621159027421937,0.019516851518206924,0.041673416089522075,0.02960048926428538,0.02503884361724984,nan,0.025484718755681923,nan,nan,nan,nan,nan,nan,nan,nan
2018-12-13,0.32192308963784527,0.1654209160481992,0.03597993355262069,0.15327939304781896,0.06942056893502374,0.020031322831782328,0.04246227210367115,0.023735516289525416,0.03505388518818486,0.01468082117059788,nan,nan,nan,nan,nan,nan,nan,nan,nan
2018-12-30,0.3410099753714938,0.16449486768376337,0.025896295806542236,0.1677874840906461,0.07219871402833106,0.017664754789335324,0.03258442288302282,nan,0.030114960577860783,0.0191052744673465,0.03659729912891119,nan,nan,nan,nan,nan,nan,nan,nan
2019-01-13,0.31616101092580046,0.19001264483710475,0.04647514834955946,0.16192251111588618,0.086501016545728,0.02023711135721251,0.043799897518967235,nan,0.022809467925089644,0.01727890130415377,0.022123506173655716,nan,nan,nan,nan,nan,nan,nan,nan
2019-01-29,0.3270678027735996,0.15852700044628837,0.025793401543827144,0.15307360452238883,0.07682895585050992,nan,0.03762624175606205,nan,0.030938114679581408,0.04637225408684437,0.04102175242565992,nan,nan,nan,nan,nan,nan,nan,nan
2019-02-14,0.3060259260483644,0.18322162349790905,0.04750409097671032,0.127041356055472,0.07693185011322501,nan,0.04205069505281078,0.01529818674688832,0.021094563546504852,0.017921990446123026,0.022895213144018878,nan,nan,nan,nan,nan,nan,nan,nan
2019-02-25,0.3210999355361246,0.21223780558356337,0.0328931056711681,0.1348613200218185,0.09473255756293492,0.017664754789335324,nan,0.02939470073885514,0.01946540438684935,0.06046876807881124,0.02409564620902821,nan,nan,nan,nan,nan,nan,nan,nan
2019-02-24,0.30782657564587845,0.19556893502371941,nan,0.12158796013157241,0.07940131241838705,nan,0.021437544422221844,nan,nan,0.03597993355262069,0.04307963767996159,nan,nan,nan,nan,nan,nan,nan,nan
2019-03-11,0.31914494454453796,0.1905271161506802,nan,nan,0.0752855419097836,nan,0.04637225408684437,nan,0.030526537628721095,nan,0.02788987214664701,nan,nan,nan,nan,nan,nan,nan,nan
2019-03-13,0.3034021223491298,0.15862989470900346,0.05254590984974955,0.1341410601828129,0.0693176746723086,0.02260367939965946,0.03793492454420733,0.015092398221458192,0.018385014628340912,0.02023711135721251,0.026668002776905397,nan,nan,nan,nan,nan,nan,nan,nan
2019-03-28,0.3213057240615548,0.1947457809219987,0.03927254995950347,0.12338860972908644,0.08043025504553791,nan,0.04019859832393918,nan,nan,nan,0.04287384915453146,nan,nan,nan,nan,nan,nan,nan,nan
2019-04-10,0.3116336633663367,0.20184548504933966,0.03217284583216251,0.09925990512239874,0.08120196201590107,0.014886609696028008,0.03927254995950347,nan,nan,0.02569050728111205,0.04497460701829781,nan,nan,nan,nan,nan,nan,nan,nan
2019-04-13,0.2840580009586936,0.14936941106464569,0.0418449065273806,0.09339493214763883,0.07435949354534788,0.021266053984363376,0.03361336551017369,nan,0.030114960577860783,nan,0.037008876179771555,nan,nan,nan,nan,nan,nan,nan,nan
2019-04-28,0.30751789285773323,0.19680366617630043,0.036391510603481,0.13403816592009787,0.07657172019372221,nan,0.039478338484933595,0.03258442288302282,nan,nan,0.04686100183474107,nan,nan,nan,nan,nan,nan,nan,nan
2019-05-12,0.30679763301872764,0.20482941866807716,0.03528539727929386,0.10996090844476764,0.07862960544802394,0.01663581216218446,0.03772913601877714,0.03245580505462897,0.020751582670787916,0.02461011752260367,0.045253278979817846,nan,nan,nan,nan,nan,nan,nan,nan
2019-05-23,0.25092604836443577,0.22427643432122848,0.020972070376605978,0.08979363295261078,0.06160060496867714,0.023838410552240508,0.018179226102910784,nan,nan,0.012520041653581004,0.040944581728623586,nan,nan,nan,nan,nan,nan,nan,nan
2019-05-29,0.30062397725582246,0.23240508107572025,0.02409564620902821,0.0752855419097836,0.04719540818856505,nan,0.038140713069637455,0.03423073108646424,0.027825563232450112,nan,0.05604431478206251,nan,nan,nan,nan,nan,nan,nan,nan
2019-06-09,0.27578236240032306,0.27047595828030213,0.010719392056067034,0.06370993735433644,0.052751698375179734,0.02975483065835799,0.019825534306352144,nan,0.015761210929106206,0.03206995156944742,0.0507967073835931,nan,nan,nan,nan,nan,nan,nan,nan
2019-06-20,0.27404295938775847,0.20194837931205475,0.02812567149870243,0.06873460718358981,0.07091253574439244,0.03129824459908426,0.03601423164019235,0.026024913634936087,0.013548984280731868,0.007272434255111593,0.05717615167192841,nan,nan,nan,nan,nan,nan,nan,nan
2019-06-27,0.2954792641200681,0.24917684589827932,0.042359377840956,0.06756847220615214,0.056661680358353006,nan,0.04107319955701744,0.037557645580918675,nan,nan,0.023323939238665048,nan,nan,nan,nan,nan,nan,nan,nan
2019-07-09,0.29839460156366227,0.32809674540075046,0.02190914312633263,0.04338832046810687,nan,nan,nan,nan,nan,0.016057031934412103,0.040301492586654275,nan,nan,nan,nan,nan,nan,nan,nan
2019-07-12,0.27171068943288323,0.24084241061835734,0.043259702639713016,0.037008876179771555,0.058410882824509514,0.022809467925089644,0.04004425692986657,0.011285310501000012,0.029626212829964083,0.019825534306352144,0.025381824492966776,nan,nan,nan,nan,nan,nan,nan,nan
2019-07-24,0.30957577811203496,0.26553703366997805,0.024352881865815912,0.03217284583216251,0.05753628159143126,nan,nan,0.02826286384898924,nan,0.01886518785434471,0.042359377840956,nan,nan,nan,nan,nan,nan,nan,nan
2019-08-12,0.30155002562025823,0.2315819269739996,0.04637225408684437,0.040815963900229735,0.0681858377824427,nan,nan,nan,0.023452557067058954,nan,0.018282120365625876,nan,nan,nan,nan,nan,nan,nan,nan
2019-08-15,0.29300980181490605,0.33334435279921987,nan,0.058205094299079274,0.05028223607001764,0.02620497859468751,nan,0.029909172052430544,nan,nan,0.043131084811319165,nan,nan,nan,nan,nan,nan,nan,nan
2019-08-30,0.3172928478156664,0.28693904031471595,0.02486735317939137,nan,0.060880345129671554,nan,0.04038723780558351,0.021266053984363376,nan,nan,0.03252725940373674,nan,nan,nan,nan,nan,nan,nan,nan
2019-09-08,0.3674023537579134,0.41432213755599273,nan,nan,0.05254590984974955,0.027954181060843963,nan,nan,0.018307843931304635,nan,0.03404209160481986,nan,nan,nan,nan,nan,nan,nan,nan
2019-09-13,0.3176872758227409,0.28596154481892266,nan,nan,0.06261668581298863,nan,0.039572658225755786,nan,0.02409564620902821,nan,0.028468652374419368,nan,nan,nan,nan,nan,nan,nan,nan
2019-09-18,0.29764004363708496,0.22355617448222284,0.04884171639200646,0.045240417196978466,nan,0.028983123687994827,0.03165837451858711,0.02188341956065387,nan,0.0042885006363741485,0.01848790889105606,nan,nan,nan,nan,nan,nan,nan,nan
2019-09-24,0.31358865435792327,0.27809013372121855,0.02486735317939137,nan,0.06551058695185041,nan,0.04091885816294483,nan,nan,nan,0.028211416717631665,nan,nan,nan,nan,nan,nan,nan,nan
2019-10-09,0.31291984165027525,0.28117696160267114,0.042976743417246555,0.05532405494305692,0.05851377708722455,0.018693697416486188,0.02949759500157023,0.019825534306352144,0.010805137274996213,0.013034512967156464,nan,nan,nan,nan,nan,nan,nan,nan,nan
2019-10-09,0.30782657564587845,0.23621216879617846,nan,nan,nan,nan,nan,nan,nan,0.004802971949949553,nan,nan,nan,nan,nan,nan,nan,nan,nan
2019-10-12,0.3201738871716888,0.36410973735103064,nan,0.03965840344468502,0.06633374105357115,0.02569050728111205,nan,0.008918742458553008,0.022166378783120333,nan,0.014449309079488881,nan,nan,nan,nan,nan,nan,nan,nan
2019-10-28,0.3208941470106944,0.28539562637398963,0.042359377840956,0.03659729912891119,0.06673245632159208,nan,0.0418449065273806,0.018179226102910784,nan,nan,0.030140684143539542,nan,nan,nan,nan,nan,nan,nan,nan
2019-11-06,0.33776880609596854,0.3532029455032315,0.025381824492966776,nan,nan,nan,nan,0.028211416717631665,nan,nan,0.01848790889105606,nan,nan,nan,nan,nan,nan,nan,nan
2019-11-09,0.3166754822393759,0.29270111902676077,0.0489446106547215,0.0453433114596935,0.06795432569133375,nan,0.028777335162564643,0.02178052529793878,0.013857667068877144,0.010770839187424552,0.03361336551017369,nan,nan,nan,nan,nan,nan,nan,nan
2019-11-09,0.29959503462867154,0.22962693598241293,nan,0.03721466470520174,0.04009900990099008,nan,0.042359377840956,0.01676442999057831,0.024695862741532848,nan,0.020580092232929448,nan,nan,nan,nan,nan,nan,nan,nan
2019-11-28,0.3176015306038117,0.2933184846030513,0.022500785136944368,nan,0.07435949354534788,0.019079550901667797,0.038140713069637455,0.025999190069257327,0.015092398221458192,nan,0.010770839187424552,nan,nan,nan,nan,nan,nan,nan,nan
2019-12-10,0.2731512091108944,0.23363981222830132,0.029703383527000415,0.053266169688755194,0.042359377840956,0.0195940222152432,0.027233921221838375,0.01663581216218446,0.034024942561034,0.014192073422701179,nan,nan,nan,nan,nan,nan,nan,nan,nan
2020-01-01,0.3143089141969289,0.32500991751929786,0.019722640043637052,0.046783831137704734,0.06777426073158233,nan,0.023838410552240508,0.02255223226830194,0.01715028347575992,0.007375328517826685,0.02229499661151424,0.0120055703400056,nan,nan,nan,nan,nan,nan,nan
2020-01-07,0.26080389758508404,0.3417816823418569,nan,0.02705385626208695,0.05007644754458751,nan,nan,nan,nan,nan,nan,nan,0.1306426552505,nan,nan,nan,nan,nan,nan
2020-01-13,0.28920271409444787,0.3062831617051522,nan,0.021574736772508596,0.0358770392899056,0.010976627712854736,nan,0.0044171184647679995,0.02641076712011764,0.018436461759698486,nan,0.013291748623944166,0.18836633663366337,nan,nan,nan,nan,nan,nan
2020-01-26,0.3052542190780013,0.3291256880279013,0.02023711135721251,0.045960677035984054,0.06005719102795082,0.025896295806542236,0.01663581216218446,nan,0.017664754789335324,0.0077869055686870525,0.016121340848609056,nan,0.10882907155490174,nan,nan,nan,nan,nan,nan
2020-02-04,0.2498971057372849,0.3479553381047621,nan,0.02534752640539506,0.04698961966313492,nan,nan,nan,nan,nan,0.023666920114381984,0.012520041653581004,0.13475842575910346,nan,nan,nan,nan,nan,nan
2020-02-09,0.30448251210763816,0.32917713515925884,nan,0.0269252384336931,nan,nan,0.02924035934478253,nan,nan,nan,0.014577926907882732,nan,0.1128419478007901,nan,nan,nan,nan,nan,nan
2020-02-10,0.26677176482255904,0.27140200664473796,nan,0.01931106299277674,0.04819005272814425,0.034024942561034,nan,0.009639002297558596,0.025381824492966776,nan,0.004494289161804277,0.015606869535033596,0.1094978842625498,nan,nan,nan,nan,nan,nan
2020-02-26,0.30144713135754314,0.33072054909998516,0.020622964842394065,0.012348551215722536,0.056558786095637914,0.018693697416486188,0.028983123687994827,nan,0.015606869535033596,0.009433213772128413,nan,nan,0.13146580935222074,nan,nan,nan,nan,nan,nan
2020-03-03,0.2471189606439776,0.35659845617282937,nan,0.020751582670787916,0.03772913601877714,nan,nan,0.008404271144977549,nan,nan,0.024558670391246096,nan,0.16264277095489177,nan,nan,nan,nan,nan,nan
2020-03-09,0.3107076150019009,0.25936337790707287,nan,0.037043174267343215,0.05048802459544782,0.020622964842394065,0.01650719433379061,nan,0.027954181060843963,nan,nan,0.011662589464288664,0.13805104216598624,nan,nan,nan,nan,nan,nan
2020-03-09,0.27572356567877154,0.3332929056678623,nan,0.013206003405014932,0.045446205722408595,nan,0.03083522041686637,nan,nan,nan,nan,nan,0.1211763830807121,nan,nan,nan,nan,nan,nan
2020-03-24,0.32295203226499614,0.3074835947701615,nan,0.025896295806542236,0.04574018933016599,0.022037760954726482,0.033201788459313375,nan,nan,0.012520041653581004,0.020751582670787916,nan,0.12560083637746078,nan,nan,nan,nan,nan,nan
2020-04-01,0.302253136415478,0.3544376766558125,nan,0.0158641051918213,nan,0.025124588836179074,0.0269252384336931,nan,0.019722640043637052,nan,nan,nan,0.14607679465776297,nan,nan,nan,nan,nan,nan
2020-04-06,0.3404440569265608,0.3119423461544819,0.014577926907882732,0.019722640043637052,0.04822435081571591,nan,nan,nan,nan,nan,0.02178052529793878,0.01149109902643014,0.10666829203788492,nan,nan,nan,nan,nan,nan
2020-04-14,0.3057686903915767,0.2545273475594638,nan,0.018179226102910784,0.057999305773649146,0.03021785484057582,nan,0.0120055703400056,0.033716259772888835,nan,0.02255223226830194,nan,0.11654614125853319,nan,nan,nan,nan,nan,nan
2020-04-28,0.34606894328831883,0.31996809864625864,nan,nan,0.048827017211618584,0.02473873535099752,0.03361336551017369,0.019722640043637052,0.012520041653581004,nan,0.01483516256467049,nan,0.11778087241111423,nan,nan,nan,nan,nan,nan
2020-05-08,0.3431964784541894,0.3315951503330634,nan,0.008404271144977549,nan,nan,nan,nan,nan,nan,nan,nan,0.1093435428684772,nan,nan,nan,nan,nan,nan
2020-05-10,0.31780731912924187,0.2830290583315427,nan,0.019208168730061648,0.05483530719516022,0.022680850096695793,nan,0.017836245227193848,nan,nan,0.028983123687994827,0.026513661382832787,0.1545141242004,0.03206995156944742,0.012134188168399451,nan,nan,nan,nan
2020-05-25,0.30751789285773323,0.33036041918048237,0.013446090018016776,0.02486735317939137,0.04956197623101205,nan,nan,0.01663581216218446,nan,nan,0.01663581216218446,0.025381824492966776,0.1574980578191375,0.03001206631514569,nan,nan,nan,nan,nan
2020-06-13,0.31081050926461595,0.28621878047571037,0.007889799831402144,0.020751582670787916,0.08043025504553791,nan,nan,0.011233863369642438,0.05007644754458751,nan,0.018693697416486188,nan,0.1308484437759302,0.05470668936676637,nan,nan,nan,nan,nan
2020-07-08,0.3367398634688177,0.20637283260880346,0.01931106299277674,0.02558761301839696,0.09349782641035387,nan,nan,0.007581117043256869,nan,nan,nan,0.023838410552240508,0.07909262963024177,nan,nan,nan,nan,0.09895122233425346,nan
2020-07-23,0.3797496652837237,0.20997413180383148,nan,0.02679662060529925,0.09730491413081205,nan,nan,nan,0.01848790889105606,nan,nan,nan,0.1014206846394155,nan,nan,nan,nan,0.12868766425891331,nan
2020-08-08,0.37347311525810345,0.18630845137936167,nan,0.022123506173655716,0.0811505148845435,nan,nan,0.013754772806162052,0.04061017537479955,nan,nan,nan,0.07096398287575001,nan,nan,nan,nan,0.09905411659696856,nan
2020-08-23,0.37563389477512027,0.21192912279541812,nan,0.005317443263525012,0.08804443048645427,nan,nan,nan,0.028057075323559055,nan,nan,nan,0.09205730673234269,nan,nan,nan,nan,0.10399304120729264,nan
2020-09-08,0.3881869948263608,0.19844997437974182,nan,0.015606869535033596,0.07353633944362714,nan,nan,0.009741896560273688,0.03381915403560387,nan,nan,nan,0.09267467230863319,nan,nan,nan,nan,0.09689333707995174,nan
2020-09-23,0.3529971569778013,0.21234069984627846,nan,nan,0.10059753053769482,nan,nan,nan,0.014234946032165796,nan,nan,nan,0.09658465429180646,nan,nan,nan,nan,0.1062567149870246,nan
2020-10-24,0.33941511429940996,0.23199350402485994,0.014063455594307328,nan,0.10214094447842115,nan,nan,nan,0.020854476933503008,nan,nan,nan,0.08691259359658837,nan,nan,nan,nan,0.09123415263062196,nan
2020-11-08,0.35814187011355564,0.2009194366849039,nan,0.018693697416486188,0.08464891981685646,nan,nan,0.01601844658589391,nan,nan,nan,nan,0.08825021901188451,nan,nan,0.04760698523942547,nan,0.07610869601150433,nan
2020-11-21,0.34301641349443796,0.24166556472007802,0.01416634985702242,0.006757962941536189,0.10399304120729264,nan,nan,nan,nan,nan,nan,nan,0.09473255756293492,nan,nan,0.028365758111704276,nan,0.07734342716408532,nan
2020-12-28,0.33735722904510823,0.23693242863518407,0.016738706424899608,nan,0.09071968131704655,nan,nan,nan,nan,nan,nan,nan,0.07662316732507973,nan,nan,0.03711177044248659,nan,0.10306699284285692,nan
2021-01-09,0.3448685102233095,0.18538240301492587,nan,0.023195321410271197,0.08927916163903538,nan,nan,0.01396056133159218,nan,nan,nan,nan,0.08320840013884523,nan,nan,0.03592848642126312,nan,0.10831460024132633,nan
2021-01-25,0.33396171837551036,0.24073951635564228,0.018282120365625876,0.011593993289145288,0.09294905700920675,nan,nan,nan,nan,nan,nan,nan,0.08794153622373924,nan,nan,0.02774839253541378,nan,0.10183226169027587,nan
2021-02-06,0.3623605348848742,0.20287442767649053,nan,0.01529818674688832,0.09603588489065934,nan,nan,nan,nan,nan,nan,nan,0.08166498619811896,nan,nan,0.0271824740904808,nan,0.11109274533463365,nan
2021-02-19,0.326347542934594,0.2365208515843237,0.027825563232450112,0.01483516256467049,0.08855890180002973,nan,nan,nan,nan,nan,nan,nan,0.09298335509677841,nan,nan,0.020108493528818605,nan,0.10214094447842115,nan
2021-03-21,0.3181160019173871,0.2299356187705582,nan,0.009304595943734562,0.0919544124696276,nan,nan,nan,nan,nan,nan,nan,0.09586439445280087,nan,nan,0.017793372617729175,nan,0.09946569364782887,nan
2021-04-06,0.35814187011355564,0.1858968743285013,nan,0.0120055703400056,0.09596728871551596,nan,nan,0.011388204763715049,nan,nan,nan,nan,0.08269392882526982,nan,nan,0.017921990446123026,nan,0.10810881171589609,0.023323939238665048
2021-04-24,0.3181160019173871,0.23451441346137955,0.022166378783120333,0.008147035488189847,0.0866039108084431,nan,nan,nan,nan,nan,nan,nan,0.09967148217325905,nan,nan,0.01396056133159218,nan,0.11057827402105819,nan
2021-05-07,0.3592737070034216,0.18034058414188664,nan,0.016121340848609056,0.0811505148845435,nan,nan,0.014989503958743045,nan,nan,nan,nan,0.08814732474916942,nan,nan,0.028571546637134515,nan,0.11245609431560849,nan
2021-05-22,0.31698416502752114,0.22437932858394355,0.016224235111324148,nan,0.06602505826542587,nan,nan,nan,nan,nan,nan,nan,0.09884832807153832,nan,nan,0.020365729185606363,nan,0.15965883733615432,nan
2021-06-07,0.3672994594951983,0.16171672259045605,nan,0.03021785484057582,0.0835170829269905,nan,nan,nan,nan,nan,nan,nan,0.07837236979123618,nan,nan,nan,0.020545794145357732,0.15245623894609828,nan
2021-06-22,0.35731871601183496,0.17715086199771896,nan,nan,0.08763285343559396,nan,nan,nan,nan,nan,nan,nan,0.09905411659696856,nan,nan,0.015435379097175128,nan,0.1577038463445677,0.018693697416486188
2021-06-25,0.3231578207904263,0.22139539496520605,nan,nan,0.058822459875369826,nan,nan,nan,nan,nan,nan,nan,0.07744632142680047,nan,nan,nan,nan,0.20050785963404352,0.007375328517826685
2021-07-08,0.3296401593414767,0.15945304881072414,nan,0.02486735317939137,0.08475181407957155,nan,nan,nan,nan,nan,nan,nan,0.08804443048645427,nan,nan,nan,0.03340757698474356,0.16614117588720478,nan
2021-08-06,0.3559296434651813,0.1522504504206681,nan,nan,0.1073885518768905,nan,nan,nan,nan,nan,nan,nan,0.061703499231392234,nan,nan,0.01432069125109503,0.034333625349179275,0.18610266285393146,0.017664754789335324
2021-08-20,0.32212887816327546,0.2120320170581332,nan,0.01663581216218446,0.09277756657134828,nan,nan,nan,nan,nan,nan,nan,0.047298302451280194,nan,nan,0.022938085753483495,nan,0.2039033703036414,nan
2021-09-05,0.32254045521413577,0.2047265244053621,nan,nan,0.1015235789021306,nan,nan,nan,nan,nan,nan,nan,0.048635927866576334,nan,nan,0.02023711135721251,0.012520041653581004,0.19268789566769698,nan
2021-09-08,0.36853419064777937,0.16089356848873532,nan,0.02641076712011764,0.10100910758855519,nan,nan,nan,nan,nan,nan,nan,0.06448164432469955,nan,nan,nan,0.02178052529793878,0.1645463148151209,nan
2021-09-23,0.3350935552653763,0.255967867237475,nan,0.0195940222152432,0.10615382072430946,nan,nan,nan,nan,nan,nan,nan,0.04618933095312866,nan,nan,nan,0.01149109902643014,0.20884229491396555,0.010462156399279277
2021-09-23,0.33036041918048237,0.196289194862725,nan,0.028983123687994827,0.08372287145242069,nan,nan,nan,nan,nan,nan,nan,nan,nan,nan,nan,nan,0.1812666325063224,nan
2021-10-05,0.36771103654605863,0.14710573728491383,nan,0.023323939238665048,0.09977437643597414,nan,nan,nan,nan,nan,nan,nan,0.05379207369818778,nan,nan,0.02641076712011764,nan,0.19834708011702673,nan
2021-10-09,0.3328298814856444,0.19433420387113837,nan,0.01663581216218446,0.08518911469611068,nan,nan,nan,nan,nan,nan,nan,nan,nan,nan,0.018179226102910784,0.01187695251161175,0.13496421428453365,nan
2021-10-25,0.3308062943189144,0.1949515694474289,nan,nan,0.09823096249524788,nan,nan,nan,nan,nan,nan,nan,0.06252665333311297,nan,nan,0.013548984280731868,0.013034512967156464,0.19194191226301263,0.008575761582836072
2021-11-05,0.36421263161374573,0.16459776194647846,nan,0.030629431891436243,0.11767797814839914,nan,nan,0.020880200499181767,nan,nan,nan,nan,0.0572790459346435,nan,nan,0.03453941387460946,0.01432069125109503,0.18713160548108232,nan
2021-11-09,0.3324183044347841,0.19189903965354801,nan,0.019002380204631464,0.09882260450585961,nan,nan,nan,nan,nan,nan,nan,0.06158774318583776,nan,nan,nan,nan,0.12879055852162846,nan
2021-11-21,0.3313207656324898,0.1979355030661664,nan,0.019722640043637052,0.10584513793616424,nan,nan,nan,nan,nan,nan,nan,0.06203790558521627,nan,nan,0.017921990446123026,nan,0.17478429395527195,nan
2021-12-03,0.36472710292732113,0.16253987669217673,nan,0.03196705730673227,0.13187738640308105,nan,nan,0.015915552323178872,nan,nan,nan,nan,0.06718261872097059,nan,nan,nan,nan,0.10996090844476764,nan
2021-12-22,0.31327997156977805,0.2039033703036414,nan,nan,0.15039835369179655,nan,nan,nan,nan,nan,nan,nan,0.04647514834955946,nan,nan,nan,nan,0.1606877799633052,0.013857667068877144
2022-01-03,0.37151812426651687,0.1666556472007802,nan,nan,0.10954933139390732,nan,nan,0.014577926907882732,nan,nan,nan,nan,0.0752855419097836,nan,nan,0.030629431891436243,nan,0.11730069918511049,0.016978793037901396
2022-01-06,0.3129712887816328,0.17807691036215478,nan,0.019413957255491776,0.13465553149638837,nan,nan,0.006346385890675876,nan,nan,nan,nan,0.06798004925701245,nan,nan,0.024953098398320606,nan,0.11953007487727069,nan
2022-01-22,0.31698416502752114,0.2172796244566026,nan,0.01663581216218446,0.13589026264896936,nan,nan,nan,nan,nan,nan,nan,0.05429511231590606,nan,nan,0.018282120365625876,nan,0.1574980578191375,nan
2022-02-09,0.3148233855105043,0.16171672259045605,nan,0.03644295773483858,0.14638547744590824,nan,nan,nan,nan,nan,nan,nan,0.07747204499247917,nan,nan,0.02106026545893319,0.032378634357592695,0.1522847485082398,nan
2022-02-19,0.30679763301872764,0.20801914081224485,nan,nan,0.13043686672506988,nan,nan,nan,nan,nan,nan,nan,0.07785789847766078,nan,nan,0.020751582670787916,nan,nan,nan
2022-02-22,0.2882766657300121,nan,nan,0.04004425692986657,0.12141646969371395,nan,nan,nan,nan,nan,nan,nan,0.08131220586881005,nan,nan,0.015606869535033596,nan,0.14216681267458964,nan
2022-03-03,0.3404440569265608,0.19803839732888148,nan,0.021894852256511055,nan,nan,nan,nan,nan,nan,nan,nan,0.07014082877402933,nan,nan,0.03392204829831896,nan,0.15194176763252287,nan
2022-03-06,0.30648895023058237,0.21007702606654657,nan,nan,0.12536074976445893,nan,nan,nan,nan,nan,nan,nan,0.08145919767268878,nan,nan,nan,nan,0.1313629150895056,0.013806219937519626
2022-03-18,0.30756933998909075,0.21738251871931769,nan,0.03937544422221856,0.12381733582373261,nan,nan,nan,nan,nan,nan,nan,0.08866179606274482,nan,nan,0.017664754789335324,nan,0.14816897799963635,nan
2022-03-26,0.31271405312484507,0.2113117572191276,nan,nan,0.12741863501876066,nan,nan,nan,nan,nan,nan,nan,0.05985140250252069,nan,nan,0.02178052529793878,nan,0.14679705449676855,nan
2022-04-09,0.3480582323674772,0.23271376386386552,nan,0.015915552323178872,0.12807029868262287,nan,nan,nan,nan,nan,nan,nan,0.06983214598588405,nan,nan,0.030526537628721095,0.02733681548455341,0.1574980578191375,nan
2022-04-09,0.2954792641200681,0.19464288665928364,nan,0.008507165407692696,0.10975511991933751,nan,nan,nan,nan,nan,nan,nan,0.06067455660424137,nan,nan,0.01149109902643014,nan,0.11325352485165041,nan
2022-04-23,0.3206883584852642,0.21599344617266403,nan,nan,0.11469404452966164,nan,nan,nan,nan,nan,nan,nan,0.06010863815930839,nan,nan,0.026513661382832787,nan,0.15631477379791403,nan
2022-05-05,0.3242896576802923,0.21830856708375346,nan,nan,0.11387089042794096,nan,nan,nan,nan,nan,nan,nan,0.058822459875369826,nan,nan,nan,nan,0.14895783401378537,0.013548984280731868
2022-05-10,0.34898428073191295,0.16562670457362932,nan,0.025639060149754533,nan,nan,nan,0.024524372303674435,nan,nan,nan,nan,0.0667110200168598,nan,nan,0.028057075323559055,0.038346501595067695,0.12073050794228007,nan
2022-05-19,0.3301546306550522,0.2062699383460884,nan,nan,0.11541430436866723,nan,nan,nan,nan,nan,nan,nan,0.06516760607613348,nan,nan,0.01676442999057831,nan,0.15348518157324914,nan
2022-06-10,0.35824476437627073,0.1578581877386403,nan,0.017664754789335324,0.11407667895337109,nan,nan,nan,nan,nan,nan,nan,0.07909262963024177,nan,nan,0.027439709747268504,0.0269252384336931,0.11052682688970067,0.01416634985702242
2022-06-25,0.3404440569265608,0.21913172118547417,nan,nan,0.10646250351245473,nan,nan,nan,nan,nan,nan,nan,0.07086108861303492,nan,nan,0.029703383527000415,nan,0.146179688920478,nan
2022-07-09,0.3559296434651813,0.17128588902295905,nan,0.016121340848609056,0.10238103109142299,nan,nan,nan,nan,nan,nan,nan,0.06468743285012973,nan,nan,0.03505388518818486,0.028571546637134515,0.12261690275872328,nan
2022-07-20,0.3355051323162367,0.20050785963404352,nan,nan,0.1060252028959156,nan,nan,nan,nan,nan,nan,nan,0.0740508107572026,nan,nan,0.024524372303674435,nan,0.13280343476751677,0.015349633878245894
2022-08-08,0.36627051686804746,0.16192251111588618,nan,nan,0.11511419610241491,nan,nan,nan,nan,nan,nan,nan,0.050848154514950616,nan,nan,0.025896295806542236,nan,0.11078406254648837,nan
2022-08-17,0.3009326600439677,0.20729888097323926,nan,nan,0.11850113225011982,nan,nan,nan,nan,nan,nan,nan,0.07044951156217455,nan,nan,0.029703383527000415,nan,0.1332150118183772,nan
2022-09-05,0.31255971173077246,0.20801914081224485,nan,nan,0.10954933139390732,nan,nan,nan,nan,nan,nan,nan,0.07176998793368483,nan,nan,0.02979157860932763,nan,0.13691920527612023,0.016978793037901396
2022-09-08,0.2963024182217888,0.18651423990479182,nan,nan,nan,nan,nan,nan,nan,nan,nan,nan,0.0913370468933371,nan,nan,0.015606869535033596,0.041639118001950415,0.12227392188300634,nan
2022-09-11,0.3293314765533315,0.15646911519198664,nan,nan,0.10378725268186251,nan,nan,nan,nan,nan,nan,nan,0.06846879700490915,nan,nan,0.02486735317939137,nan,0.09998016496140433,0.023015256450519828
2022-09-21,0.3023388816344072,0.20791624654952975,nan,nan,0.11551719863138238,nan,nan,nan,nan,nan,nan,nan,0.07631448453693446,nan,nan,0.03152689851622886,0.0418449065273806,0.13290632903023192,0.017664754789335324
2022-10-04,0.3049969834212136,0.20184548504933966,nan,0.013857667068877144,0.11721495396618126,nan,nan,nan,nan,nan,nan,nan,0.06890609762144828,nan,nan,0.03601423164019235,nan,0.14041761020843319,nan
2022-10-12,0.3294343708160466,0.14895783401378537,nan,0.019208168730061648,0.10512487809715865,nan,nan,0.027825563232450112,nan,nan,nan,nan,0.07458733084135982,nan,nan,nan,0.0442114745698276,0.09370361493578405,nan
2022-10-21,0.3040194879254203,0.2039033703036414,nan,0.014063455594307328,0.11850113225011982,nan,nan,0.01187695251161175,nan,nan,nan,nan,0.07631448453693446,nan,nan,0.03001206631514569,nan,0.124674788013025,0.01663581216218446
2022-11-02,0.31945362733268323,0.1961863006000099,nan,0.013034512967156464,0.10543356088530387,nan,nan,nan,nan,nan,nan,nan,0.07080229189148346,nan,nan,0.016893047818972162,nan,0.1359931569116845,nan
2022-11-09,0.36853419064777937,0.14587100613233278,nan,0.023838410552240508,0.10383869981322003,nan,nan,0.02679662060529925,nan,nan,nan,nan,nan,nan,nan,0.03961553083522035,nan,0.10795447032182348,nan
2022-11-18,0.3235693978412867,0.18641134564207673,nan,nan,0.11037248549562806,nan,nan,nan,nan,nan,nan,nan,0.07333055091819701,nan,nan,0.014577926907882732,nan,0.12446899948759482,0.025073141704821555
2022-12-03,0.37892651118200305,0.15348518157324914,nan,0.015606869535033596,0.10090621332584004,nan,nan,0.025278930230251684,nan,nan,nan,nan,0.08638342310262503,nan,nan,0.037008876179771555,0.01895093307327389,0.09473255756293492,0.021471842509793504
2022-12-10,0.3047397477644259,0.18229557513347328,nan,0.025896295806542236,0.11397378469065605,nan,nan,nan,nan,nan,nan,nan,0.08840456040595712,nan,nan,0.0282971619365609,0.04061017537479955,0.1247776822757401,0.02178052529793878
2022-12-22,0.3210999355361246,0.18113801467792856,nan,0.014920907783599668,0.11245609431560849,nan,nan,nan,nan,nan,nan,nan,0.07631448453693446,nan,nan,0.0388609729086431,nan,0.12454617018463116,nan
2023-01-10,0.3652415742408966,0.14288707251359523,nan,0.01800773566505226,0.10808308815021733,nan,nan,0.021008818327575618,nan,nan,nan,nan,0.07868105257938146,nan,nan,0.017664754789335324,0.02949759500157023,0.09925990512239874,nan
2023-01-16,0.3085697008765985,0.1853089071129865,nan,0.029669085439428755,0.11313593140854744,nan,nan,nan,nan,nan,nan,nan,0.0894849501644655,nan,nan,0.014577926907882732,0.039901348231651146,0.1202374729334369,0.022637977487231176
2023-01-25,0.31039893221375564,0.18263855600919027,nan,0.016121340848609056,nan,nan,nan,nan,nan,nan,nan,nan,0.07854386022909471,nan,nan,0.03914393213110956,nan,0.012931618704441317,nan
2023-02-06,0.3509392717234996,0.14762020859848923,nan,0.004207920792079212,0.11249896692507316,nan,nan,nan,nan,nan,nan,nan,0.07044951156217455,nan,nan,0.03608282781533573,0.04150192565166366,0.11918709400155375,nan
2023-02-09,0.29517058133192287,0.18116373824360732,nan,0.03181271591265966,0.10975511991933751,nan,nan,0.004159882807980242,nan,nan,nan,nan,0.09360072067306896,nan,nan,0.027645498272698688,nan,0.10481619530901337,0.021266053984363376
2023-02-16,0.31327997156977805,0.18857212515909355,nan,0.014920907783599668,0.1150713234929503,nan,nan,nan,nan,nan,nan,nan,0.08464891981685646,nan,nan,0.041639118001950415,nan,0.12097059455528186,nan
2023-03-03,0.38263070463974613,0.1913502702524009,nan,nan,0.11345931337708065,nan,nan,0.013934837765913477,nan,nan,nan,nan,0.08242383138564274,nan,nan,0.019722640043637052,0.0271824740904808,0.11983875766541596,0.021523289641151078
2023-03-03,0.31400023140878364,0.1576009520818526,nan,nan,0.10790302319046596,nan,nan,nan,nan,nan,nan,nan,nan,nan,nan,0.04338832046810687,nan,0.09267467230863319,nan
2023-03-15,0.28930560835716296,0.18239846939618837,nan,0.030269301971933393,0.11374227259954711,nan,nan,nan,nan,nan,nan,nan,0.096070182978231,nan,nan,0.023838410552240508,0.04194780079009569,0.12044877365151258,nan
2023-03-22,0.3153378568240798,0.19189903965354801,nan,nan,0.10327278136828705,nan,nan,nan,nan,nan,nan,nan,0.08382576571513578,nan,nan,0.044108580307112455,nan,0.11721495396618126,0.02610208433197242
2023-04-06,0.31636679945123064,0.19464288665928364,nan,0.015092398221458192,0.11046251797550372,nan,nan,nan,nan,nan,nan,nan,0.07600580174878918,nan,nan,nan,0.017321773913618388,nan,0.023452557067058954
2023-04-09,0.37861782839385777,0.18548529727764096,nan,0.03176126878130214,0.1164432469958181,nan,nan,nan,nan,nan,nan,nan,0.09164572968148232,nan,nan,0.04338832046810687,0.03958123274764869,0.12151446422963308,nan
2023-04-09,0.2852927321112746,0.16799327261607633,nan,nan,nan,nan,nan,nan,nan,nan,nan,nan,nan,nan,nan,0.025999190069257327,nan,0.11116991603166992,nan
2023-04-20,0.3172156771186301,0.1997018545761087,nan,nan,0.10821170597861118,nan,nan,nan,nan,nan,nan,nan,0.07763741077184272,nan,nan,0.042359377840956,nan,nan,0.023838410552240508
2023-05-01,0.3241867634175772,nan,nan,0.014878035174135051,0.10589658506752175,nan,nan,nan,nan,nan,nan,nan,0.07721480933569147,nan,nan,nan,0.008507165407692696,0.11541430436866723,nan
2023-05-04,0.3725470668936677,0.20297732193920562,nan,nan,0.09174862394419742,nan,nan,nan,nan,nan,nan,nan,0.08691259359658837,nan,nan,0.019894130481495576,0.030938114679581408,0.11716350683482368,nan
2023-05-16,0.3182188961801022,0.15657200945470173,nan,0.0195940222152432,0.10162647316484569,nan,nan,nan,nan,nan,nan,nan,0.08886758458817501,nan,nan,0.04133043521380514,nan,0.11215598604935617,0.027233921221838375
2023-06-01,0.356186879121969,0.2039033703036414,nan,nan,0.1130991834575778,nan,nan,0.018979514812916987,nan,nan,nan,nan,0.09218959935583348,nan,nan,0.03892956908378653,0.024524372303674435,0.11592877568224269,0.1905271161506802
2023-06-08,0.3073978495512323,0.14731152581034396,nan,nan,0.10563934941073405,nan,nan,nan,nan,nan,nan,nan,nan,nan,nan,0.028082798889237814,0.040301492586654275,0.12621820195375127,0.015949850410750532
2023-06-21,0.3116851104976942,0.1913502702524009,nan,0.012871287128712827,0.10589658506752175,nan,nan,0.012905895138762613,nan,nan,nan,nan,0.09360072067306896,nan,nan,0.03649440486619615,0.010256367873849148,0.10954933139390732,0.02023711135721251
2023-07-02,0.3532029455032315,0.20503520719350735,nan,0.031041008942296555,0.098436751020678,nan,nan,0.019722640043637052,nan,nan,nan,nan,0.08752995917287887,nan,nan,nan,0.03453941387460946,0.12025033471627627,nan
2023-07-11,0.30257896824740904,0.19248210714226682,nan,0.020751582670787916,0.11664903552124828,nan,nan,nan,nan,nan,nan,nan,0.09545281740194056,nan,nan,0.026307872857402548,0.03988991553579396,0.1281731929453379,0.014783715433312916
2023-08-02,0.34167878807914187,0.14226970693730479,nan,0.015346534653465305,0.10831460024132633,nan,nan,0.01581265806046378,nan,nan,nan,nan,0.08156209193540392,nan,nan,nan,0.028159969586274092,0.10954933139390732,nan
2023-08-20,0.31111919205276123,0.19083579893882546,nan,nan,0.1073885518768905,nan,nan,nan,nan,nan,nan,nan,0.09751070265624229,nan,nan,0.03083522041686637,nan,0.12889345278434355,0.018693697416486188
2023-09-02,0.36555025702904187,0.15338228731053405,nan,0.02178052529793878,0.10924064860576205,nan,nan,0.02311815071323492,nan,nan,nan,nan,0.08156209193540392,nan,nan,0.017664754789335324,0.019722640043637052,0.014577926907882732,nan
2023-09-17,0.3121481346799121,0.19145316451511596,nan,0.012520041653581004,0.10109485280748437,nan,nan,0.016893047818972162,nan,nan,nan,nan,0.09329203788492368,nan,nan,0.02178052529793878,0.010770839187424552,0.11294484206350519,0.025484718755681923
2023-10-03,0.36328658324930996,0.16480355047190864,nan,nan,0.11407667895337109,nan,nan,0.01895093307327389,nan,nan,nan,nan,0.09240600395598825,nan,nan,nan,0.03073232615415128,0.014577926907882732,nan
2023-10-01,0.3129712887816328,0.1934853262037389,nan,nan,0.09882260450585961,nan,nan,nan,nan,nan,nan,nan,nan,nan,nan,0.02778269062298544,nan,0.10224383874113618,0.026067786244400704
2023-10-22,0.3092964936846654,0.1874402882692276,nan,0.014577926907882732,0.09166287872526818,nan,nan,nan,nan,nan,nan,nan,0.10419882973272288,nan,nan,0.026616555645547824,nan,0.1359931569116845,0.023323939238665048
2023-11-06,0.365756045554472,0.1576009520818526,nan,0.020751582670787916,0.10306699284285692,nan,nan,0.019722640043637052,nan,nan,nan,nan,nan,nan,nan,0.020751582670787916,0.023426833501380195,nan,nan
2023-11-03,0.3119423461544819,0.19155605877783105,nan,0.013548984280731868,0.08840456040595712,nan,nan,nan,nan,nan,nan,nan,0.10529636853501712,nan,nan,0.0269252384336931,nan,0.12405742243673445,nan
2023-11-21,0.31348576009520823,0.19556893502371941,nan,0.016121340848609056,0.09740780839352714,nan,nan,nan,nan,nan,nan,nan,0.1014206846394155,nan,nan,0.027131026959123228,0.013651878543447016,0.09998016496140433,0.023632622026810324
2023-12-03,0.35721582174911987,0.16480355047190864,nan,0.01905940594059402,0.09689333707995174,nan,nan,0.01895093307327389,nan,nan,nan,nan,0.10821170597861118,nan,nan,0.02178052529793878,0.03803781880692242,0.015606869535033596,nan
2023-12-22,0.3233636093158565,0.19855286864245691,nan,nan,0.10635960924973964,nan,nan,nan,nan,nan,nan,nan,0.09915701085968359,nan,nan,0.018693697416486188,nan,0.08825021901188451,0.01526388865931666
2024-01-07,0.36338947751202505,0.16994826360766296,nan,nan,0.08289971735069995,nan,nan,nan,nan,nan,nan,nan,0.09717915447638253,nan,nan,nan,0.013034512967156464,0.11057827402105819,0.01663581216218446
2024-01-10,0.3192919363484166,0.19895158391047787,nan,nan,0.10306699284285692,nan,nan,nan,nan,nan,nan,nan,nan,nan,nan,0.02558761301839696,nan,0.10563934941073405,nan
2024-01-20,0.320945594142052,0.20158824939255196,nan,nan,0.11664903552124828,nan,nan,nan,nan,nan,nan,nan,0.1073885518768905,nan,nan,0.021952015735797303,nan,0.1128419478007901,nan
2024-01-31,0.3118394518917669,0.21491305641415562,nan,nan,0.11037248549562806,nan,nan,nan,nan,nan,nan,nan,0.09998016496140433,nan,nan,0.015606869535033596,nan,0.10193515595299091,nan
2024-02-03,0.3562897733846841,0.17396113985355133,nan,nan,0.09041099852890128,nan,nan,nan,nan,nan,nan,nan,0.10646250351245473,nan,nan,0.018179226102910784,nan,0.09648176002909142,nan
2024-02-19,0.32151151258698496,0.21799988429560818,nan,nan,0.09912271277211193,nan,nan,nan,nan,nan,nan,nan,0.08691259359658837,nan,nan,0.02558761301839696,nan,0.0976037974653654,nan
2024-02-27,0.3091127539298171,0.254733136084894,nan,nan,0.08506049686771683,nan,nan,nan,nan,nan,nan,nan,0.09318914362220859,nan,nan,nan,nan,0.10701127291360185,0.012520041653581004
2024-03-01,0.3240324220235046,nan,nan,nan,nan,nan,nan,nan,nan,nan,nan,nan,nan,nan,nan,0.017664754789335324,nan,0.10049463627497973,nan
