Grad/opæina;Redni broj biraèkog mjesta;Ukupno biraèa;Glasovalo ukupno;Glasovalo (prema listiæimma);Listiæi važeæi;Listiæi nevažeæi;ABECEDA DEMOKRACIJE - ABECEDA, Nositelj liste: mr.sc. DRAGUTIN PRIBANIÆ                                       ;AKCIJA MLADIH - AM, Nositelj liste: GORAN FRKOVIÆ, dipl.iur.                                                    ;AUTOHTONA-HRVATSKA SELJAÈKA STRANKA - A-HSS, Nositelj liste: JASENKO STIPAC, dipl.ing.                         ;DEMOKRATSKA STRANKA ŽENA - DSŽ, ZELENI HRVATSKE - ZELENI HR, Nositelj liste: MARIJA JELINÈIÆ;DEMOKRATSKI CENTAR - DC, Nositelj liste: VESNA ŠKARE OŽBOLT, dipl.iur.;DOMOVINSKA GRAÐANSKA STRANKA - DGS, Nositelj liste: NENAD DUBRAVEC;GOSPODARSKA STRANKA - GS, Nositelj liste: STJEPAN GNJEÈ                                            ;HRVATSKA ÈISTA STRANKA PRAVA - HÈSP, Nositelj liste: JOSIP MILJAK                                   ;HRVATSKA DEMOKRATSKA ZAJEDNICA - HDZ, Nositelj liste: dr.sc. IVO SANADER                                 ;HRVATSKA EUROPSKA STRANKA - HES, Nositelj liste: NAJA ŠEBALJ          ;HRVATSKA NARODNA STRANKA-LIBERALNI DEMOKRATI - HNS, Nositelj liste: RADIMIR ÈAÈIÆ                   ;HRVATSKA RADNIÈKA STRANKA - HRS, AKCIJA SOCIJALDEMOKRATA HRVATSKE - ASH, ZELENA STRANKA - ZS, Nositelj liste: ZLATKO KLARIÆ, prof.;HRVATSKA SELJAÈKA STRANKA - HSS, HRVATSKA SOCIJALNO LIBERALNA STRANKA - HSLS, PRIMORSKO GORANSKI SAVEZ - PGS, Nositelj liste: BOŽIDAR PANKRETIÆ;HRVATSKA STRANKA MLADIH - HSM, Nositelj liste: ROBERT OSTRUN                                        ;HRVATSKA STRANKA PRAVA - HSP, Nositelj liste: ANTO ÐAPIÆ;HRVATSKA STRANKA UMIROVLJENIKA - HSU, Nositelj liste: mr.sc. VLADIMIR JORDAN                    ;HRVATSKI PRAVAŠI-HRVATSKI PRAVAŠKI POKRET - HP-HPP, Nositelj liste: MLADEN ŠEPIÆ;JEDINO HRVATSKA-POKRET ZA HRVATSKU - JEDINO HRVATSKA, Nositelj liste: KRUNOSLAV GAŠPARIÆ;LJEVICA HRVATSKE - LJEVICA, SOCIJALISTIÈKA RADNIÈKA PARTIJA HRVATSKE - SRP, ISTARSKI SOCIJALDEMOKRATSKI FORUM-FORO SOCIAL DEMOCRATICO ISTRIANO - ISDF-FSDI, HRVATSKI SOCIJALDEMOKRATI - HSD, Nositelj liste: VLADIMIR BEBIÆ, dipl. politolog;NEOVISNA LISTA, Nositelj liste: HRVOJE HITREC                                 ;NEOVISNA LISTA, Nositelj liste: IVAN LONÈAR, dipl.ing.                                 ;SOCIJALDEMOKRATSKA PARTIJA HRVATSKE - SDP, Nositelj liste: ZORAN MILANOVIÆ;STRANKA UMIROVLJENIKA - SU, Nositelj liste: VENKO BANOVIÆ;ZELENA LISTA, Nositelj liste: DRAGUTIN RIBARIÆ.                                                          ;;;
;;;;;;;1;2;3;4;5;6;7;8;9;10;11;12;13;14;15;16;17;18;19;20;21;22;23;24;;;
;;;;;;;;;;;;;;;;;;;;;;;;;;;;;;;;;
BAKAR;1;1330;764;764;744;20;1;5;3;2;4;0;0;1;242;0;61;3;50;6;18;44;0;2;5;1;2;273;17;4;;;
BAKAR;2;1147;739;739;728;11;1;8;1;7;7;1;0;3;199;1;58;1;38;9;21;53;0;0;10;1;5;292;9;3;;;
BAKAR;3;1019;670;670;657;13;2;6;0;2;4;4;2;2;213;2;38;3;21;4;18;31;2;0;5;2;4;277;13;2;;;
BAKAR;4;862;599;599;590;9;0;5;1;3;3;0;1;1;158;1;24;3;22;5;10;35;0;2;7;0;4;291;8;6;;;
BAKAR;5;1243;834;810;787;23;0;4;1;2;5;0;1;1;252;0;51;2;27;7;10;39;3;1;5;0;3;355;11;7;;;
BAKAR;6;581;387;387;382;5;2;2;2;0;2;1;1;1;146;0;17;1;21;3;4;12;1;0;2;0;0;158;6;0;;;
BAKAR;7;257;190;190;188;2;0;0;0;0;1;1;0;2;72;0;7;1;15;1;4;10;0;0;1;1;1;64;4;3;;;
BAKAR;8;512;361;361;359;2;0;7;0;5;6;0;2;3;101;1;17;5;27;4;13;17;0;1;4;0;2;140;3;1;;;
ÈABAR;1;805;490;490;480;10;0;4;2;2;3;0;0;1;169;0;15;0;35;4;15;24;0;0;1;0;1;199;5;0;;;
ÈABAR;2;847;497;494;482;12;0;7;1;2;2;1;2;0;144;2;11;1;38;9;19;17;0;0;0;1;0;214;9;2;;;
ÈABAR;3;974;592;592;577;15;0;1;2;3;3;2;3;1;179;1;22;3;67;6;17;21;1;3;2;1;1;231;6;1;;;
ÈABAR;4;1207;707;707;699;8;1;5;3;3;3;1;1;6;238;2;27;1;51;2;16;43;1;2;6;1;1;268;13;4;;;
ÈABAR;5;368;196;196;193;3;0;0;0;1;1;0;0;0;75;0;7;0;29;0;1;4;0;0;2;0;0;70;3;0;;;
DELNICE;1;382;285;285;277;8;1;4;0;2;0;1;1;0;76;0;5;0;19;1;17;11;0;2;2;2;0;124;7;2;;;
DELNICE;2;302;160;158;154;4;1;0;1;0;1;0;0;0;38;3;2;0;17;0;2;10;1;1;1;0;2;70;3;1;;;
DELNICE;3;1243;844;844;832;12;2;5;1;1;3;0;0;7;227;1;28;2;161;6;22;35;4;1;1;0;2;312;9;2;;;
DELNICE;4;1372;904;904;887;17;2;5;0;4;7;1;2;3;235;1;36;2;101;10;14;39;4;1;3;3;2;398;10;4;;;
DELNICE;5;1362;899;899;889;10;0;7;0;5;4;0;1;15;205;1;28;1;129;10;17;43;0;1;1;1;4;398;14;4;;;
DELNICE;6;482;287;287;284;3;1;0;2;1;0;1;1;1;69;1;5;3;32;3;4;25;0;0;1;0;2;122;4;6;;;
DELNICE;7;192;110;110;110;0;1;0;0;0;0;0;0;0;33;0;1;0;18;2;1;5;1;1;3;0;1;41;1;1;;;
DUGA RESA;1;966;662;662;653;9;1;3;1;4;4;1;0;1;227;1;56;4;52;5;15;33;1;7;2;2;6;211;15;1;;;
DUGA RESA;2;784;528;528;516;12;0;0;0;4;6;1;0;0;195;1;28;1;34;5;12;24;0;6;2;0;3;185;5;4;;;
DUGA RESA;3;488;349;349;341;8;0;0;0;2;4;1;0;0;129;1;25;0;34;3;17;21;0;3;0;0;1;92;5;3;;;
DUGA RESA;4;722;463;461;445;16;0;4;1;6;3;0;1;4;164;0;26;0;33;6;16;20;0;6;2;0;5;134;10;4;;;
DUGA RESA;5;515;360;360;351;9;0;2;0;1;3;0;0;2;127;1;20;1;7;0;6;26;0;1;2;2;3;144;3;0;;;
DUGA RESA;6;596;420;420;416;4;1;0;0;0;3;0;0;2;127;0;26;1;35;3;17;11;1;3;2;1;3;172;4;4;;;
DUGA RESA;7;556;421;421;414;7;0;3;1;0;8;2;0;1;121;1;26;1;32;4;11;27;2;2;3;0;1;153;11;4;;;
DUGA RESA;8;350;255;255;253;2;1;0;0;0;2;0;0;0;77;0;8;0;11;2;6;15;2;5;1;1;3;113;6;0;;;
DUGA RESA;9;533;363;363;356;7;2;0;0;2;3;0;2;1;94;0;36;3;31;3;10;15;0;3;0;0;2;141;6;2;;;
DUGA RESA;10;688;481;481;469;12;1;3;0;1;6;0;1;0;183;0;39;2;39;5;19;30;2;6;0;1;7;117;6;1;;;
DUGA RESA;11;314;196;196;192;4;1;0;1;3;3;0;0;0;90;1;0;0;17;0;12;12;0;5;0;1;3;34;7;2;;;
DUGA RESA;12;568;428;428;419;9;0;2;2;7;0;0;0;2;157;0;37;2;45;7;30;20;0;2;1;0;6;93;4;2;;;
DUGA RESA;13;815;530;530;523;7;1;4;0;4;6;1;0;0;200;0;23;0;105;4;16;14;1;3;0;0;6;128;5;2;;;
DUGA RESA;14;266;180;180;179;1;0;1;1;2;3;0;1;1;102;0;7;0;15;1;7;8;0;3;0;0;2;23;2;0;;;
DUGA RESA;15;301;209;209;206;3;2;2;1;1;0;1;1;0;61;0;9;0;26;3;16;18;0;1;0;2;3;54;3;2;;;
DUGA RESA;16;141;85;85;81;4;0;0;1;0;0;0;0;2;40;0;8;0;13;1;2;3;0;0;0;0;1;8;1;1;;;
DUGA RESA;17;166;113;113;111;2;0;0;0;0;0;0;0;0;56;2;7;0;21;0;5;2;3;1;0;0;1;13;0;0;;;
DUGA RESA;18;545;384;384;373;11;1;0;2;4;0;0;0;0;118;0;17;2;72;1;14;14;1;18;1;1;6;91;7;3;;;
DUGA RESA;19;192;134;134;128;6;0;0;2;1;1;0;0;1;45;1;20;0;13;1;9;8;0;2;1;0;4;17;1;1;;;
DUGA RESA;20;298;223;223;218;5;0;2;0;0;2;0;0;2;115;1;9;3;18;2;6;21;1;2;1;0;2;24;6;1;;;
DUGA RESA;21;153;114;114;110;4;1;0;0;1;2;1;0;0;43;0;17;0;12;1;2;5;0;1;0;0;0;20;2;2;;;
DUGA RESA;22;126;92;92;85;7;0;0;0;1;1;0;0;0;33;1;1;0;17;1;5;0;1;1;1;0;3;18;0;1;;;
DUGA RESA;23;84;54;54;52;2;0;0;0;0;1;0;1;0;8;0;0;0;29;0;2;0;0;0;0;0;0;11;0;0;;;
DUGA RESA;24;356;236;236;233;3;0;0;4;3;9;0;0;0;84;0;2;1;40;2;7;7;1;1;0;0;2;67;3;0;;;
JASTREBARSKO;1;121;88;88;87;1;2;0;0;0;2;0;0;0;17;0;1;0;38;0;3;4;0;0;0;0;0;17;2;1;;;
JASTREBARSKO;2;692;462;462;454;8;0;0;1;1;23;0;1;1;122;0;10;0;87;1;8;31;2;0;3;0;5;151;5;2;;;
JASTREBARSKO;3;739;492;492;486;6;0;3;4;2;30;2;0;1;133;0;10;2;95;2;14;31;1;4;2;0;6;141;2;1;;;
JASTREBARSKO;4;71;54;54;54;0;0;0;0;0;9;0;0;0;13;0;1;0;11;1;0;0;0;0;0;0;0;19;0;0;;;
JASTREBARSKO;5;113;66;66;65;1;0;0;2;1;6;0;0;0;20;0;0;0;14;1;4;1;0;0;0;0;1;14;0;1;;;
JASTREBARSKO;6;310;214;214;212;2;0;0;1;0;3;0;1;1;70;0;4;0;66;1;12;9;0;0;0;1;2;38;3;0;;;
JASTREBARSKO;7;286;207;207;205;2;0;0;2;0;36;0;0;0;68;0;4;0;25;1;12;10;0;0;0;0;3;43;0;1;;;
JASTREBARSKO;8;315;233;233;228;5;1;1;2;2;25;0;1;1;63;1;9;0;46;2;6;10;0;1;0;2;1;50;1;3;;;
JASTREBARSKO;9;152;109;109;107;2;0;0;0;0;17;0;0;0;32;0;4;0;21;0;1;2;0;0;1;0;2;27;0;0;;;
JASTREBARSKO;10;231;152;152;150;2;0;0;3;0;9;0;0;2;51;0;3;0;39;2;1;9;0;0;0;0;0;29;1;1;;;
JASTREBARSKO;11;285;217;217;209;8;0;1;0;0;54;0;1;0;41;0;5;0;47;1;4;5;2;0;0;0;2;45;1;0;;;
JASTREBARSKO;12;211;170;170;167;3;0;0;1;0;32;0;0;0;67;0;0;0;25;2;1;7;0;0;0;0;2;28;2;0;;;
JASTREBARSKO;13;119;89;89;88;1;0;1;0;0;1;1;0;0;42;0;0;0;24;0;0;4;0;1;0;1;0;13;0;0;;;
JASTREBARSKO;14;87;68;68;65;3;0;0;0;0;7;0;0;0;32;0;0;0;10;0;0;1;0;1;0;0;2;12;0;0;;;
JASTREBARSKO;15;345;238;238;236;2;1;1;0;0;10;0;1;3;96;0;9;0;53;2;6;6;0;2;0;0;0;43;3;0;;;
JASTREBARSKO;16;420;291;291;282;9;0;0;0;0;14;0;0;1;61;0;4;0;24;2;7;8;2;2;2;0;1;152;0;2;;;
JASTREBARSKO;17;521;406;406;403;3;0;0;2;0;15;0;1;0;91;0;22;0;37;0;12;7;0;3;1;0;3;201;7;1;;;
JASTREBARSKO;18;727;520;520;509;11;1;0;2;3;23;0;0;0;149;0;24;1;52;1;3;21;0;1;4;0;1;213;6;4;;;
JASTREBARSKO;19;1054;731;731;723;8;0;2;6;1;60;0;0;1;178;0;43;1;83;1;36;34;2;4;1;2;5;250;5;8;;;
JASTREBARSKO;20;115;92;92;88;4;0;0;0;0;3;0;0;0;47;0;3;0;12;2;0;0;0;0;1;0;2;14;3;1;;;
JASTREBARSKO;21;458;344;344;339;5;0;2;3;0;21;1;0;0;77;0;17;1;27;1;11;9;0;3;0;0;1;153;9;3;;;
JASTREBARSKO;22;745;517;517;511;6;3;0;1;3;22;0;0;0;110;0;12;2;60;7;17;16;1;1;3;0;2;248;2;1;;;
JASTREBARSKO;23;575;409;409;401;8;0;1;2;3;14;0;0;1;170;1;10;1;66;0;10;37;0;0;0;0;3;73;9;0;;;
JASTREBARSKO;24;488;345;345;336;9;0;2;0;2;16;1;1;1;79;1;15;1;33;5;8;7;1;2;1;1;2;153;3;1;;;
JASTREBARSKO;25;389;293;292;289;3;1;1;0;0;8;0;2;0;75;0;12;0;22;1;9;7;0;0;1;0;1;143;5;1;;;
JASTREBARSKO;26;133;100;100;100;0;0;0;1;0;6;0;0;0;19;0;4;0;27;0;3;3;0;0;0;0;2;35;0;0;;;
JASTREBARSKO;27;37;33;33;33;0;0;0;0;0;2;0;0;0;5;0;0;0;6;0;1;0;0;0;0;0;0;18;0;1;;;
JASTREBARSKO;28;101;70;70;66;4;0;1;0;0;2;0;0;0;33;0;0;0;5;4;2;1;0;0;0;0;0;18;0;0;;;
JASTREBARSKO;29;382;271;271;265;6;0;0;1;0;9;1;2;0;93;0;6;1;37;2;10;12;5;2;0;0;1;74;3;6;;;
JASTREBARSKO;30;182;110;109;103;6;1;0;0;0;1;0;1;1;46;1;22;0;2;1;0;3;1;0;0;0;0;21;0;2;;;
JASTREBARSKO;31;122;95;95;94;1;0;0;0;0;2;0;0;0;43;0;6;1;12;0;0;2;2;0;0;0;3;23;0;0;;;
JASTREBARSKO;32;137;85;85;80;5;0;0;0;0;0;0;0;0;62;0;0;0;7;0;3;0;0;1;0;0;1;6;0;0;;;
JASTREBARSKO;33;150;113;113;109;4;0;0;0;1;7;0;0;1;53;0;6;0;12;0;4;5;0;1;0;2;1;13;1;2;;;
JASTREBARSKO;34;112;71;71;67;4;0;1;0;0;3;0;0;0;36;0;0;1;9;0;0;2;0;0;0;0;0;13;2;0;;;
JASTREBARSKO;35;148;116;116;106;10;1;0;0;2;3;0;1;1;65;1;0;0;7;1;2;3;0;0;2;0;0;15;2;0;;;
JASTREBARSKO;36;181;120;120;115;5;0;0;0;0;1;0;0;1;38;0;5;1;27;0;3;4;0;0;1;0;1;29;4;0;;;
JASTREBARSKO;37;161;93;93;90;3;0;1;2;1;2;1;0;1;32;0;0;0;19;1;2;5;0;0;0;0;0;19;3;1;;;
JASTREBARSKO;38;207;140;140;133;7;0;2;0;1;5;0;0;0;83;0;2;0;10;1;3;3;0;1;0;0;0;18;4;0;;;
JASTREBARSKO;39;89;67;67;67;0;0;0;2;0;3;0;1;0;31;0;0;0;14;5;1;1;0;0;1;0;0;8;0;0;;;
JASTREBARSKO;40;98;79;79;78;1;1;0;0;0;16;0;0;1;33;0;5;0;5;0;2;5;0;0;0;0;0;9;1;0;;;
JASTREBARSKO;41;102;56;56;54;2;0;0;0;1;1;0;0;0;26;0;8;0;6;0;0;3;2;0;0;0;0;6;1;0;;;
JASTREBARSKO;42;364;179;179;178;1;0;0;1;5;4;0;1;0;83;1;5;3;23;2;7;5;0;0;1;1;1;31;1;3;;;
JASTREBARSKO;43;175;138;138;137;1;0;2;0;0;7;0;2;2;38;1;0;0;50;0;0;7;4;0;0;1;0;21;1;1;;;
JASTREBARSKO;44;362;234;234;230;4;0;3;1;3;6;0;1;0;100;2;2;0;25;1;7;9;0;0;0;0;1;64;4;1;;;
JASTREBARSKO;45;363;179;179;178;1;0;1;0;4;7;0;0;0;96;0;2;0;25;2;5;6;0;1;2;1;2;21;2;1;;;
JASTREBARSKO;46;460;356;356;351;5;1;1;2;1;37;0;0;1;134;0;10;0;49;1;6;12;0;0;0;0;1;91;2;2;;;
JASTREBARSKO;47;236;161;161;161;0;0;0;1;0;13;0;0;0;81;0;3;0;15;0;4;2;0;1;0;0;4;35;2;0;;;
JASTREBARSKO;48;275;180;180;178;2;0;0;3;1;7;0;1;0;69;1;7;0;12;3;5;9;0;1;1;0;0;58;0;0;;;
JASTREBARSKO;49;368;231;231;224;7;1;0;0;1;21;0;1;2;82;0;8;1;23;2;5;17;1;0;0;1;0;54;2;2;;;
KARLOVAC;1;628;439;439;434;5;0;0;0;3;3;0;0;0;141;0;13;3;14;5;16;27;0;1;6;1;0;195;5;1;;;
KARLOVAC;2;1739;1270;1270;1259;11;0;3;3;0;2;0;0;6;348;0;65;8;43;8;28;54;0;7;12;1;7;643;16;5;;;
KARLOVAC;3;638;447;447;441;6;0;3;0;3;4;0;2;1;133;0;18;1;17;3;12;31;1;4;0;0;2;199;4;3;;;
KARLOVAC;4;896;655;655;643;12;2;2;1;1;2;0;2;1;182;0;39;1;14;3;14;36;1;3;1;2;1;319;12;4;;;
KARLOVAC;5;1510;1131;1131;1104;27;0;3;0;2;3;0;0;1;368;1;71;4;27;4;25;48;0;7;2;4;7;512;11;4;;;
KARLOVAC;6;1399;993;993;982;11;1;1;0;3;4;0;2;2;283;1;70;4;31;2;25;46;1;2;7;0;2;480;12;3;;;
KARLOVAC;7;1250;849;848;833;15;5;3;1;5;8;0;0;0;252;0;66;3;23;1;26;43;1;11;5;3;5;360;8;4;;;
KARLOVAC;8;1364;923;923;913;10;1;2;1;2;9;0;0;3;342;0;63;1;20;7;20;15;0;6;7;1;2;405;3;3;;;
KARLOVAC;9;448;271;271;267;4;1;1;0;1;3;0;1;3;79;0;14;4;6;1;10;6;0;1;1;0;5;127;2;1;;;
KARLOVAC;10;439;301;301;300;1;0;1;1;1;1;1;0;1;98;0;22;2;11;0;7;11;0;3;3;1;1;131;3;1;;;
KARLOVAC;11;430;281;281;278;3;2;1;1;1;2;0;1;0;95;0;14;1;9;0;10;14;0;0;1;1;3;120;2;0;;;
KARLOVAC;12;1060;708;708;701;7;2;4;0;1;6;1;2;4;226;0;33;3;22;3;34;26;0;3;0;1;4;315;9;2;;;
KARLOVAC;13;495;317;317;308;9;0;1;0;3;3;1;3;0;118;1;8;3;9;0;16;22;0;2;3;0;1;107;6;1;;;
KARLOVAC;14;398;306;306;303;3;3;0;0;2;1;1;1;0;165;1;16;0;14;1;4;21;0;1;1;1;1;62;7;0;;;
KARLOVAC;15;887;508;508;500;8;0;0;2;2;3;0;1;6;262;0;10;0;46;3;24;27;1;4;0;1;2;102;2;2;;;
KARLOVAC;16;181;124;124;122;2;0;0;2;1;0;1;0;2;81;0;4;1;5;1;11;1;0;0;0;0;1;11;0;0;;;
KARLOVAC;17;62;34;34;34;0;0;0;1;0;1;0;0;1;18;0;3;0;1;0;0;0;0;1;0;0;0;6;2;0;;;
KARLOVAC;18;190;154;154;152;2;0;1;1;0;1;0;0;1;101;0;7;0;13;1;7;3;0;2;0;0;0;14;0;0;;;
KARLOVAC;19;283;201;201;196;5;1;0;0;0;0;0;1;2;91;0;18;1;10;3;9;15;2;1;0;1;3;33;3;2;;;
KARLOVAC;20;47;41;41;41;0;0;0;0;0;0;0;0;0;24;0;8;0;0;0;0;0;0;2;0;0;1;6;0;0;;;
KARLOVAC;21;375;215;215;211;4;1;1;0;0;2;1;0;0;103;0;4;1;41;1;11;7;1;1;0;0;3;33;0;0;;;
KARLOVAC;22;69;37;37;36;1;0;0;0;0;0;0;0;0;17;0;0;0;6;0;0;3;0;0;0;0;0;9;0;1;;;
KARLOVAC;23;194;115;115;112;3;1;1;2;0;2;0;0;0;69;0;3;1;13;0;4;2;0;0;0;0;1;13;0;0;;;
KARLOVAC;24;311;208;208;204;4;0;0;1;0;0;0;0;0;124;0;4;0;41;2;0;4;0;1;1;0;3;21;2;0;;;
KARLOVAC;25;190;138;138;137;1;0;0;2;1;1;0;0;1;60;1;4;0;25;1;6;6;0;2;0;0;1;23;0;3;;;
KARLOVAC;26;149;96;96;93;3;0;0;1;0;2;0;0;0;46;0;3;0;13;0;3;2;0;0;0;0;1;20;0;2;;;
KARLOVAC;27;606;322;322;320;2;1;0;1;0;3;0;0;4;220;1;4;1;19;3;6;5;0;3;1;1;1;46;0;0;;;
KARLOVAC;28;195;117;117;113;4;0;0;0;2;0;0;0;0;71;0;2;1;8;0;12;0;0;0;0;0;0;15;1;1;;;
KARLOVAC;29;75;41;41;39;2;1;1;0;0;0;0;0;0;19;0;5;0;5;0;1;2;0;0;0;0;1;4;0;0;;;
KARLOVAC;30;135;82;82;80;2;0;0;0;0;0;0;0;1;49;0;3;0;9;1;4;2;3;1;0;0;2;2;3;0;;;
KARLOVAC;31;1276;878;878;867;11;2;5;0;3;6;0;2;3;297;0;37;4;24;3;31;33;1;8;2;1;2;392;7;4;;;
KARLOVAC;32;296;200;200;197;3;0;0;0;1;1;0;0;0;55;0;15;1;5;2;8;13;0;1;0;2;1;89;2;1;;;
KARLOVAC;33;1386;1010;1010;969;41;0;4;1;2;9;0;1;3;315;1;57;4;35;2;25;36;0;8;10;1;9;436;7;3;;;
KARLOVAC;34;597;425;425;414;11;0;2;0;1;0;0;1;0;106;0;13;0;8;1;15;26;0;2;6;0;0;223;8;2;;;
KARLOVAC;35;381;268;268;263;5;1;0;0;4;1;0;0;1;122;2;5;0;7;1;10;17;1;4;2;0;0;80;2;3;;;
KARLOVAC;36;701;518;518;510;8;2;2;0;1;4;1;0;5;249;1;29;0;14;4;30;30;0;1;2;0;5;124;6;0;;;
KARLOVAC;37;980;677;677;668;9;1;3;1;3;4;1;2;4;293;0;27;1;28;2;25;43;0;3;1;0;4;213;7;2;;;
KARLOVAC;38;1760;1141;1141;1126;15;3;4;0;7;10;2;1;2;440;0;52;4;30;4;47;66;2;16;11;3;12;401;4;5;;;
KARLOVAC;39;1059;742;742;738;4;4;5;3;5;1;0;0;3;274;0;58;0;23;9;25;21;1;10;3;0;2;279;4;8;;;
KARLOVAC;40;1516;1085;1085;1065;20;3;3;0;4;8;0;3;3;334;0;67;2;20;6;38;46;2;6;2;0;2;500;10;6;;;
KARLOVAC;41;936;637;634;621;13;0;1;0;4;1;0;1;3;224;0;49;1;27;5;16;32;1;1;4;3;2;238;6;2;;;
KARLOVAC;42;166;132;132;131;1;0;0;0;0;0;0;0;0;106;0;1;0;5;0;10;0;0;0;0;0;0;9;0;0;;;
KARLOVAC;43;192;135;135;131;4;0;1;1;0;0;2;1;0;68;0;1;0;30;1;8;0;0;1;0;0;5;12;0;0;;;
KARLOVAC;44;722;411;411;409;2;1;1;2;0;0;0;1;0;266;0;18;0;2;1;6;1;0;7;2;0;0;98;0;3;;;
KARLOVAC;45;513;364;334;326;8;2;0;0;0;2;0;0;1;98;0;21;0;14;3;10;11;0;11;1;1;4;142;2;3;;;
KARLOVAC;46;607;431;431;414;17;0;3;1;1;1;0;1;2;187;0;19;3;25;1;16;12;1;3;2;0;1;128;6;1;;;
KARLOVAC;47;657;404;398;395;3;0;0;0;1;10;1;0;2;246;0;8;0;17;4;11;13;0;4;3;0;5;68;1;1;;;
KARLOVAC;48;149;102;102;101;1;0;0;1;0;5;0;0;2;46;0;2;1;10;0;1;2;2;2;0;0;0;25;1;1;;;
KARLOVAC;49;1008;617;617;612;5;0;0;0;0;5;1;0;0;323;1;29;0;19;0;29;21;1;8;1;2;3;162;2;5;;;
KARLOVAC;50;587;333;333;331;2;2;3;0;0;1;0;0;1;195;0;6;2;10;0;22;3;4;0;3;0;4;70;4;1;;;
KARLOVAC;51;415;258;258;256;2;2;0;0;0;3;0;0;1;143;0;2;0;29;2;25;2;0;3;0;2;2;38;2;0;;;
KARLOVAC;52;425;304;304;302;2;0;2;2;1;0;0;1;4;134;1;15;2;25;0;6;11;0;4;1;2;3;83;4;1;;;
KARLOVAC;53;728;429;429;427;2;3;0;0;0;0;2;1;2;285;0;11;1;15;1;31;10;0;0;2;0;1;60;2;0;;;
KARLOVAC;54;230;189;189;187;2;2;0;1;1;0;0;0;0;143;1;0;1;4;2;16;3;0;0;0;0;1;11;0;1;;;
KARLOVAC;55;260;136;136;132;4;0;1;0;0;0;0;0;0;57;0;29;0;7;1;2;2;0;1;1;0;0;30;1;0;;;
KARLOVAC;56;85;55;55;54;1;0;0;0;0;0;0;0;0;22;1;1;0;2;0;1;0;0;0;0;0;2;24;1;0;;;
KARLOVAC;57;220;95;95;93;2;0;0;0;0;0;0;0;0;71;0;1;0;7;0;2;0;1;2;0;1;1;6;1;0;;;
KARLOVAC;58;91;71;71;69;2;0;0;0;1;0;0;0;0;46;0;1;0;1;1;15;0;0;0;0;0;0;4;0;0;;;
KARLOVAC;59;109;64;64;64;0;0;0;0;1;0;0;0;0;51;0;0;0;2;0;4;2;0;0;0;0;3;0;1;0;;;
KARLOVAC;60;351;183;183;182;1;1;0;2;0;1;0;0;2;84;0;2;0;40;0;18;1;1;2;0;0;0;27;0;1;;;
KARLOVAC;61;82;42;42;42;0;1;0;0;0;0;0;1;0;19;0;1;0;13;1;1;1;0;1;0;0;0;3;0;0;;;
KARLOVAC;62;160;100;100;98;2;0;1;0;0;0;1;0;0;62;0;1;1;2;0;0;1;0;1;1;0;0;26;1;0;;;
KARLOVAC;63;130;89;89;88;1;0;0;0;0;0;0;0;2;31;0;9;0;13;0;1;0;0;0;0;0;0;29;3;0;;;
KARLOVAC;64;398;271;271;266;5;1;1;2;0;4;0;0;1;104;0;15;2;8;3;11;29;1;4;1;0;1;72;5;1;;;
KARLOVAC;65;949;670;670;655;15;1;1;1;1;2;0;0;2;224;0;56;4;26;4;37;38;1;6;3;1;5;223;12;7;;;
KARLOVAC;66;483;333;333;327;6;0;0;0;1;1;0;0;1;117;0;25;0;17;2;23;22;1;3;1;1;2;99;7;4;;;
KARLOVAC;67;1345;910;910;899;11;0;2;1;3;4;0;2;3;292;1;65;5;57;12;59;74;1;6;4;4;12;271;14;7;;;
KARLOVAC;68;695;514;514;510;4;2;1;0;6;5;0;0;7;216;0;23;0;24;4;32;33;0;4;0;1;11;129;9;3;;;
KARLOVAC;69;1674;1030;1030;1018;12;2;5;7;3;16;0;0;2;374;2;50;2;124;11;59;39;3;9;5;1;8;283;10;3;;;
KARLOVAC;70;314;224;223;217;6;2;0;2;0;2;0;2;2;94;2;11;1;12;1;7;9;1;1;0;1;2;58;5;2;;;
KARLOVAC;71;321;218;218;216;2;1;0;3;3;1;0;0;0;104;0;7;0;31;0;12;3;1;1;0;0;0;47;2;0;;;
KARLOVAC;72;430;269;269;263;6;0;1;0;0;3;1;1;0;129;0;15;1;16;1;13;20;0;1;0;1;3;52;3;2;;;
KARLOVAC;73;664;434;434;429;5;0;1;0;1;1;0;0;8;92;0;51;0;14;2;11;22;0;1;1;1;5;209;5;4;;;
KARLOVAC;74;1010;688;688;673;15;0;3;2;0;6;0;0;1;229;1;32;3;15;4;18;36;0;3;5;1;2;308;4;0;;;
KARLOVAC;75;575;366;366;363;3;0;0;0;2;2;0;1;2;97;0;19;2;10;3;8;24;0;4;2;0;3;180;3;1;;;
KARLOVAC;76;520;296;296;295;1;0;0;0;2;0;0;2;1;112;0;21;0;8;2;13;20;1;4;1;1;3;101;2;1;;;
KARLOVAC;77;368;253;253;246;7;0;0;0;3;3;1;1;0;83;0;14;0;6;2;10;16;1;1;1;0;1;95;5;3;;;
KARLOVAC;78;662;434;434;427;7;0;1;0;2;1;1;0;0;156;2;22;1;12;1;19;30;0;4;0;1;3;161;10;0;;;
KARLOVAC;79;490;328;328;321;7;0;0;0;0;1;1;0;0;117;1;10;3;7;3;11;21;0;0;3;1;3;132;5;2;;;
KARLOVAC;80;438;272;272;269;3;0;2;1;1;3;0;0;1;92;0;13;0;17;1;15;12;0;3;0;0;1;101;4;2;;;
KARLOVAC;81;359;231;231;231;0;0;1;0;1;6;0;0;0;88;0;16;0;18;1;10;18;0;2;1;0;4;63;2;0;;;
KARLOVAC;82;285;204;197;194;3;0;1;1;2;1;0;0;1;67;1;5;1;12;1;4;10;0;1;0;0;0;80;6;0;;;
KARLOVAC;83;914;635;635;622;13;0;0;2;8;4;1;0;3;203;2;25;0;21;3;20;51;2;5;1;1;4;252;11;3;;;
KARLOVAC;84;388;264;264;258;6;1;2;0;0;2;0;1;0;94;0;27;3;14;2;12;10;0;4;1;0;4;79;2;0;;;
KARLOVAC;85;657;438;438;429;9;0;3;1;0;5;0;0;1;172;0;16;1;28;3;13;28;1;4;1;0;5;135;10;2;;;
KARLOVAC;86;506;372;372;362;10;1;3;1;1;6;0;0;1;154;0;27;2;19;1;5;26;0;1;0;0;3;105;5;1;;;
KARLOVAC;87;519;337;337;328;9;1;1;1;4;1;1;0;2;126;1;33;0;25;0;9;15;1;3;0;0;6;90;5;3;;;
KARLOVAC;88;243;129;129;127;2;0;2;0;0;1;1;0;0;49;0;12;0;3;2;8;11;0;1;0;0;1;30;5;1;;;
KARLOVAC;89;103;66;66;66;0;0;0;0;0;1;2;1;0;38;0;5;0;1;2;0;0;0;0;0;0;1;15;0;0;;;
KARLOVAC;90;241;131;131;126;5;1;1;0;0;2;0;0;0;85;0;1;0;4;1;6;5;1;1;0;0;0;17;1;0;;;
KARLOVAC;91;234;140;140;140;0;0;0;2;1;0;0;1;2;70;0;9;0;4;3;4;10;1;1;1;0;1;26;3;1;;;
KARLOVAC;92;112;97;97;97;0;0;0;0;0;0;0;0;0;84;0;0;0;6;0;4;0;0;0;0;0;0;2;0;1;;;
KASTAV;1;883;583;583;581;2;0;5;1;2;5;0;0;1;130;1;27;1;42;9;4;25;1;1;11;3;2;298;11;1;;;
KASTAV;2;745;516;515;505;10;0;6;2;4;11;0;0;1;126;2;33;2;35;6;17;19;2;1;9;0;1;214;7;7;;;
KASTAV;3;1772;1119;1119;1088;31;0;10;2;6;6;4;0;6;324;0;74;5;40;8;19;44;0;1;11;3;2;508;13;2;;;
KASTAV;4;1595;999;999;989;10;3;4;0;1;9;2;2;5;238;0;74;1;48;12;19;36;2;1;10;3;2;487;19;11;;;
KASTAV;5;2406;1542;1542;1518;24;0;10;1;2;19;0;0;2;436;0;103;2;54;9;21;65;1;3;17;2;8;726;31;6;;;
KASTAV;6;940;617;617;609;8;0;1;0;4;10;0;1;1;130;1;31;0;33;7;9;48;0;3;12;0;1;307;7;3;;;
NOVI VINODOLSKI;1;472;241;241;240;1;0;1;0;0;2;0;0;1;98;0;3;1;6;0;5;8;0;0;0;0;1;111;3;0;;;
NOVI VINODOLSKI;2;124;76;76;76;0;0;0;0;0;0;0;0;1;31;1;2;0;2;2;10;4;0;0;2;0;0;20;1;0;;;
NOVI VINODOLSKI;3;233;149;149;148;1;0;3;0;0;1;0;0;0;75;0;4;1;6;0;1;4;0;0;2;0;0;50;0;1;;;
NOVI VINODOLSKI;4;251;162;162;161;1;0;1;0;2;0;0;0;1;51;0;11;0;5;0;7;4;0;0;0;0;0;78;0;1;;;
NOVI VINODOLSKI;5;131;99;99;97;2;1;0;0;0;1;0;0;0;33;0;1;0;4;0;0;10;0;2;0;0;2;41;1;1;;;
NOVI VINODOLSKI;6;158;131;131;124;7;0;0;1;0;0;0;0;0;80;0;1;2;0;0;1;3;0;0;0;0;0;36;0;0;;;
NOVI VINODOLSKI;7;113;99;99;98;1;0;0;0;0;0;0;0;0;50;0;1;0;2;0;0;0;0;0;0;0;2;41;2;0;;;
NOVI VINODOLSKI;8;499;317;317;312;5;0;0;1;2;3;1;0;0;127;0;13;0;11;0;5;9;0;0;2;0;1;130;4;3;;;
NOVI VINODOLSKI;9;518;352;352;348;4;0;1;1;0;0;0;0;0;154;0;10;1;16;0;5;9;0;0;4;1;2;137;5;2;;;
NOVI VINODOLSKI;10;578;352;352;350;2;1;1;0;2;1;0;0;2;159;1;16;1;13;1;4;12;0;0;3;1;1;127;3;1;;;
NOVI VINODOLSKI;11;652;399;399;394;5;1;1;0;2;1;0;0;1;136;1;17;0;13;0;12;10;0;0;6;0;0;186;6;1;;;
NOVI VINODOLSKI;12;334;193;193;190;3;0;1;0;0;1;0;0;0;75;1;10;2;6;0;2;4;0;0;0;0;0;86;2;0;;;
NOVI VINODOLSKI;13;345;203;203;202;1;0;1;0;1;1;0;0;0;64;1;0;0;19;1;1;8;1;0;1;0;0;99;3;1;;;
NOVI VINODOLSKI;14;307;207;207;204;3;0;0;0;2;1;0;0;0;56;0;6;0;8;0;11;10;0;2;2;0;3;103;0;0;;;
NOVI VINODOLSKI;15;640;411;411;409;2;1;1;0;0;3;0;0;0;152;0;19;0;13;0;8;10;0;0;2;0;0;193;7;0;;;
OGULIN;1;87;73;73;72;1;1;0;0;1;0;1;0;0;5;0;5;0;3;1;0;3;0;0;2;0;0;50;0;0;;;
OGULIN;2;51;43;43;43;0;0;0;0;1;0;0;1;0;10;0;4;0;2;0;0;2;0;0;3;0;0;20;0;0;;;
OGULIN;3;110;86;86;86;0;1;0;0;0;0;2;1;0;41;0;4;0;1;0;3;1;0;0;0;0;1;30;1;0;;;
OGULIN;4;1086;729;729;712;17;3;6;0;4;0;0;1;5;366;2;14;3;33;3;27;42;0;4;3;4;7;175;9;1;;;
OGULIN;5;45;41;41;38;3;0;0;0;0;1;0;0;0;2;0;2;0;2;0;0;4;0;0;0;0;0;27;0;0;;;
OGULIN;6;390;272;272;265;7;0;2;1;2;2;0;1;3;140;0;12;0;1;0;4;10;0;1;0;1;2;81;2;0;;;
OGULIN;7;916;595;582;569;13;2;6;0;9;4;2;1;1;330;2;7;0;29;6;24;34;1;1;1;0;15;87;5;2;;;
OGULIN;8;210;147;147;146;1;1;0;0;0;0;0;0;0;85;0;0;0;2;1;7;6;0;11;0;0;2;29;2;0;;;
OGULIN;9;1506;1059;1059;1039;20;2;1;1;4;7;0;1;4;479;0;31;0;33;6;48;51;0;7;1;2;5;337;10;9;;;
OGULIN;10;216;172;172;171;1;1;2;0;0;1;0;0;1;108;1;0;0;4;1;4;8;1;8;1;0;4;23;2;1;;;
OGULIN;11;610;347;347;338;9;0;1;2;1;1;0;0;2;236;0;3;0;38;2;6;12;0;1;0;0;6;24;3;0;;;
OGULIN;12;1190;771;770;761;9;0;4;1;3;0;0;0;3;416;0;16;0;47;7;46;37;0;3;4;2;13;150;7;2;;;
OGULIN;13;246;194;194;194;0;1;1;0;0;1;0;0;0;133;0;1;0;14;0;1;12;0;0;0;0;1;28;0;1;;;
OGULIN;14;263;216;216;209;7;0;0;0;0;0;1;0;0;38;0;8;0;10;1;3;10;0;0;1;0;1;132;2;2;;;
OGULIN;15;56;50;50;46;4;0;0;0;0;1;0;0;0;2;0;1;0;1;0;0;1;1;0;0;0;0;38;1;0;;;
OGULIN;16;49;43;43;41;2;1;0;0;0;0;0;1;0;4;0;3;0;1;0;0;0;0;0;1;0;0;29;1;0;;;
OGULIN;17;106;81;81;81;0;0;1;0;0;0;0;1;1;9;0;1;0;1;0;0;6;0;0;2;0;0;55;3;1;;;
OGULIN;18;189;162;162;159;3;2;0;2;0;1;0;0;0;20;1;11;0;2;0;1;6;0;0;7;0;0;105;1;0;;;
OGULIN;19;862;575;575;560;15;2;1;0;1;5;0;0;3;243;0;20;2;30;3;23;28;1;2;1;1;12;170;9;3;;;
OGULIN;20;985;720;714;698;16;1;1;0;2;4;0;0;1;348;0;23;1;43;7;40;26;0;4;1;0;7;177;10;2;;;
OGULIN;21;386;287;287;282;5;0;0;1;0;1;0;0;2;121;0;6;0;8;0;5;24;0;3;3;3;2;97;6;0;;;
OGULIN;22;700;534;534;527;7;0;0;1;3;4;0;0;0;215;0;20;0;14;3;14;18;0;1;0;1;3;225;3;2;;;
OGULIN;23;724;545;545;540;5;1;0;1;3;4;1;0;2;171;0;25;1;11;2;13;20;2;2;2;0;4;266;4;5;;;
OZALJ;1;934;633;633;621;12;0;1;1;4;3;0;0;2;165;2;62;1;28;4;12;19;0;1;1;1;4;296;8;6;;;
OZALJ;2;441;234;234;225;9;0;0;0;1;6;0;0;0;59;1;17;1;20;3;10;9;1;3;3;0;7;81;2;1;;;
OZALJ;3;148;85;85;82;3;0;0;0;0;1;0;0;0;46;0;2;0;11;1;10;0;0;2;0;0;0;8;1;0;;;
OZALJ;4;163;98;98;97;1;2;0;1;0;1;0;0;2;48;0;0;0;8;1;5;1;0;0;0;0;2;26;0;0;;;
OZALJ;5;416;229;229;224;5;0;0;0;0;2;1;0;0;60;1;15;3;30;2;10;8;0;0;3;0;3;82;4;0;;;
OZALJ;6;354;219;219;217;2;1;0;0;0;0;0;1;1;58;1;14;2;6;0;9;3;0;2;0;0;1;117;1;0;;;
OZALJ;7;177;95;94;92;2;0;2;1;0;2;0;2;1;15;2;21;0;6;0;1;2;1;0;0;0;0;32;1;3;;;
OZALJ;8;385;276;276;272;4;0;0;1;1;2;0;0;0;122;0;15;0;12;1;21;6;0;4;0;0;0;79;7;1;;;
OZALJ;9;55;36;36;35;1;0;0;0;0;2;0;3;1;10;0;2;0;2;0;2;5;1;0;0;0;0;7;0;0;;;
OZALJ;10;69;34;34;33;1;0;0;0;0;0;0;0;0;11;0;8;0;3;0;0;0;0;0;0;0;0;10;1;0;;;
OZALJ;11;159;88;88;85;3;0;2;1;0;1;3;0;1;25;1;2;0;5;0;2;5;0;1;1;0;0;35;0;0;;;
OZALJ;12;284;151;151;147;4;1;0;0;1;1;2;0;2;36;0;12;0;22;2;6;0;1;1;0;0;0;58;1;1;;;
OZALJ;13;487;249;249;246;3;0;2;0;4;1;1;1;0;112;1;13;4;20;5;16;4;0;1;0;1;2;51;7;0;;;
OZALJ;14;217;116;116;116;0;1;1;0;0;2;1;0;0;35;1;9;0;12;0;8;3;1;0;0;0;1;37;1;3;;;
OZALJ;15;74;36;36;36;0;0;1;0;0;1;0;0;0;10;0;6;0;2;0;3;0;0;0;0;0;0;13;0;0;;;
OZALJ;16;100;42;42;41;1;0;1;0;1;0;0;0;1;23;0;0;1;2;0;1;0;1;2;0;0;0;8;0;0;;;
OZALJ;17;310;188;188;185;3;0;0;1;0;0;0;0;0;52;0;16;0;16;2;10;2;0;0;0;0;1;80;4;1;;;
OZALJ;18;92;59;59;59;0;1;0;1;0;1;0;0;2;36;0;0;2;2;0;5;0;0;0;0;1;0;7;0;1;;;
OZALJ;19;593;302;302;290;12;1;3;2;2;5;0;0;5;65;3;7;3;27;2;17;7;0;1;0;2;2;129;3;4;;;
OZALJ;20;252;109;109;108;1;0;0;1;1;0;0;0;1;19;0;11;0;26;0;14;6;0;1;0;2;0;24;2;0;;;
OZALJ;21;305;159;159;159;0;0;1;2;2;1;0;0;2;63;0;13;0;23;0;9;5;0;0;0;0;2;36;0;0;;;
OZALJ;22;214;104;104;103;1;0;0;0;0;2;0;0;0;26;1;4;0;16;1;9;3;0;0;0;0;0;40;0;1;;;
OZALJ;23;95;59;59;59;0;1;2;0;0;0;0;0;0;26;0;3;1;4;1;2;0;0;0;0;0;1;18;0;0;;;
OZALJ;24;183;101;101;99;2;0;1;0;1;2;0;0;0;47;0;4;1;12;0;3;2;0;2;0;0;0;24;0;0;;;
OZALJ;25;166;123;123;122;1;0;1;0;0;2;0;0;0;40;0;10;1;4;1;11;10;1;0;0;0;0;40;0;1;;;
OZALJ;26;251;127;127;127;0;0;0;0;0;1;0;0;0;5;0;26;1;7;0;1;3;0;0;0;1;0;82;0;0;;;
OZALJ;27;137;83;83;81;2;0;0;0;0;0;0;1;0;15;1;0;1;5;0;0;1;0;1;0;0;0;54;2;0;;;
SAMOBOR;1;235;154;154;153;1;1;1;0;0;3;0;0;0;60;1;9;1;19;1;1;9;0;2;0;0;2;38;4;1;;;
SAMOBOR;2;311;183;183;176;7;1;1;0;0;9;0;1;0;55;0;15;2;43;1;1;10;0;1;0;0;1;31;4;0;;;
SAMOBOR;3;1332;891;891;876;15;1;5;4;3;8;0;3;1;193;1;41;0;73;14;22;49;1;1;0;2;11;431;5;7;;;
SAMOBOR;4;922;581;581;572;9;2;4;3;5;7;1;0;0;129;0;38;1;43;10;17;28;0;1;9;1;4;254;11;4;;;
SAMOBOR;5;218;154;154;153;1;1;1;2;0;10;0;0;0;49;1;1;0;11;6;5;6;0;2;1;1;0;49;6;1;;;
SAMOBOR;6;318;206;206;197;9;0;1;1;0;8;1;0;2;56;1;7;3;24;1;3;9;0;0;1;1;1;70;5;2;;;
SAMOBOR;7;754;471;471;467;4;0;2;2;1;7;0;0;1;152;1;65;3;30;3;23;26;0;4;0;3;3;134;6;1;;;
SAMOBOR;8;209;142;142;137;5;1;0;0;0;4;0;0;0;58;0;1;0;26;1;2;7;0;0;1;1;0;33;2;0;;;
SAMOBOR;9;355;243;243;238;5;0;1;2;2;11;1;0;2;61;0;12;1;29;3;9;10;0;0;1;0;1;89;3;0;;;
SAMOBOR;10;660;392;392;382;10;0;2;2;6;6;0;3;1;115;1;48;3;13;4;7;30;1;2;0;1;1;126;3;7;;;
SAMOBOR;11;112;59;59;58;1;0;0;0;1;2;0;0;0;18;1;7;1;3;0;3;1;0;0;0;0;0;21;0;0;;;
SAMOBOR;12;467;282;282;276;6;0;0;4;0;8;0;0;0;99;2;10;1;35;3;6;7;0;2;1;1;0;94;1;2;;;
SAMOBOR;13;274;198;198;197;1;0;1;3;1;1;0;0;0;69;0;6;2;21;1;7;18;0;0;1;0;1;64;0;1;;;
SAMOBOR;14;63;43;43;40;3;0;0;0;1;1;0;0;0;11;0;3;0;5;0;0;0;0;0;0;0;0;18;1;0;;;
SAMOBOR;15;76;59;59;57;2;0;0;1;1;2;0;0;1;35;0;0;0;2;1;0;0;0;0;1;0;0;13;0;0;;;
SAMOBOR;16;49;41;41;37;4;0;0;0;0;0;0;0;0;13;0;0;0;4;0;0;0;0;0;0;0;0;20;0;0;;;
SAMOBOR;17;33;29;29;29;0;0;0;1;0;2;0;0;0;8;0;0;0;7;1;0;1;0;0;0;0;0;7;1;1;;;
SAMOBOR;18;65;50;50;49;1;0;0;1;1;1;1;1;0;27;0;3;0;6;0;0;2;0;0;0;0;0;6;0;0;;;
SAMOBOR;19;727;475;475;474;1;0;1;2;1;8;0;0;1;126;0;50;1;51;6;15;24;1;4;3;1;2;170;6;1;;;
SAMOBOR;20;651;430;430;418;12;1;4;6;2;8;0;0;2;113;1;24;2;69;5;6;23;0;1;2;3;1;134;7;4;;;
SAMOBOR;21;239;113;113;109;4;0;0;3;0;0;1;0;1;42;0;0;2;30;1;3;4;0;1;0;4;0;16;0;1;;;
SAMOBOR;22;342;206;206;200;6;0;1;3;1;4;0;0;0;84;1;11;0;20;0;5;15;0;1;0;0;1;47;5;1;;;
SAMOBOR;23;229;136;136;135;1;0;0;0;0;1;0;0;0;49;0;7;0;23;0;3;10;2;3;0;1;1;34;0;1;;;
SAMOBOR;24;797;542;542;540;2;1;3;0;7;10;0;0;3;126;0;36;0;48;10;11;17;0;1;2;2;2;250;8;3;;;
SAMOBOR;25;395;254;254;251;3;1;1;5;0;5;0;1;0;99;0;8;1;47;1;2;3;1;1;0;1;2;64;5;3;;;
SAMOBOR;26;589;410;410;402;8;0;4;1;3;8;0;0;0;121;0;27;5;39;4;7;20;1;3;1;2;9;136;5;6;;;
SAMOBOR;27;178;111;111;103;8;0;0;0;1;3;0;0;0;43;0;2;0;10;2;3;6;0;0;0;0;4;27;2;0;;;
SAMOBOR;28;524;322;322;320;2;0;2;3;0;5;0;0;0;83;0;16;0;60;1;7;11;1;0;2;1;1;119;7;1;;;
SAMOBOR;29;120;77;77;77;0;0;0;1;0;0;0;0;0;41;0;0;0;24;0;2;0;0;0;0;0;0;8;0;1;;;
SAMOBOR;30;94;57;57;57;0;0;0;0;0;0;0;0;0;8;0;0;0;29;0;2;3;0;0;0;0;0;15;0;0;;;
SAMOBOR;31;250;152;151;148;3;0;0;3;1;4;0;0;0;36;0;9;0;22;1;3;9;0;0;0;0;1;57;2;0;;;
SAMOBOR;32;504;319;319;315;4;1;0;2;1;5;0;1;1;112;0;18;2;41;8;11;16;0;3;0;0;5;81;6;1;;;
SAMOBOR;33;228;164;164;161;3;0;1;1;1;1;0;1;3;63;0;18;0;6;1;3;20;0;3;2;0;0;26;8;3;;;
SAMOBOR;34;420;271;271;264;7;0;1;3;1;6;0;1;0;81;2;13;0;51;3;5;17;0;0;0;2;0;73;1;4;;;
SAMOBOR;35;194;125;125;122;3;0;0;2;0;9;0;0;1;23;0;5;0;20;1;4;11;0;1;2;0;1;38;3;1;;;
SAMOBOR;36;929;544;544;536;8;0;1;6;1;7;0;1;2;131;0;62;1;44;9;24;33;0;0;1;1;1;198;9;4;;;
SAMOBOR;37;540;340;339;333;6;0;0;2;0;35;0;1;2;118;1;14;3;27;0;6;19;0;0;0;1;2;95;2;5;;;
SAMOBOR;38;466;292;291;288;3;1;4;0;3;38;0;0;1;100;0;17;2;29;3;5;8;0;0;0;1;3;71;1;1;;;
SAMOBOR;39;752;538;538;524;14;0;1;1;3;6;1;0;0;135;0;48;2;31;8;10;35;1;3;2;2;1;223;9;2;;;
SAMOBOR;40;885;619;618;605;13;1;1;2;6;12;0;0;1;150;1;50;1;43;4;16;29;0;2;3;3;1;273;6;0;;;
SAMOBOR;41;522;356;356;352;4;0;3;0;7;3;0;0;0;89;0;44;2;13;2;3;15;0;0;1;0;0;167;3;0;;;
SAMOBOR;42;590;342;342;334;8;0;1;1;2;7;0;0;3;86;0;23;1;21;4;15;19;0;1;1;3;2;140;4;0;;;
SAMOBOR;43;37;21;21;20;1;0;0;0;0;0;0;0;0;11;0;1;0;3;1;0;1;0;0;0;0;0;3;0;0;;;
SAMOBOR;44;788;564;563;560;3;0;2;2;3;5;0;0;3;161;1;60;3;30;11;15;33;2;1;1;3;2;216;4;2;;;
SAMOBOR;45;1078;742;742;728;14;0;1;0;3;12;0;0;4;172;2;76;0;40;6;23;41;1;4;2;6;0;321;4;10;;;
SAMOBOR;46;507;327;327;322;5;1;0;2;0;4;0;0;0;80;0;32;0;20;5;8;11;0;2;0;0;4;147;3;3;;;
SAMOBOR;47;935;608;608;603;5;1;1;1;5;2;1;3;0;181;1;70;0;29;4;12;28;0;1;2;2;0;254;1;4;;;
SAMOBOR;48;897;605;605;600;5;0;2;0;2;7;0;0;0;100;1;62;4;36;6;19;40;2;0;8;4;1;294;9;3;;;
SAMOBOR;49;1259;859;859;849;10;0;4;1;5;17;0;0;1;160;0;61;2;28;4;26;85;2;3;4;5;5;416;16;4;;;
SAMOBOR;50;1175;861;861;845;16;2;6;0;9;10;0;0;1;192;0;89;1;45;4;17;54;0;2;2;4;1;388;12;6;;;
SAMOBOR;51;1297;927;925;916;9;3;1;2;9;10;1;0;0;206;0;95;2;54;6;19;37;0;2;5;6;5;430;16;7;;;
SAMOBOR;52;1053;714;714;704;10;1;3;0;3;12;1;0;0;185;0;57;4;43;5;16;44;0;1;3;6;6;304;3;7;;;
SAMOBOR;53;1333;845;845;824;21;0;0;1;6;10;0;0;1;253;1;49;18;47;8;16;59;1;3;4;1;3;321;19;3;;;
SAMOBOR;54;980;627;627;616;11;1;5;1;4;15;0;0;1;205;1;37;1;30;2;15;35;1;2;3;2;6;239;7;3;;;
SAMOBOR;55;526;335;335;328;7;1;2;4;2;2;0;0;2;99;0;6;3;81;5;2;16;0;0;0;2;1;91;6;3;;;
SAMOBOR;56;176;116;116;114;2;1;1;1;1;2;0;0;0;35;1;7;0;8;1;2;10;1;0;0;0;2;40;1;0;;;
SAMOBOR;57;79;1;1;1;0;0;0;0;0;0;0;0;0;1;0;0;0;0;0;0;0;0;0;0;0;0;0;0;0;;;
SAMOBOR;58;67;3;3;3;0;0;0;0;0;0;0;0;0;2;0;0;0;0;0;0;0;0;0;0;0;0;1;0;0;;;
SAMOBOR;59;244;154;154;148;6;0;0;0;1;6;1;0;0;41;0;12;1;23;2;3;6;0;2;0;0;2;47;0;1;;;
SAMOBOR;60;286;181;181;178;3;0;0;1;0;3;0;2;2;70;0;13;0;15;2;3;7;2;1;0;0;0;54;1;2;;;
SAMOBOR;61;155;96;96;94;2;0;0;0;1;0;0;0;0;23;0;5;0;23;1;3;4;0;0;1;0;1;30;2;0;;;
SAMOBOR;62;377;221;221;218;3;0;1;0;0;2;0;0;0;74;0;13;0;14;3;8;8;1;2;2;9;2;75;4;0;;;
SAMOBOR;63;73;42;42;41;1;0;0;0;1;0;1;0;1;13;0;3;0;1;1;0;4;1;0;1;0;3;11;0;0;;;
SAMOBOR;64;83;56;56;56;0;0;0;0;1;2;0;0;0;11;0;1;1;17;1;0;1;0;0;0;0;0;20;1;0;;;
SAMOBOR;65;113;78;78;73;5;0;0;2;1;1;0;0;1;29;0;6;0;10;2;0;4;0;0;0;0;3;13;0;1;;;
SAMOBOR;66;37;21;21;21;0;1;0;1;0;9;0;0;0;5;0;2;0;0;0;0;0;0;0;0;0;1;2;0;0;;;
SAMOBOR;67;27;15;15;14;1;0;0;0;0;5;0;0;0;7;1;0;0;0;0;1;0;0;0;0;0;0;0;0;0;;;
SAMOBOR;68;237;157;157;154;3;0;2;1;3;6;1;1;0;26;1;5;0;34;3;6;9;0;0;1;1;0;50;4;0;;;
SAMOBOR;69;182;126;126;124;2;1;3;3;1;1;0;0;1;30;0;2;0;29;2;3;7;0;0;0;3;0;36;0;2;;;
SAMOBOR;70;158;86;86;85;1;0;0;0;0;4;0;0;0;13;0;2;2;15;1;5;7;1;0;0;0;0;33;2;0;;;
SAMOBOR;71;286;195;195;192;3;1;1;2;1;7;1;0;0;55;0;15;2;14;5;4;12;0;0;0;0;0;67;1;4;;;
SAMOBOR;72;187;108;108;104;4;0;0;1;4;10;0;0;0;21;0;8;0;12;4;3;4;2;0;0;0;0;33;1;1;;;
SAMOBOR;73;48;30;30;30;0;1;0;0;0;1;0;1;0;17;0;2;0;2;1;0;2;1;0;1;0;0;1;0;0;;;
SAMOBOR;74;73;40;40;40;0;0;1;0;0;1;0;0;0;6;0;1;0;6;0;3;0;0;0;0;0;0;20;2;0;;;
SAMOBOR;75;68;30;30;30;0;1;0;0;0;0;0;0;0;12;0;0;0;3;0;2;2;0;0;1;0;0;8;1;0;;;
SAMOBOR;76;38;28;28;28;0;0;0;2;1;1;0;1;0;9;0;5;0;4;0;0;0;0;0;0;1;0;4;0;0;;;
SAMOBOR;77;25;9;9;9;0;0;0;0;0;0;0;0;0;4;0;0;0;0;0;0;1;0;0;0;0;0;3;1;0;;;
SAMOBOR;78;36;18;18;18;0;0;0;0;0;0;1;0;0;1;0;0;0;1;0;0;0;0;0;2;0;0;12;1;0;;;
SAMOBOR;79;68;33;33;33;0;0;0;1;1;1;0;0;0;5;0;0;0;2;0;0;1;0;0;0;1;0;20;1;0;;;
SAMOBOR;80;66;41;41;41;0;0;0;2;0;2;0;1;1;28;0;1;0;1;0;0;2;0;0;0;0;0;3;0;0;;;
SLUNJ;1;1196;749;748;731;17;0;7;1;4;1;0;2;3;381;1;15;1;54;4;26;23;1;8;1;1;6;183;6;2;;;
SLUNJ;2;538;352;352;346;6;0;0;0;3;7;0;2;1;168;0;9;2;28;1;8;12;0;5;0;0;1;94;4;1;;;
SLUNJ;3;499;302;302;298;4;2;0;2;1;0;2;0;1;143;2;6;1;52;1;8;13;0;1;0;1;0;53;5;4;;;
SLUNJ;4;405;248;248;239;9;1;2;0;0;1;0;1;2;153;0;4;0;30;2;7;4;3;1;0;0;1;23;1;3;;;
SLUNJ;5;90;47;47;45;2;0;1;0;1;0;0;0;0;35;1;1;0;3;1;0;0;0;0;0;0;0;1;0;1;;;
SLUNJ;6;493;255;255;243;12;1;1;1;4;1;1;0;0;143;1;0;1;37;2;12;8;0;0;0;0;2;22;5;1;;;
SLUNJ;7;490;231;231;227;4;0;1;1;0;1;0;1;2;149;2;2;0;16;3;5;5;2;2;0;1;1;31;2;0;;;
SLUNJ;8;282;153;153;148;5;0;0;0;1;0;0;1;0;103;0;2;0;15;1;4;3;0;1;1;0;1;11;4;0;;;
SLUNJ;9;582;233;233;230;3;1;2;3;1;2;2;0;1;164;1;3;0;14;0;13;5;0;0;0;3;0;12;3;0;;;
SLUNJ;10;264;136;136;135;1;0;1;0;2;3;0;0;0;104;1;0;0;7;1;10;2;1;0;0;0;0;1;1;1;;;
SLUNJ;11;137;66;66;61;5;0;1;0;2;0;0;0;0;2;0;13;1;2;0;0;0;0;0;2;1;0;36;1;0;;;
SLUNJ;12;199;108;108;105;3;2;1;0;0;0;0;1;0;14;0;34;0;3;0;0;0;0;0;0;1;0;49;0;0;;;
SVETA NEDELJA;1;1119;734;734;722;12;0;7;4;6;5;0;0;0;206;0;55;4;16;9;10;77;0;6;3;2;7;292;8;5;;;
SVETA NEDELJA;2;923;616;616;608;8;0;3;2;4;5;0;0;0;162;0;53;4;41;9;19;44;0;0;2;2;3;248;4;3;;;
SVETA NEDELJA;3;1096;719;719;707;12;0;1;6;4;8;1;1;3;247;0;36;5;66;9;18;31;1;1;0;2;5;249;7;6;;;
SVETA NEDELJA;4;1196;740;740;731;9;0;10;6;4;7;0;4;1;232;1;30;7;49;7;26;39;2;2;1;1;3;287;7;5;;;
SVETA NEDELJA;5;545;339;339;333;6;2;0;2;2;6;1;0;4;81;0;11;0;21;4;13;17;0;3;1;1;5;151;7;1;;;
SVETA NEDELJA;6;646;363;363;355;8;2;0;0;2;0;1;0;0;98;0;9;1;95;1;17;14;1;2;0;2;0;104;6;0;;;
SVETA NEDELJA;7;1191;771;771;761;10;1;2;4;2;13;1;0;1;226;2;49;5;41;11;21;42;0;4;4;5;5;308;5;9;;;
SVETA NEDELJA;8;164;104;104;100;4;0;1;1;0;0;0;1;1;43;1;3;0;12;0;4;5;0;0;0;0;0;27;0;1;;;
SVETA NEDELJA;9;401;244;244;235;9;0;0;0;0;0;0;1;4;99;1;7;1;23;4;9;12;1;0;1;1;1;67;1;2;;;
SVETA NEDELJA;10;979;603;603;595;8;0;0;5;3;4;1;0;2;180;1;33;2;47;4;14;38;1;3;2;4;7;235;7;2;;;
SVETA NEDELJA;11;642;438;438;434;4;0;1;1;3;5;0;0;0;150;0;25;1;35;1;15;37;1;3;2;0;1;142;10;1;;;
SVETA NEDELJA;12;843;577;577;571;6;0;1;2;5;1;0;0;0;180;0;23;0;32;7;14;99;1;4;2;2;0;188;7;3;;;
SVETA NEDELJA;13;889;598;598;591;7;1;1;3;5;4;0;0;0;201;1;41;2;29;4;24;28;0;5;1;1;1;231;1;7;;;
SVETA NEDELJA;14;1122;741;741;733;8;3;5;6;8;6;0;1;0;258;1;34;3;63;8;18;29;1;6;0;7;9;242;14;11;;;
SVETA NEDELJA;15;989;657;657;650;7;1;9;1;4;8;1;1;1;185;1;43;3;93;7;14;43;0;0;2;1;3;214;7;8;;;
SVETA NEDELJA;16;1128;735;735;720;15;0;3;0;3;1;0;2;5;216;1;36;2;74;16;14;54;0;8;1;4;3;260;10;7;;;
SVETA NEDELJA;17;1042;675;674;670;4;1;2;0;2;10;0;1;0;226;0;41;3;67;5;14;50;3;1;2;2;2;228;7;3;;;
VRBOVSKO;1;201;154;154;149;5;1;0;0;1;1;0;0;0;55;0;6;0;8;3;18;18;2;3;3;0;1;28;1;0;;;
VRBOVSKO;2;468;326;326;320;6;3;2;0;2;1;0;0;2;141;0;3;1;22;1;20;17;9;1;0;0;1;86;7;1;;;
VRBOVSKO;3;611;394;394;391;3;2;0;2;0;2;0;0;2;119;2;9;1;11;2;11;20;1;0;3;0;2;197;5;0;;;
VRBOVSKO;4;767;541;541;531;10;0;1;1;1;1;0;2;0;204;0;19;3;23;0;11;33;4;0;3;2;1;212;10;0;;;
VRBOVSKO;5;130;93;93;93;0;1;0;1;0;1;1;0;0;57;0;1;1;11;0;1;3;0;0;0;0;0;14;1;0;;;
VRBOVSKO;6;316;189;189;185;4;2;0;1;0;2;0;0;0;98;1;5;0;8;3;1;15;0;0;0;0;0;48;1;0;;;
VRBOVSKO;7;467;289;289;286;3;0;2;5;1;5;3;0;1;116;0;4;1;23;0;5;16;0;0;1;0;1;97;5;0;;;
VRBOVSKO;8;216;141;141;138;3;0;1;0;0;1;1;0;1;70;0;5;1;6;0;8;15;1;0;2;0;1;24;1;0;;;
VRBOVSKO;9;322;249;249;244;5;0;0;0;0;2;1;0;0;36;0;9;0;17;1;0;19;0;0;5;0;0;151;2;1;;;
VRBOVSKO;10;106;93;93;91;2;0;0;0;0;1;0;0;0;5;0;1;0;6;0;1;14;0;0;2;0;0;59;1;1;;;
VRBOVSKO;11;633;488;488;482;6;2;0;1;3;1;2;0;0;91;0;49;1;6;1;3;36;0;0;7;0;1;273;5;0;;;
VRBOVSKO;12;215;156;156;151;5;0;0;0;0;1;0;0;0;15;1;13;0;4;2;0;14;0;0;1;0;0;96;4;0;;;
ZAGREB-JUŽNI DIO;1;806;534;534;527;7;1;3;1;7;4;0;0;1;238;1;22;1;13;8;4;25;3;5;1;1;2;179;5;2;;;
ZAGREB-JUŽNI DIO;2;925;619;619;613;6;0;5;0;4;7;0;0;1;194;1;50;1;19;6;13;28;1;7;0;1;3;266;3;3;;;
ZAGREB-JUŽNI DIO;3;1091;670;670;663;7;1;3;1;1;8;0;1;2;196;0;21;2;52;8;22;26;6;5;2;1;7;290;3;5;;;
ZAGREB-JUŽNI DIO;4;1224;673;673;670;3;1;0;1;4;9;0;0;6;344;3;34;2;20;5;23;4;0;4;1;4;5;192;3;5;;;
ZAGREB-JUŽNI DIO;5;1343;891;891;882;9;1;4;5;1;9;0;1;1;254;0;55;3;32;4;26;50;1;5;3;2;1;406;12;6;;;
ZAGREB-JUŽNI DIO;6;1242;897;897;889;8;1;3;3;4;5;2;0;1;199;2;61;5;25;2;21;57;1;3;4;23;1;448;8;10;;;
ZAGREB-JUŽNI DIO;7;1319;900;900;891;9;3;6;3;6;12;0;0;1;256;0;53;2;31;5;15;44;1;9;5;3;4;413;13;6;;;
ZAGREB-JUŽNI DIO;8;1366;919;917;897;20;0;5;1;3;8;1;0;2;246;0;68;5;26;6;24;46;0;3;8;4;6;417;9;9;;;
ZAGREB-JUŽNI DIO;9;1287;844;844;842;2;3;5;0;10;6;1;1;1;259;0;50;6;26;10;24;28;1;7;0;3;1;387;7;6;;;
ZAGREB-JUŽNI DIO;10;1481;934;934;926;8;0;3;1;7;10;0;1;2;327;0;61;3;39;9;18;17;1;9;3;5;0;392;12;6;;;
ZAGREB-JUŽNI DIO;11;1302;900;899;886;13;0;3;0;8;8;2;1;1;262;0;65;5;22;8;22;47;0;7;0;2;0;394;19;10;;;
ZAGREB-JUŽNI DIO;12;1436;945;945;938;7;1;2;0;7;11;1;2;1;328;3;59;4;33;6;22;44;1;1;1;3;5;385;11;7;;;
ZAGREB-JUŽNI DIO;13;1894;1022;1022;1001;21;1;3;0;4;6;2;3;2;377;0;62;8;38;12;31;29;2;10;7;6;1;369;17;11;;;
ZAGREB-JUŽNI DIO;14;1752;948;948;941;7;2;2;1;7;13;0;0;2;411;1;25;3;54;6;29;25;2;10;2;1;2;335;2;6;;;
ZAGREB-JUŽNI DIO;15;1723;898;898;888;10;0;1;0;3;8;1;1;3;400;0;36;5;30;7;40;28;0;11;3;1;6;296;5;3;;;
ZAGREB-JUŽNI DIO;16;1694;881;881;873;8;1;6;3;2;4;0;2;0;399;0;28;4;48;11;21;13;1;9;3;2;7;295;7;7;;;
ZAGREB-JUŽNI DIO;17;1652;769;769;758;11;0;3;1;6;6;0;0;0;358;0;21;3;17;3;29;13;2;5;3;3;7;275;3;0;;;
ZAGREB-JUŽNI DIO;18;506;371;371;368;3;0;0;3;0;8;0;0;2;114;1;6;3;43;2;8;14;1;1;2;1;3;150;4;2;;;
ZAGREB-JUŽNI DIO;19;1662;1012;1012;1000;12;0;3;3;6;14;0;0;0;348;1;60;3;84;7;15;27;0;7;3;6;9;389;4;11;;;
ZAGREB-JUŽNI DIO;20;1554;1096;1035;1008;27;0;4;2;2;4;1;1;0;260;2;80;7;29;7;23;47;0;3;10;2;4;493;12;15;;;
ZAGREB-JUŽNI DIO;21;1589;843;843;840;3;0;3;2;8;4;0;1;5;547;1;30;2;20;1;41;11;0;9;0;5;8;131;6;5;;;
ZAGREB-JUŽNI DIO;22;2025;1234;1234;1224;10;6;4;6;8;16;0;0;4;416;1;44;8;125;13;43;34;5;13;1;6;10;432;13;16;;;
ZAGREB-JUŽNI DIO;23;1287;825;785;775;10;0;3;1;6;9;0;1;2;232;0;27;1;36;6;36;39;1;3;5;8;7;321;24;7;;;
ZAGREB-JUŽNI DIO;24;1306;894;892;881;11;0;6;0;5;8;0;0;1;331;0;24;1;24;10;32;27;1;2;1;3;1;380;17;7;;;
ZAGREB-JUŽNI DIO;25;1401;919;919;907;12;0;2;1;6;14;0;0;4;298;2;45;6;41;17;33;68;1;3;0;4;1;339;14;8;;;
ZAGREB-JUŽNI DIO;26;1374;668;668;657;11;0;0;0;6;7;0;3;1;213;1;25;1;35;6;22;36;0;24;0;0;5;253;11;8;;;
ZAGREB-JUŽNI DIO;27;1418;812;812;794;18;1;4;1;1;8;1;1;2;258;1;32;6;43;5;19;44;0;5;4;1;4;344;8;1;;;
ZAGREB-JUŽNI DIO;28;1504;819;819;807;12;2;8;2;6;9;0;1;1;352;0;31;2;30;8;25;33;0;10;1;3;6;261;10;6;;;
ZAGREB-JUŽNI DIO;29;1226;825;822;805;17;0;4;1;5;5;0;1;0;368;0;33;2;42;6;27;30;0;8;0;0;3;258;6;6;;;
ZAGREB-JUŽNI DIO;30;497;370;370;366;4;0;0;2;2;2;0;0;0;176;1;14;0;14;2;8;6;0;2;0;1;2;121;10;3;;;
ZAGREB-JUŽNI DIO;31;1040;676;676;667;9;0;3;4;1;10;1;1;5;283;1;28;1;43;5;17;32;1;8;0;2;4;201;10;6;;;
ZAGREB-JUŽNI DIO;32;2053;1407;1349;1333;16;3;7;4;12;12;0;5;3;509;2;60;8;77;15;43;80;4;10;3;4;6;449;13;4;;;
ZAGREB-JUŽNI DIO;33;1272;810;810;802;8;1;2;0;4;10;0;3;0;287;0;37;5;33;3;28;37;0;8;5;6;8;307;12;6;;;
ZAGREB-JUŽNI DIO;34;1115;824;822;814;8;0;2;0;13;11;0;1;2;250;0;43;1;28;9;16;45;3;8;4;0;0;370;7;1;;;
ZAGREB-JUŽNI DIO;35;1220;858;857;840;17;0;2;2;4;10;0;0;3;221;0;69;3;25;8;16;43;2;10;4;2;2;401;8;5;;;
ZAGREB-JUŽNI DIO;36;1120;801;801;789;12;0;3;0;4;4;1;0;1;204;0;50;1;29;8;19;32;1;9;2;1;5;393;17;5;;;
ZAGREB-JUŽNI DIO;37;1127;799;799;790;9;1;1;1;5;4;0;2;2;259;1;39;6;27;4;23;41;0;5;4;1;3;351;6;4;;;
ZAGREB-JUŽNI DIO;38;1210;869;869;862;7;0;1;1;8;13;0;0;1;258;0;53;4;32;3;19;41;1;5;6;1;3;391;13;8;;;
ZAGREB-JUŽNI DIO;39;1271;859;859;848;11;2;0;0;6;4;0;0;1;255;1;81;8;34;8;20;39;0;8;3;3;3;356;10;6;;;
ZAGREB-JUŽNI DIO;40;1124;826;778;758;20;0;5;0;5;4;0;0;1;192;0;39;5;21;4;14;55;1;4;1;1;2;393;8;3;;;
ZAGREB-JUŽNI DIO;41;1156;737;737;724;13;0;3;0;5;8;0;0;4;178;2;57;4;22;5;15;43;2;7;2;2;3;341;15;6;;;
ZAGREB-JUŽNI DIO;42;1556;1071;1071;1057;14;1;3;0;7;13;0;0;4;356;3;131;3;43;1;34;30;2;14;1;6;4;384;6;11;;;
ZAGREB-JUŽNI DIO;43;1450;889;889;876;13;0;5;2;4;9;0;0;3;302;2;46;2;33;9;23;26;1;10;1;7;6;371;9;5;;;
ZAGREB-JUŽNI DIO;44;956;664;664;656;8;0;1;0;5;5;0;0;0;182;0;58;0;49;4;15;17;0;4;5;1;6;296;2;6;;;
ZAGREB-JUŽNI DIO;45;1265;781;781;774;7;0;4;3;7;5;0;0;1;272;1;62;6;28;5;26;29;0;15;4;3;2;289;2;10;;;
ZAGREB-JUŽNI DIO;46;1112;756;756;749;7;2;4;1;2;10;0;1;0;211;0;66;9;21;6;14;38;0;11;4;3;1;324;15;6;;;
ZAGREB-JUŽNI DIO;47;1006;704;702;697;5;0;2;0;6;7;0;0;1;192;1;60;2;23;4;14;32;0;3;4;2;2;332;7;3;;;
ZAGREB-JUŽNI DIO;48;974;639;639;630;9;0;1;1;7;6;0;2;3;131;1;59;4;20;9;12;56;0;4;1;2;2;303;3;3;;;
ZAGREB-JUŽNI DIO;49;894;546;546;538;8;0;2;0;5;8;1;0;1;142;0;44;12;16;6;19;38;1;0;1;6;1;223;6;6;;;
ZAGREB-JUŽNI DIO;50;948;689;689;681;8;0;3;0;4;4;0;2;1;175;0;59;3;23;10;16;29;0;7;3;1;1;324;8;8;;;
ZAGREB-JUŽNI DIO;51;1033;663;660;654;6;0;1;2;7;3;0;1;2;148;0;50;4;35;8;12;39;2;5;0;1;4;316;13;1;;;
ZAGREB-JUŽNI DIO;52;1020;723;721;713;8;1;2;1;5;4;0;0;0;174;0;50;0;25;7;20;61;0;5;6;1;2;331;12;6;;;
ZAGREB-JUŽNI DIO;53;1041;766;721;707;14;0;0;0;6;3;0;0;1;218;0;72;5;23;4;16;26;0;3;1;2;0;303;11;13;;;
ZAGREB-JUŽNI DIO;54;871;601;600;591;9;2;2;0;2;4;0;0;4;160;1;40;3;13;2;23;43;2;1;2;2;6;260;15;4;;;
ZAGREB-JUŽNI DIO;55;1232;849;847;839;8;2;2;2;4;7;0;1;1;240;0;77;5;29;4;20;42;0;14;0;2;6;354;20;7;;;
ZAGREB-JUŽNI DIO;56;1153;799;799;796;3;0;1;0;3;6;0;0;2;206;0;65;3;31;6;18;52;1;3;8;3;4;365;10;9;;;
ZAGREB-JUŽNI DIO;57;1450;984;980;970;10;2;4;1;6;9;0;3;0;295;1;59;10;39;6;21;42;2;17;6;2;3;419;11;12;;;
ZAGREB-JUŽNI DIO;58;1307;938;938;928;10;0;2;0;10;5;0;1;2;269;2;82;4;35;10;37;60;1;9;3;3;5;371;8;9;;;
ZAGREB-JUŽNI DIO;59;1364;941;941;933;8;0;0;1;8;9;0;1;2;269;2;68;4;33;8;15;32;0;10;3;3;5;445;10;5;;;
ZAGREB-JUŽNI DIO;60;1234;829;829;821;8;1;5;0;4;8;0;0;1;272;1;60;1;35;8;23;34;0;22;2;3;13;310;12;6;;;
ZAGREB-JUŽNI DIO;61;1449;987;987;979;8;0;6;0;7;13;0;0;3;314;0;79;5;56;6;31;38;2;15;5;1;7;375;8;8;;;
ZAGREB-JUŽNI DIO;62;1490;968;967;960;7;0;3;2;3;4;0;0;3;339;0;71;2;31;3;24;43;0;7;2;2;4;399;9;9;;;
ZAGREB-JUŽNI DIO;63;1020;690;690;677;13;0;1;1;4;2;0;0;2;203;1;55;7;27;5;22;31;1;12;1;5;3;286;3;5;;;
ZAGREB-JUŽNI DIO;64;1001;751;751;744;7;0;0;0;5;8;0;1;0;208;0;51;3;36;8;10;43;1;1;3;1;1;351;5;8;;;
ZAGREB-JUŽNI DIO;65;1074;750;750;744;6;2;1;0;7;5;1;1;1;232;0;54;3;26;10;31;33;1;7;3;2;1;308;11;4;;;
ZAGREB-JUŽNI DIO;66;1681;1108;1108;1094;14;1;4;1;6;6;0;1;4;371;1;70;12;56;7;32;74;4;9;2;4;4;408;11;6;;;
ZAGREB-JUŽNI DIO;67;1602;981;981;972;9;1;2;0;4;13;0;0;2;394;0;40;7;30;9;25;30;0;7;0;1;4;392;6;5;;;
ZAGREB-JUŽNI DIO;68;1429;934;933;924;9;0;4;0;6;8;0;0;3;332;2;47;6;28;6;19;36;1;11;1;1;6;395;6;6;;;
ZAGREB-JUŽNI DIO;69;1480;996;996;983;13;0;4;2;5;5;0;2;0;344;0;52;3;41;6;28;45;3;11;1;1;7;409;9;5;;;
ZAGREB-JUŽNI DIO;70;1305;837;836;819;17;0;1;1;6;3;0;1;0;311;1;47;2;21;6;37;26;1;2;4;3;7;328;4;7;;;
ZAGREB-JUŽNI DIO;71;1356;930;903;898;5;2;2;1;8;13;0;0;1;295;1;54;7;47;7;25;29;1;9;3;5;4;367;11;6;;;
ZAGREB-JUŽNI DIO;72;1946;1162;1162;1147;15;1;9;4;10;15;0;0;3;437;1;48;6;40;10;49;61;1;7;7;1;2;412;10;13;;;
ZAGREB-JUŽNI DIO;73;1868;1200;1196;1185;11;0;3;1;5;7;0;2;0;450;1;59;4;44;12;37;22;1;20;5;3;9;479;12;9;;;
ZAGREB-JUŽNI DIO;74;771;518;518;508;10;0;3;0;6;5;0;1;0;129;1;26;2;19;5;20;27;0;3;3;3;3;243;4;5;;;
ZAGREB-JUŽNI DIO;75;1426;922;922;916;6;1;0;2;3;15;0;1;0;273;0;46;3;43;12;24;52;0;4;3;2;4;408;12;8;;;
ZAGREB-JUŽNI DIO;76;1513;980;980;967;13;0;3;1;9;6;0;0;5;291;0;75;10;58;5;25;41;5;8;1;2;4;399;12;7;;;
ZAGREB-JUŽNI DIO;77;1496;1004;1003;993;10;1;3;2;4;10;0;0;5;318;0;79;8;46;11;20;41;0;6;0;0;3;421;9;6;;;
ZAGREB-JUŽNI DIO;78;1404;1047;966;952;14;0;5;0;5;11;0;1;4;287;0;50;5;22;10;23;38;0;2;2;3;1;468;5;10;;;
ZAGREB-JUŽNI DIO;79;1686;1153;1153;1141;12;1;2;1;7;10;10;1;1;422;1;50;2;44;6;37;48;1;6;3;9;2;468;3;6;;;
ZAGREB-JUŽNI DIO;80;1475;985;985;971;14;0;8;2;12;12;0;3;5;264;0;73;2;29;9;24;49;0;8;5;5;12;438;5;6;;;
ZAGREB-JUŽNI DIO;81;1358;1073;1073;1065;8;1;2;0;11;7;1;0;1;257;2;287;1;35;8;25;18;2;8;1;2;6;378;4;8;;;
ZAGREB-JUŽNI DIO;82;1236;905;905;900;5;0;3;0;3;8;0;2;1;219;0;214;4;19;5;21;8;1;6;3;0;7;368;2;6;;;
ZAGREB-JUŽNI DIO;83;1411;953;953;935;18;0;2;1;5;12;0;0;1;290;1;70;7;40;7;25;47;0;8;7;2;1;396;6;7;;;
ZAGREB-JUŽNI DIO;84;1177;784;784;773;11;0;0;1;4;9;0;1;1;247;1;37;1;28;8;15;40;0;7;1;2;4;350;14;2;;;
ZAGREB-JUŽNI DIO;85;1433;966;966;947;19;0;5;1;6;16;0;0;4;285;0;63;4;32;4;29;35;1;5;5;1;4;430;8;9;;;
ZAGREB-JUŽNI DIO;86;1213;802;802;790;12;1;0;0;9;6;0;0;4;276;0;50;6;12;6;31;33;0;8;0;5;4;320;10;9;;;
ZAGREB-JUŽNI DIO;87;1579;1053;1053;1041;12;0;7;2;12;10;0;1;1;372;1;59;2;55;10;26;40;2;8;3;3;8;404;11;4;;;
ZAGREB-JUŽNI DIO;88;1269;841;841;825;16;0;1;1;7;4;1;1;4;245;0;56;1;37;7;20;34;3;5;3;4;2;367;15;7;;;
ZAGREB-JUŽNI DIO;89;1321;928;928;919;9;0;2;1;6;9;1;0;1;294;0;84;5;23;8;32;38;0;10;3;0;2;391;6;3;;;
ZAGREB-JUŽNI DIO;90;1374;947;946;939;7;3;3;0;5;6;1;1;2;282;0;83;2;28;6;31;52;2;6;4;5;1;386;19;11;;;
ZAGREB-JUŽNI DIO;91;1750;1172;1172;1155;17;1;6;0;5;8;0;1;1;337;0;75;7;49;18;25;61;0;6;1;2;3;527;16;6;;;
ZAGREB-JUŽNI DIO;92;1543;1033;1033;1021;12;4;1;2;2;6;0;1;5;299;1;94;2;29;13;29;54;0;1;1;2;1;456;10;8;;;
ZAGREB-JUŽNI DIO;93;1218;862;862;848;14;0;3;1;4;6;3;1;2;203;1;34;3;30;6;20;56;1;6;3;4;5;433;10;13;;;
ZAGREB-JUŽNI DIO;94;1265;877;877;867;10;1;3;0;4;8;0;1;2;238;2;73;7;31;7;20;48;0;4;2;1;7;382;18;8;;;
ZAGREB-JUŽNI DIO;95;1020;672;672;667;5;1;3;1;5;3;0;1;2;195;0;50;3;21;10;19;53;1;3;5;1;0;281;8;1;;;
ZAGREB-JUŽNI DIO;96;1052;711;711;706;5;0;2;1;4;12;1;1;3;202;0;40;3;20;10;19;48;0;7;3;2;1;307;18;2;;;
ZAGREB-JUŽNI DIO;97;1174;787;787;783;4;2;1;0;2;3;0;0;1;168;1;72;4;19;6;25;51;0;6;6;1;2;393;17;3;;;
ZAGREB-JUŽNI DIO;98;1160;824;824;816;8;1;2;4;5;10;0;0;3;208;0;35;2;41;9;17;44;2;5;8;3;1;396;11;9;;;
ZAGREB-JUŽNI DIO;99;1534;1106;1106;1095;11;0;2;2;8;11;0;0;2;260;0;59;4;43;16;35;81;1;5;3;5;8;520;23;7;;;
ZAGREB-JUŽNI DIO;100;1236;760;738;723;15;2;3;2;4;7;1;3;1;201;0;22;1;85;4;30;35;3;0;1;2;1;298;14;3;;;
ZAGREB-JUŽNI DIO;101;1540;924;924;916;8;1;7;1;5;13;1;1;1;354;3;29;6;67;10;26;33;1;6;1;2;9;328;10;1;;;
ZAGREB-JUŽNI DIO;102;1661;1018;1017;994;23;1;3;3;7;14;0;1;1;391;1;28;6;101;8;48;36;1;5;3;3;5;308;16;4;;;
ZAGREB-JUŽNI DIO;103;744;474;474;470;4;0;1;5;2;4;1;1;1;122;0;14;3;72;6;4;17;3;3;3;0;0;202;5;1;;;
ZAGREB-JUŽNI DIO;104;573;421;421;417;4;0;1;2;2;7;0;0;1;194;0;14;3;60;1;11;9;0;3;0;0;2;99;6;2;;;
ZAGREB-JUŽNI DIO;105;667;425;425;422;3;0;1;0;2;3;0;1;4;156;2;26;3;29;4;11;7;0;5;2;1;3;157;5;0;;;
ZAGREB-JUŽNI DIO;106;1204;734;733;717;16;1;1;5;1;6;0;0;1;256;1;10;0;90;10;32;31;2;3;1;0;6;251;3;6;;;
ZAGREB-JUŽNI DIO;107;314;200;200;197;3;0;0;1;1;3;1;1;0;71;0;3;0;23;0;1;3;0;3;0;2;1;81;2;0;;;
ZAGREB-JUŽNI DIO;108;83;55;55;55;0;0;0;0;0;1;0;0;0;10;0;1;0;4;0;1;0;0;0;0;0;1;37;0;0;;;
ZAGREB-JUŽNI DIO;109;183;145;145;140;5;1;0;0;0;2;0;1;0;39;0;2;0;42;3;4;4;0;0;0;0;1;41;0;0;;;
ZAGREB-JUŽNI DIO;110;59;44;44;43;1;0;0;0;0;4;2;0;0;8;0;3;0;0;0;1;4;0;0;0;0;0;20;0;1;;;
ZAGREB-JUŽNI DIO;111;490;314;314;306;8;0;0;3;0;8;1;2;3;150;1;9;2;27;4;6;9;0;3;1;0;2;70;2;3;;;
ZAGREB-JUŽNI DIO;112;706;446;446;439;7;1;1;2;2;0;0;1;1;202;1;9;0;60;1;12;16;0;6;0;3;2;117;1;1;;;
ZAGREB-JUŽNI DIO;113;265;195;195;190;5;0;3;1;0;2;1;0;1;87;1;8;1;15;3;5;6;0;0;0;0;1;48;5;2;;;
BARILOVIÆ;1;635;429;429;425;4;2;0;2;0;5;3;4;0;184;1;30;2;42;1;15;7;1;7;0;1;1;114;3;0;;;
BARILOVIÆ;2;481;296;296;293;3;0;0;0;2;2;0;0;1;181;0;14;0;34;3;4;12;1;2;0;1;0;28;8;0;;;
BARILOVIÆ;3;276;191;191;190;1;0;0;0;1;0;1;0;0;116;0;14;1;20;0;1;4;0;0;0;2;2;27;1;0;;;
BARILOVIÆ;4;255;165;165;163;2;0;0;1;0;1;0;0;1;101;1;10;0;11;2;7;3;0;0;0;0;2;22;1;0;;;
BARILOVIÆ;5;54;29;29;28;1;0;0;0;1;1;0;1;0;2;0;16;0;2;0;0;0;0;0;0;0;0;5;0;0;;;
BARILOVIÆ;6;64;43;43;43;0;0;0;0;0;0;0;2;0;13;0;14;0;5;0;1;1;0;0;0;0;0;7;0;0;;;
BARILOVIÆ;7;200;153;153;151;2;0;0;0;0;0;0;0;1;92;1;22;0;12;0;2;5;0;1;0;0;1;12;2;0;;;
BARILOVIÆ;8;131;115;115;115;0;0;0;0;0;0;0;0;2;45;0;18;0;14;1;21;2;0;0;0;0;1;11;0;0;;;
BARILOVIÆ;9;147;95;95;93;2;0;2;0;0;2;0;0;1;10;2;43;1;2;0;2;2;1;1;1;0;0;23;0;0;;;
BARILOVIÆ;10;159;136;136;135;1;0;0;0;0;0;0;0;0;77;0;9;0;17;0;29;1;0;0;0;0;0;1;0;1;;;
BARILOVIÆ;11;72;62;62;62;0;0;0;0;0;0;0;0;0;50;0;4;0;1;0;3;0;0;0;0;1;1;2;0;0;;;
BARILOVIÆ;12;172;122;122;113;9;0;1;0;0;1;1;0;0;65;0;10;0;12;0;6;3;0;0;3;0;1;10;0;0;;;
BOSILJEVO;1;504;234;233;227;6;0;0;1;1;2;0;0;1;106;0;23;0;20;4;22;4;1;1;0;1;0;33;4;3;;;
BOSILJEVO;2;371;246;246;231;15;2;0;0;0;3;2;2;1;176;1;3;0;5;1;13;7;1;0;0;0;0;13;1;0;;;
BOSILJEVO;3;471;290;290;285;5;1;1;1;0;4;0;2;1;109;2;17;2;38;0;20;4;0;1;0;0;0;79;1;2;;;
BOSILJEVO;4;61;38;38;38;0;0;0;0;0;0;1;0;0;20;0;1;0;5;0;1;1;0;0;0;0;0;9;0;0;;;
BROD MORAVICE;1;853;586;586;576;10;3;1;1;3;0;0;0;0;279;0;9;1;32;4;26;37;0;0;1;1;0;167;8;3;;;
CETINGRAD;1;1370;459;459;451;8;1;0;3;0;7;0;1;1;262;4;1;1;41;1;35;5;2;4;3;0;1;74;4;0;;;
CETINGRAD;2;1231;549;549;541;8;0;2;3;4;2;0;3;2;358;1;12;0;57;4;42;6;1;2;0;0;0;40;1;1;;;
ÈAVLE;1;1296;837;837;828;9;2;8;1;3;8;0;0;4;171;3;67;8;47;8;17;39;0;1;17;1;4;401;9;9;;;
ÈAVLE;2;1180;766;766;757;9;3;6;0;3;8;0;0;1;191;0;49;1;37;5;22;40;1;1;9;1;6;359;10;4;;;
ÈAVLE;3;820;484;484;474;10;0;4;0;4;3;1;2;2;130;3;22;2;15;2;11;21;1;0;13;2;2;224;6;4;;;
ÈAVLE;4;486;320;319;314;5;1;3;1;2;1;1;0;2;64;1;16;1;28;3;10;10;0;0;6;1;0;155;5;3;;;
ÈAVLE;5;698;445;445;440;5;0;1;0;2;5;2;0;0;111;0;20;0;18;5;9;34;0;0;10;1;1;208;11;2;;;
ÈAVLE;6;1085;760;759;746;13;2;10;1;4;9;1;0;1;208;2;50;5;37;9;20;34;0;2;7;3;1;317;16;7;;;
ÈAVLE;7;356;254;254;247;7;1;5;0;5;4;0;1;0;44;0;13;0;18;6;7;17;0;1;0;1;0;116;2;6;;;
DRAGANIÆ;1;470;283;283;279;4;0;1;3;1;5;0;1;1;110;0;9;0;55;3;13;5;0;1;0;0;0;65;3;3;;;
DRAGANIÆ;2;647;361;361;348;13;0;0;1;0;3;0;0;2;140;1;7;0;38;3;12;18;2;4;1;0;3;110;2;1;;;
DRAGANIÆ;3;637;376;376;372;4;1;2;2;0;1;0;0;1;149;0;16;3;49;1;14;12;2;0;0;0;3;112;1;3;;;
DRAGANIÆ;4;853;553;553;544;9;2;4;0;0;10;1;0;1;189;0;21;2;39;2;35;20;0;5;2;0;10;194;5;2;;;
FUŽINE;1;721;479;479;466;13;1;3;0;3;2;1;1;1;113;0;18;2;22;2;11;17;0;0;6;0;2;249;7;5;;;
FUŽINE;2;367;240;240;225;15;0;4;1;1;1;0;0;0;43;0;17;0;19;0;1;7;2;0;1;0;1;123;2;2;;;
FUŽINE;3;489;301;301;295;6;1;3;1;0;2;0;1;1;88;2;15;1;19;3;17;13;1;0;0;2;2;116;6;1;;;
GENERALSKI STOL;1;316;227;227;221;6;0;0;1;0;5;0;0;1;138;0;14;1;10;2;19;5;1;1;2;1;0;16;4;0;;;
GENERALSKI STOL;2;112;33;33;33;0;0;0;0;0;0;0;0;2;20;0;0;0;5;0;3;1;0;0;1;0;0;1;0;0;;;
GENERALSKI STOL;3;386;193;193;190;3;3;1;6;0;2;0;0;2;110;0;0;0;23;2;7;5;1;2;1;0;3;15;3;4;;;
GENERALSKI STOL;4;835;502;502;489;13;0;1;0;1;4;0;0;6;254;0;15;1;19;2;47;21;3;7;1;1;4;94;7;1;;;
GENERALSKI STOL;5;182;127;127;125;2;1;0;1;2;4;0;1;4;43;2;16;0;7;0;7;2;0;4;0;1;2;24;2;2;;;
GENERALSKI STOL;6;292;150;150;148;2;0;1;1;1;0;0;0;1;81;0;4;0;23;1;6;9;0;7;0;0;3;8;2;0;;;
GENERALSKI STOL;7;254;131;131;125;6;0;0;2;0;1;0;1;0;65;1;16;0;13;0;4;2;0;1;0;0;0;19;0;0;;;
GENERALSKI STOL;8;314;169;169;166;3;1;1;0;1;0;0;0;1;89;0;3;1;20;1;13;5;0;0;0;0;0;29;1;0;;;
JELENJE;1;341;246;246;242;4;0;3;1;3;1;0;1;0;60;0;7;2;20;4;4;20;0;2;5;3;3;92;9;2;;;
JELENJE;2;361;264;264;261;3;0;1;1;3;7;0;1;2;62;1;13;2;33;3;5;13;0;0;3;2;0;106;3;0;;;
JELENJE;3;366;253;253;251;2;0;2;0;1;1;0;0;1;65;0;14;0;27;8;12;12;0;1;1;0;2;99;4;1;;;
JELENJE;4;179;123;123;123;0;0;0;0;3;2;0;0;0;35;0;4;0;22;1;6;4;0;0;0;0;0;42;3;1;;;
JELENJE;5;779;512;512;494;18;1;12;2;9;1;0;1;0;99;1;27;0;30;10;25;30;3;1;13;0;4;213;8;4;;;
JELENJE;6;862;599;599;588;11;0;9;1;4;8;0;0;4;137;1;41;1;34;10;26;27;2;0;7;1;6;259;8;2;;;
JELENJE;7;304;208;208;198;10;1;3;2;2;3;0;1;0;61;0;7;2;11;4;9;8;0;1;2;3;4;66;7;1;;;
JELENJE;8;669;414;414;398;16;1;3;0;1;2;1;0;0;100;1;24;3;27;6;18;25;1;3;7;1;3;155;12;4;;;
JELENJE;9;517;321;321;315;6;1;0;6;5;5;1;0;1;79;0;13;3;26;5;8;24;0;0;6;0;1;117;10;4;;;
JOSIPDOL;1;962;665;665;656;9;0;0;2;1;2;2;1;0;308;0;38;1;25;7;35;21;1;1;5;0;6;183;13;4;;;
JOSIPDOL;2;137;87;87;85;2;0;1;0;0;0;0;0;0;51;1;5;0;7;0;2;2;1;0;1;0;0;8;5;1;;;
JOSIPDOL;3;198;126;126;124;2;0;0;0;0;0;0;0;1;62;2;11;0;5;0;13;1;0;3;0;0;2;21;2;1;;;
JOSIPDOL;4;164;105;105;103;2;0;1;0;0;0;0;0;1;78;0;2;0;3;0;5;4;3;0;0;0;0;6;0;0;;;
JOSIPDOL;5;157;106;106;106;0;0;0;0;0;0;0;0;0;72;0;3;0;2;0;1;4;0;0;1;0;4;16;3;0;;;
JOSIPDOL;6;68;49;49;45;4;0;0;0;1;0;1;0;0;27;0;0;0;4;1;0;1;2;0;0;0;1;6;0;1;;;
JOSIPDOL;7;63;40;40;39;1;0;1;0;0;0;1;0;1;28;1;0;0;1;0;1;2;0;0;0;2;0;1;0;0;;;
JOSIPDOL;8;123;82;82;82;0;0;0;1;2;0;0;0;0;50;0;3;1;0;0;3;8;0;0;1;0;0;13;0;0;;;
JOSIPDOL;9;866;601;601;588;13;1;1;2;6;1;0;0;0;311;1;22;2;24;6;30;45;1;7;0;3;3;117;5;0;;;
JOSIPDOL;10;338;239;239;235;4;1;0;2;0;2;0;0;1;129;1;3;1;7;2;27;16;0;4;0;0;3;33;2;1;;;
JOSIPDOL;11;112;93;93;92;1;0;1;0;0;0;0;0;0;57;0;0;2;3;0;14;5;0;0;0;4;0;3;1;2;;;
KAMANJE;1;452;284;284;277;7;0;0;0;0;2;0;0;0;50;0;14;0;12;0;4;3;0;2;1;5;0;184;0;0;;;
KAMANJE;2;288;208;208;206;2;0;2;0;1;1;0;0;0;60;0;9;0;2;2;4;5;0;0;1;1;2;114;2;0;;;
KAMANJE;3;177;106;106;105;1;0;0;0;0;0;0;0;1;19;0;1;1;2;0;4;5;1;0;0;0;1;68;0;2;;;
KLANA;1;459;310;310;304;6;1;6;0;3;0;0;0;2;74;0;11;1;19;5;4;29;0;1;5;0;3;133;7;0;;;
KLANA;2;572;361;361;355;6;2;6;1;3;5;2;0;2;104;1;13;0;22;6;14;35;0;1;7;2;1;122;5;1;;;
KLANA;3;340;243;243;239;4;1;2;0;1;0;1;0;0;52;1;6;2;20;2;14;17;1;0;3;1;1;100;6;8;;;
KLANA;4;171;114;114;108;6;0;1;1;0;0;0;0;0;13;1;2;0;13;0;1;8;0;0;3;1;2;59;3;0;;;
KLANA;5;100;71;71;69;2;0;0;0;1;0;0;0;0;12;0;0;0;12;0;1;4;0;1;0;1;0;34;2;1;;;
KLANA;6;52;39;39;36;3;0;0;0;0;0;0;0;0;4;0;1;0;0;0;0;0;0;0;1;0;0;30;0;0;;;
KLINÈA SELA;1;291;222;222;213;9;0;2;0;0;3;0;0;0;87;0;2;0;20;2;4;13;0;0;0;2;3;70;2;3;;;
KLINÈA SELA;2;68;48;48;47;1;0;0;0;0;0;0;0;0;8;0;0;0;15;1;3;6;0;0;0;0;0;13;1;0;;;
KLINÈA SELA;3;153;113;113;111;2;0;1;2;0;1;0;0;0;47;0;1;1;10;2;2;27;0;0;1;0;0;16;0;0;;;
KLINÈA SELA;4;309;181;181;181;0;0;0;2;0;0;0;1;0;62;0;3;0;61;2;9;4;0;0;0;0;3;32;0;2;;;
KLINÈA SELA;5;526;357;357;345;12;1;2;1;1;6;0;1;1;106;0;15;0;26;1;25;10;1;2;1;2;4;132;3;4;;;
KLINÈA SELA;6;240;176;176;173;3;0;1;0;1;2;0;0;1;53;0;2;0;20;1;7;10;0;1;0;1;2;64;7;0;;;
KLINÈA SELA;7;149;114;114;108;6;0;0;1;0;1;0;2;2;45;0;0;0;17;1;1;14;0;0;0;0;0;20;4;0;;;
KLINÈA SELA;8;812;502;501;496;5;1;0;0;0;5;0;0;1;204;0;8;3;42;10;20;20;0;4;1;0;5;157;11;4;;;
KLINÈA SELA;9;481;312;312;302;10;1;7;0;0;7;0;0;4;87;0;14;1;33;4;19;20;0;1;0;0;1;92;9;2;;;
KLINÈA SELA;10;97;77;75;72;3;0;0;1;0;0;0;0;0;13;0;1;1;16;2;6;8;0;0;0;1;0;19;3;1;;;
KLINÈA SELA;11;310;174;174;171;3;0;1;1;0;0;1;1;2;44;0;10;0;29;1;1;8;0;3;2;0;2;63;2;0;;;
KLINÈA SELA;12;298;152;152;148;4;0;0;0;0;1;0;0;0;43;2;1;1;44;1;9;9;0;0;0;0;0;37;0;0;;;
KLINÈA SELA;13;94;81;81;81;0;0;1;3;0;0;0;0;0;33;0;0;0;8;0;2;8;0;1;1;0;1;21;2;0;;;
KLINÈA SELA;14;61;37;37;35;2;0;0;0;0;1;0;0;0;13;0;1;0;11;0;2;2;0;0;0;0;0;4;1;0;;;
KLINÈA SELA;15;328;249;249;244;5;0;0;0;0;3;0;0;0;70;0;14;0;44;2;6;12;0;2;0;1;1;85;3;1;;;
KLINÈA SELA;16;109;73;73;68;5;0;0;0;0;1;0;0;0;20;0;2;0;5;1;4;2;0;1;1;0;0;31;0;0;;;
KRAŠIÆ;1;171;98;98;98;0;0;0;1;0;0;1;0;0;47;0;4;0;11;0;3;2;0;4;0;0;0;24;1;0;;;
KRAŠIÆ;2;86;40;40;39;1;0;0;0;1;0;0;0;0;21;0;1;0;5;0;2;0;0;0;2;0;0;6;0;1;;;
KRAŠIÆ;3;260;167;167;159;8;0;1;0;1;1;0;0;1;86;2;1;0;22;3;6;3;0;0;0;9;3;20;0;0;;;
KRAŠIÆ;4;302;191;191;189;2;1;1;1;2;11;0;1;0;103;0;4;1;28;2;8;5;1;0;2;0;1;14;3;0;;;
KRAŠIÆ;5;334;224;223;217;6;0;1;0;2;1;0;1;1;146;1;1;0;13;3;10;8;4;0;0;2;1;19;3;0;;;
KRAŠIÆ;6;158;97;97;96;1;0;1;0;0;7;0;0;2;53;0;4;1;5;0;10;0;1;0;0;0;1;11;0;0;;;
KRAŠIÆ;7;268;139;138;135;3;0;0;0;1;3;0;0;0;96;0;0;0;5;4;6;0;2;0;0;2;3;13;0;0;;;
KRAŠIÆ;8;200;132;132;128;4;0;3;1;2;1;1;0;0;45;2;16;1;13;0;3;3;0;0;0;0;0;35;2;0;;;
KRAŠIÆ;9;69;16;16;12;4;0;0;0;0;0;0;0;0;1;1;0;0;1;0;0;3;0;0;0;0;0;4;2;0;;;
KRAŠIÆ;10;459;243;241;236;5;0;1;1;1;2;0;2;3;134;0;5;1;19;4;1;6;0;0;1;0;3;48;4;0;;;
KRAŠIÆ;11;157;106;106;105;1;0;1;0;1;0;0;1;2;46;0;2;1;18;2;5;7;0;0;0;0;1;17;1;0;;;
KRAŠIÆ;12;95;53;53;53;0;0;0;0;0;1;0;0;4;29;0;1;1;4;0;2;1;0;2;1;0;0;7;0;0;;;
KRAŠIÆ;13;70;43;43;43;0;0;1;0;0;2;0;1;0;21;0;0;5;3;1;1;4;0;0;0;1;0;3;0;0;;;
KRNJAK;1;382;218;218;215;3;2;0;0;1;0;0;0;0;102;0;11;0;2;0;5;2;0;0;3;1;0;84;1;1;;;
KRNJAK;2;278;142;142;139;3;0;0;0;1;1;0;0;1;61;0;4;0;1;0;5;1;0;0;1;0;0;63;0;0;;;
KRNJAK;3;107;42;42;41;1;0;0;1;0;0;0;0;1;9;0;6;0;0;0;2;2;0;0;1;0;1;17;1;0;;;
KRNJAK;4;240;136;136;132;4;0;1;0;0;1;0;0;0;41;1;9;1;1;0;2;2;0;0;0;0;0;72;1;0;;;
KRNJAK;5;201;105;105;99;6;0;0;0;1;2;0;0;0;2;0;20;0;2;0;0;1;1;0;0;0;0;69;1;0;;;
LASINJA;1;80;27;27;24;3;0;0;0;0;0;0;0;0;1;0;9;0;0;0;0;1;0;0;0;0;0;13;0;0;;;
LASINJA;2;257;171;171;166;5;0;0;1;0;0;0;0;0;64;0;1;0;36;2;21;4;1;3;0;0;3;29;1;0;;;
LASINJA;3;496;328;328;326;2;0;0;0;2;2;0;1;2;171;0;15;0;28;2;26;16;1;2;1;3;2;47;2;3;;;
LASINJA;4;493;283;283;281;2;0;0;1;0;3;0;0;2;138;0;5;4;27;0;31;7;2;2;0;0;1;55;2;1;;;
LASINJA;5;222;98;98;97;1;0;1;0;0;0;0;0;0;81;0;2;0;0;1;7;0;0;0;0;0;2;3;0;0;;;
LASINJA;6;38;22;22;22;0;0;0;0;0;0;0;0;0;0;0;6;0;0;0;0;0;0;0;0;0;0;16;0;0;;;
LOKVE;1;990;730;729;716;13;1;3;1;0;3;0;2;1;202;2;31;1;89;7;45;28;0;0;2;3;0;270;16;9;;;
MRKOPALJ;1;971;575;575;561;14;1;5;1;2;7;4;1;2;222;0;12;4;37;4;40;31;0;0;1;2;0;174;9;2;;;
MRKOPALJ;2;332;232;232;224;8;1;2;2;1;1;0;0;4;62;1;5;1;25;0;18;17;0;0;0;2;2;78;2;0;;;
NETRETIÆ;1;133;84;84;83;1;1;0;0;0;0;0;0;0;54;1;1;0;1;3;10;2;0;0;0;0;0;9;1;0;;;
NETRETIÆ;2;83;63;63;62;1;0;0;0;0;1;1;0;0;40;0;3;0;6;0;1;0;1;0;0;0;0;7;2;0;;;
NETRETIÆ;3;138;75;75;74;1;1;1;1;0;0;0;0;0;38;1;0;0;8;0;5;1;0;0;0;0;1;17;0;0;;;
NETRETIÆ;4;203;125;125;119;6;0;1;0;1;1;0;0;0;63;0;9;0;6;3;3;5;0;1;0;0;2;20;3;1;;;
NETRETIÆ;5;74;58;58;58;0;0;0;2;0;1;0;0;0;25;0;2;0;7;0;2;2;0;3;2;0;0;12;0;0;;;
NETRETIÆ;6;61;38;38;38;0;0;0;0;0;0;0;0;0;19;0;1;0;5;0;0;0;0;0;0;0;0;13;0;0;;;
NETRETIÆ;7;75;36;36;35;1;0;0;0;0;0;0;0;0;17;0;0;0;9;0;0;1;0;0;0;0;0;8;0;0;;;
NETRETIÆ;8;213;149;149;148;1;0;0;4;0;3;0;1;1;44;0;0;0;28;3;9;3;0;2;0;0;2;41;3;4;;;
NETRETIÆ;9;60;45;45;43;2;0;0;2;0;0;0;0;0;10;0;5;0;11;0;1;3;0;0;0;0;0;11;0;0;;;
NETRETIÆ;10;104;61;61;60;1;0;0;1;0;2;1;0;0;45;0;2;0;0;3;3;0;0;0;0;0;0;3;0;0;;;
NETRETIÆ;11;113;91;91;90;1;0;1;0;0;0;0;0;1;55;0;3;0;2;3;3;2;2;1;0;0;1;15;0;1;;;
NETRETIÆ;12;284;184;184;179;5;3;1;2;0;0;0;2;0;82;0;3;0;32;1;6;5;0;4;1;1;4;25;3;4;;;
NETRETIÆ;13;357;154;154;150;4;0;0;0;3;2;0;1;1;75;0;2;3;15;1;10;6;0;0;0;0;0;29;2;0;;;
NETRETIÆ;14;465;288;288;284;4;0;1;2;1;4;1;1;1;112;1;15;1;39;1;19;15;0;3;0;3;0;53;11;0;;;
NETRETIÆ;15;282;176;176;172;4;1;0;2;1;2;2;1;8;83;0;2;1;30;4;1;11;0;0;1;0;1;19;2;0;;;
NETRETIÆ;16;202;144;144;140;4;2;1;0;1;1;0;1;1;71;0;3;0;8;1;4;9;0;1;0;0;4;31;1;0;;;
NETRETIÆ;17;214;128;128;126;2;0;0;0;0;1;1;0;0;52;0;1;0;26;0;6;6;0;1;0;0;5;25;2;0;;;
PISAROVINA;1;551;351;351;344;7;3;1;0;3;3;0;1;2;146;0;11;1;29;1;13;9;2;0;3;1;1;109;5;0;;;
PISAROVINA;2;158;114;114;108;6;2;0;0;2;3;0;0;2;30;0;4;0;18;0;4;3;0;0;1;0;0;37;1;1;;;
PISAROVINA;3;153;88;88;87;1;0;0;1;0;1;0;0;0;50;0;2;0;12;0;1;1;1;1;0;0;2;14;1;0;;;
PISAROVINA;4;601;329;329;319;10;0;0;0;2;3;0;0;0;93;0;19;2;40;6;8;16;1;2;3;1;1;120;1;1;;;
PISAROVINA;5;301;199;199;193;6;0;0;4;0;3;1;0;1;77;0;4;1;20;5;9;2;2;0;1;0;1;58;3;1;;;
PISAROVINA;6;169;111;111;105;6;1;0;1;0;1;0;0;0;53;0;1;0;9;0;4;10;0;1;3;0;1;19;1;0;;;
PISAROVINA;7;102;73;73;71;2;0;0;0;1;0;0;1;0;26;0;5;0;7;2;0;5;0;1;0;0;0;21;0;2;;;
PISAROVINA;8;93;54;54;51;3;1;2;0;0;0;0;0;0;20;0;2;2;9;0;2;2;1;0;0;0;0;8;1;1;;;
PISAROVINA;9;261;166;166;163;3;0;0;0;1;1;0;0;0;98;0;4;0;31;2;0;5;2;0;0;0;1;17;1;0;;;
PISAROVINA;10;925;563;563;547;16;2;0;5;1;9;0;0;3;227;0;10;3;76;3;17;19;0;3;2;1;3;156;5;2;;;
PLAŠKI;1;625;407;405;391;14;0;1;0;0;1;1;0;2;205;0;35;0;4;2;8;11;1;1;1;0;2;110;6;0;;;
PLAŠKI;2;321;185;185;175;10;1;0;0;0;0;0;0;1;110;0;18;0;1;2;5;3;0;0;0;0;0;30;4;0;;;
PLAŠKI;3;400;217;217;211;6;0;0;1;0;1;0;2;2;87;0;15;0;5;3;2;8;0;2;0;0;1;79;1;2;;;
RAKOVICA;1;807;487;487;480;7;1;2;2;1;6;0;0;0;253;0;16;1;56;2;27;7;0;9;1;0;0;94;2;0;;;
RAKOVICA;2;646;362;362;358;4;1;0;3;2;1;0;2;4;211;0;4;1;33;1;31;3;0;5;0;1;4;48;1;2;;;
RAKOVICA;3;479;285;285;271;14;0;1;1;0;2;0;0;1;154;0;6;1;26;1;15;9;1;1;1;1;0;47;2;1;;;
RAKOVICA;4;118;57;57;55;2;0;0;0;0;0;0;0;1;29;0;0;0;3;1;1;1;0;0;0;0;0;19;0;0;;;
RAKOVICA;5;295;162;162;161;1;0;1;0;0;0;0;0;0;84;0;1;0;9;1;10;2;0;2;0;2;0;48;1;0;;;
RAVNA GORA;1;1612;1111;1111;1098;13;0;3;2;2;1;0;1;2;375;1;56;2;103;6;38;61;1;2;6;0;6;415;14;1;;;
RAVNA GORA;2;250;184;184;181;3;1;0;1;0;2;0;1;2;54;0;4;1;10;4;6;11;0;0;1;0;0;75;8;0;;;
RAVNA GORA;3;218;142;142;142;0;0;0;0;0;0;0;0;0;47;0;2;2;23;0;3;10;2;0;1;0;0;44;7;1;;;
RAVNA GORA;4;261;187;187;180;7;0;1;1;2;0;0;0;3;62;0;5;1;21;3;6;7;0;0;0;1;2;62;2;1;;;
RIBNIK;1;202;122;122;113;9;0;1;6;0;0;1;0;1;22;0;2;0;33;2;0;5;3;0;0;1;0;30;2;4;;;
RIBNIK;2;165;101;101;98;3;0;1;1;0;0;1;0;0;26;0;4;1;10;2;4;4;1;2;1;0;0;39;1;0;;;
RIBNIK;3;126;65;65;61;4;0;0;0;0;0;0;0;0;23;2;1;0;9;0;1;2;0;0;0;0;0;20;3;0;;;
RIBNIK;4;85;35;35;33;2;0;0;0;0;0;0;0;0;7;0;0;0;13;0;1;0;0;0;0;0;0;12;0;0;;;
SABORSKO;1;613;349;349;341;8;0;0;0;0;0;0;1;2;230;0;12;0;8;2;3;35;1;19;1;1;0;21;3;2;;;
SKRAD;1;1096;793;793;778;15;1;3;0;3;2;0;1;2;269;0;16;1;74;5;26;54;2;0;1;1;8;287;19;3;;;
STUPNIK;1;1339;817;817;803;14;1;2;6;5;17;1;2;3;277;1;47;3;71;7;22;32;0;7;0;4;11;275;7;2;;;
STUPNIK;2;848;488;488;479;9;0;0;9;3;5;0;1;0;154;1;15;2;55;11;22;23;1;2;1;0;1;164;7;2;;;
STUPNIK;3;883;450;450;441;9;3;1;4;2;6;0;4;1;160;1;9;4;46;5;22;22;1;8;2;0;4;125;5;6;;;
TOUNJ;1;351;267;267;258;9;1;3;2;0;4;0;0;0;113;0;25;1;15;1;4;19;0;1;0;0;8;56;3;2;;;
TOUNJ;2;246;137;137;131;6;5;0;0;0;1;0;0;1;77;0;3;0;7;0;13;3;0;1;1;0;2;14;3;0;;;
TOUNJ;3;280;175;175;172;3;0;0;1;1;1;1;0;0;76;0;4;0;27;4;12;11;0;0;0;0;4;29;1;0;;;
TOUNJ;4;187;109;109;105;4;0;0;0;1;0;1;0;0;62;0;7;0;5;0;5;11;0;0;0;0;1;12;0;0;;;
VINODOLSKA OPÆINA;1;890;526;526;516;10;1;4;1;3;3;0;1;2;102;0;55;3;52;7;25;21;1;0;8;1;1;218;4;3;;;
VINODOLSKA OPÆINA;2;783;405;405;402;3;2;4;1;1;3;1;2;0;84;0;20;1;19;3;31;14;0;0;5;1;3;203;2;2;;;
VINODOLSKA OPÆINA;3;948;581;581;574;7;0;2;1;0;5;2;0;1;139;2;25;1;15;3;19;15;0;1;8;1;2;324;3;5;;;
VINODOLSKA OPÆINA;4;596;378;378;373;5;1;0;0;2;1;2;2;0;128;2;14;0;7;3;6;12;0;1;3;1;3;181;4;0;;;
VINODOLSKA OPÆINA;5;289;189;189;189;0;0;1;2;2;0;0;0;2;59;0;8;1;16;1;13;4;0;1;1;0;1;75;2;0;;;
VIŠKOVO;1;1785;1156;1156;1144;12;1;12;1;3;17;0;0;3;316;1;46;3;67;21;15;57;3;4;14;4;2;521;20;13;;;
VIŠKOVO;2;1124;609;609;600;9;0;7;0;2;8;0;0;0;176;0;27;2;17;6;18;29;2;1;15;0;1;276;11;2;;;
VIŠKOVO;3;939;557;557;554;3;0;7;0;1;11;0;0;2;171;1;26;2;36;4;21;19;0;2;7;1;1;231;7;4;;;
VIŠKOVO;4;2232;1322;1322;1306;16;0;11;1;4;15;1;2;4;541;1;58;6;63;9;31;30;1;7;22;6;8;460;16;9;;;
VIŠKOVO;5;1673;1069;1069;1056;13;1;8;2;3;12;0;1;1;389;1;57;2;47;17;31;25;2;1;3;2;1;437;7;6;;;
VIŠKOVO;6;1374;860;860;845;15;1;7;0;4;6;1;3;2;303;0;29;3;26;8;18;28;3;7;15;2;8;355;9;7;;;
VIŠKOVO;7;1018;665;665;661;4;1;10;1;8;5;1;2;2;220;0;30;4;35;5;18;25;0;0;10;1;2;266;11;4;;;
VOJNIÆ;1;280;184;184;180;4;1;1;0;0;0;0;0;0;5;0;4;2;4;0;1;0;1;1;0;0;0;155;4;1;;;
VOJNIÆ;2;289;148;148;146;2;1;0;0;0;0;1;0;1;66;0;1;0;0;0;8;1;0;2;0;0;0;65;0;0;;;
VOJNIÆ;3;142;85;85;85;0;0;0;0;0;0;1;1;0;7;0;1;0;2;0;1;1;0;0;1;0;0;70;0;0;;;
VOJNIÆ;4;477;279;278;275;3;0;2;1;0;0;0;0;2;99;0;2;1;3;1;8;2;0;2;1;0;0;150;1;0;;;
VOJNIÆ;5;356;206;206;203;3;1;0;0;0;2;0;0;1;80;0;6;0;0;0;7;2;0;0;0;2;0;100;1;1;;;
VOJNIÆ;6;970;627;627;624;3;0;4;0;5;1;0;2;0;342;0;17;0;2;2;50;11;0;19;2;1;0;159;5;2;;;
VOJNIÆ;7;304;151;151;147;4;0;0;0;0;1;1;0;2;56;0;2;0;2;1;6;1;0;8;0;2;1;62;0;2;;;
VOJNIÆ;8;252;73;73;71;2;0;1;0;1;1;0;0;1;12;3;4;0;2;1;1;0;0;0;0;1;0;43;0;0;;;
VOJNIÆ;9;185;83;83;80;3;0;2;0;1;0;0;0;0;30;0;2;0;0;0;0;0;0;4;0;0;0;39;1;1;;;
VOJNIÆ;10;487;193;193;188;5;0;0;0;0;3;1;1;0;53;1;9;0;8;1;4;0;2;1;1;0;0;102;1;0;;;
VOJNIÆ;11;229;107;107;102;5;0;0;0;2;0;0;0;0;28;0;4;1;0;1;1;0;0;0;0;0;1;63;0;1;;;
VOJNIÆ;12;142;54;54;54;0;0;1;0;0;0;0;1;2;1;0;24;0;3;0;0;1;0;0;0;1;0;20;0;0;;;
ŽAKANJE;1;213;157;157;155;2;0;0;1;3;0;0;2;1;64;0;7;0;8;4;12;2;0;1;0;0;0;48;0;2;;;
ŽAKANJE;2;435;266;266;262;4;0;2;1;3;3;0;0;0;80;0;4;1;12;4;44;10;1;0;2;0;2;86;5;2;;;
ŽAKANJE;3;82;65;65;64;1;0;0;0;1;0;0;0;0;28;0;1;0;4;0;16;1;0;0;0;0;0;12;1;0;;;
ŽAKANJE;4;114;88;88;85;3;0;1;1;0;2;0;0;0;32;0;2;0;10;2;11;0;0;1;0;0;1;21;1;0;;;
ŽAKANJE;5;168;121;121;118;3;0;1;3;0;0;0;0;1;27;0;10;0;16;2;13;5;0;0;0;2;0;36;2;0;;;
ŽAKANJE;6;249;139;139;136;3;1;1;1;2;4;0;0;2;56;0;3;0;15;0;14;1;0;0;0;2;1;31;1;1;;;
ŽAKANJE;7;54;31;31;31;0;2;0;0;1;0;0;0;0;18;0;0;0;4;0;5;0;0;0;0;0;0;1;0;0;;;
ŽAKANJE;8;96;78;78;78;0;0;0;4;0;2;0;1;0;17;0;1;0;7;1;12;4;0;0;0;1;1;25;2;0;;;
ŽAKANJE;9;127;80;80;78;2;0;1;1;0;1;0;0;0;36;1;1;1;9;1;2;0;0;1;0;1;0;22;0;0;;;
ŽAKANJE;10;217;157;157;153;4;0;2;3;1;0;0;1;0;42;0;6;0;50;2;3;12;0;3;0;0;0;24;3;1;;;
ŽAKANJE;11;151;91;91;91;0;0;1;2;0;0;0;0;0;39;0;0;0;15;1;13;2;0;0;0;0;1;16;1;0;;;
ŽAKANJE;12;81;45;45;44;1;0;0;3;0;1;0;0;0;22;0;0;0;8;0;0;0;0;0;0;0;0;10;0;0;;;
ŽUMBERAK;1;237;143;142;139;3;3;0;1;1;0;0;1;1;48;1;5;0;13;1;9;2;0;1;0;1;1;46;3;1;;;
ŽUMBERAK;2;118;46;46;46;0;4;0;0;1;0;0;0;0;24;0;1;0;5;1;2;1;3;0;0;0;1;3;0;0;;;
ŽUMBERAK;3;126;48;48;46;2;0;0;0;0;1;0;1;0;17;0;0;0;5;0;4;2;1;0;1;0;0;12;2;0;;;
ŽUMBERAK;4;137;65;65;63;2;0;0;2;0;0;1;0;1;30;1;0;2;8;0;7;0;0;0;1;0;0;10;0;0;;;
ŽUMBERAK;5;106;68;68;65;3;0;0;0;2;0;0;0;1;21;0;2;0;4;0;0;2;0;0;1;0;0;32;0;0;;;
ŽUMBERAK;6;244;126;123;121;2;0;0;3;1;0;1;0;0;71;0;2;0;12;0;5;0;2;1;0;0;0;22;1;0;;;
ŽUMBERAK;7;159;74;74;72;2;1;0;2;1;5;0;0;0;27;1;2;0;3;1;5;1;0;0;0;1;1;19;2;0;;;
ŽUMBERAK;8;47;29;29;25;4;0;0;0;0;0;0;0;0;7;3;0;0;2;0;1;0;1;0;0;0;0;10;1;0;;;
POSEBNA BM ZA VII. IJ;;;455;454;450;4;3;2;0;2;3;1;1;3;157;3;21;4;17;2;22;18;1;1;1;0;4;177;1;6;;;
INOZEMSTVO ZA VII. IJ.;;;2301;2287;2257;30;3;3;3;12;10;3;19;41;1634;4;40;9;44;5;112;20;2;17;8;10;7;234;10;7;;;
UKUPNO ZA VII. IJ;;403812;264795;264232;260050;4182;380;1062;665;1345;2996;214;350;802;91387;305;14355;961;16874;2102;8462;11789;401;1644;1158;709;1447;95959;3123;1560;;;
