date,ZZ,SKORO,GL,Pametno,SDP,HNS,HDZ,HSLS,Most,BM365
2016-10-01,5.98,,,1.82,31.57,3.08,35.99,,10.68,2.74
2016-10-02,5.96,,,1.8,31.46,3.09,35.98,,10.72,2.68
2016-10-03,5.95,,,1.79,31.35,3.09,35.96,,10.75,2.61
2016-10-04,5.94,,,1.77,31.24,3.09,35.95,,10.79,2.55
2016-10-05,5.93,,,1.76,31.13,3.09,35.93,,10.83,2.49
2016-10-06,5.92,,,1.75,31.02,3.09,35.91,,10.87,2.42
2016-10-07,5.9,,,1.78,30.92,3.09,35.93,,10.87,2.47
2016-10-08,5.88,,,1.81,30.83,3.09,35.94,,10.87,2.51
2016-10-09,5.87,,,1.84,30.73,3.09,35.96,,10.86,2.55
2016-10-10,5.85,,,1.87,30.64,3.09,35.97,,10.86,2.59
2016-10-11,5.83,,,1.9,30.54,3.09,35.99,,10.86,2.63
2016-10-12,5.81,,,1.93,30.44,3.09,36,,10.85,2.68
2016-10-13,5.79,,,1.96,30.35,3.09,36.02,,10.85,2.72
2016-10-14,5.78,,,1.99,30.25,3.09,36.03,,10.85,2.76
2016-10-15,5.76,,,2.02,30.16,3.08,36.05,,10.85,2.8
2016-10-16,5.74,,,2.06,30.06,3.08,36.06,,10.84,2.84
2016-10-17,5.72,,,2.09,29.97,3.08,36.08,,10.84,2.89
2016-10-18,5.7,,,2.12,29.87,3.08,36.09,,10.84,2.93
2016-10-19,5.69,,,2.15,29.78,3.08,36.11,,10.84,2.97
2016-10-20,5.67,,,2.18,29.68,3.08,36.12,,10.83,3.01
2016-10-21,5.65,,,2.21,29.59,3.08,36.13,,10.83,3.06
2016-10-22,5.63,,,2.24,29.49,3.08,36.15,,10.83,3.1
2016-10-23,5.61,,,2.27,29.4,3.08,36.16,,10.83,3.14
2016-10-24,5.6,,,2.3,29.3,3.08,36.18,,10.82,3.18
2016-10-25,5.58,,,2.34,29.21,3.07,36.19,,10.82,3.22
2016-10-26,5.57,,,2.33,29.16,3.07,36.19,,10.83,3.16
2016-10-27,5.57,,,2.33,29.1,3.07,36.18,,10.84,3.11
2016-10-28,5.56,,,2.33,29.05,3.07,36.18,,10.85,3.05
2016-10-29,5.56,,,2.33,29,3.07,36.17,,10.86,2.99
2016-10-30,5.55,,,2.33,28.95,3.07,36.16,,10.87,2.93
2016-10-31,5.55,,,2.33,28.9,3.06,36.16,,10.88,2.87
2016-11-01,5.54,,,2.33,28.84,3.06,36.15,,10.89,2.81
2016-11-02,5.53,,,2.32,28.79,3.06,36.15,,10.9,2.75
2016-11-03,5.53,,,2.32,28.74,3.06,36.14,,10.91,2.69
2016-11-04,5.52,,,2.32,28.69,3.06,36.14,,10.92,2.63
2016-11-05,5.52,,,2.32,28.63,3.06,36.13,,10.93,2.57
2016-11-06,5.51,,,2.32,28.58,3.05,36.12,,10.94,2.51
2016-11-07,5.56,,,2.33,28.53,3,36.13,,10.93,2.47
2016-11-08,5.61,,,2.33,28.48,2.95,36.13,,10.92,2.44
2016-11-09,5.65,,,2.34,28.42,2.9,36.13,,10.91,2.4
2016-11-10,5.7,,,2.35,28.37,2.85,36.13,,10.9,2.36
2016-11-11,5.75,,,2.35,28.31,2.79,36.13,,10.89,2.32
2016-11-12,5.79,,,2.36,28.26,2.74,36.13,,10.89,2.29
2016-11-13,5.84,,,2.37,28.21,2.69,36.14,,10.88,2.25
2016-11-14,5.88,,,2.37,28.15,2.64,36.14,,10.87,2.21
2016-11-15,5.93,,,2.38,28.1,2.59,36.14,,10.86,2.17
2016-11-16,5.98,,,2.39,28.05,2.53,36.14,,10.85,2.13
2016-11-17,6.02,,,2.39,27.99,2.48,36.14,,10.84,2.1
2016-11-18,6.07,,,2.4,27.94,2.43,36.14,,10.83,2.06
2016-11-19,6.12,,,2.41,27.89,2.38,36.15,,10.82,2.02
2016-11-20,6.16,,,2.42,27.83,2.33,36.15,,10.82,1.98
2016-11-21,6.21,,,2.42,27.78,2.27,36.15,,10.81,1.94
2016-11-22,6.26,,,2.43,27.73,2.22,36.15,,10.8,1.91
2016-11-23,6.3,,,2.44,27.67,2.17,36.15,,10.79,1.87
2016-11-24,6.35,,,2.44,27.62,2.12,36.15,,10.78,1.83
2016-11-25,6.4,,,2.45,27.57,2.07,36.16,,10.77,1.79
2016-11-26,6.36,,,2.42,27.55,2.16,36.16,,10.73,1.83
2016-11-27,6.33,,,2.4,27.53,2.25,36.16,,10.7,1.87
2016-11-28,6.29,,,2.37,27.51,2.34,36.16,,10.66,1.9
2016-11-29,6.25,,,2.35,27.49,2.43,36.16,,10.62,1.94
2016-11-30,6.22,,,2.32,27.47,2.52,36.16,,10.59,1.98
2016-12-01,6.18,,,2.3,27.45,2.61,36.16,,10.55,2.01
2016-12-02,6.15,,,2.27,27.43,2.7,36.16,,10.51,2.05
2016-12-03,6.11,,,2.25,27.41,2.8,36.16,,10.48,2.09
2016-12-04,6.08,,,2.22,27.39,2.89,36.16,,10.44,2.12
2016-12-05,6.12,,,2.21,27.35,2.86,36.18,,10.43,2.14
2016-12-06,6.16,,,2.2,27.31,2.83,36.19,,10.42,2.15
2016-12-07,6.2,,,2.19,27.27,2.8,36.2,,10.4,2.16
2016-12-08,6.24,,,2.18,27.23,2.77,36.22,,10.39,2.18
2016-12-09,6.29,,,2.17,27.19,2.74,36.23,,10.38,2.19
2016-12-10,6.33,,,2.16,27.15,2.71,36.24,,10.37,2.2
2016-12-11,6.37,,,2.14,27.11,2.68,36.26,,10.36,2.21
2016-12-12,6.41,,,2.13,27.07,2.65,36.27,,10.35,2.23
2016-12-13,6.45,,,2.12,27.03,2.62,36.29,,10.34,2.24
2016-12-14,6.49,,,2.11,26.99,2.59,36.3,,10.33,2.25
2016-12-15,6.54,,,2.1,26.95,2.56,36.31,,10.31,2.27
2016-12-16,6.58,,,2.09,26.91,2.53,36.33,,10.3,2.28
2016-12-17,6.62,,,2.07,26.87,2.5,36.34,,10.29,2.29
2016-12-18,6.66,,,2.06,26.83,2.47,36.35,,10.28,2.31
2016-12-19,6.7,,,2.05,26.79,2.44,36.37,,10.27,2.32
2016-12-20,6.75,,,2.04,26.75,2.41,36.38,,10.26,2.33
2016-12-21,6.79,,,2.03,26.71,2.38,36.39,,10.25,2.35
2016-12-22,6.83,,,2.02,26.67,2.35,36.41,,10.24,2.36
2016-12-23,6.87,,,2,26.63,2.32,36.42,,10.22,2.37
2016-12-24,6.91,,,1.99,26.59,2.29,36.44,,10.21,2.39
2016-12-25,6.89,,,2.01,26.57,2.35,36.45,,10.19,2.38
2016-12-26,6.86,,,2.02,26.55,2.4,36.46,,10.16,2.37
2016-12-27,6.84,,,2.03,26.53,2.46,36.47,,10.14,2.36
2016-12-28,6.82,,,2.05,26.52,2.52,36.48,,10.11,2.35
2016-12-29,6.79,,,2.06,26.5,2.57,36.5,,10.09,2.34
2016-12-30,6.77,,,2.07,26.48,2.63,36.51,,10.06,2.33
2016-12-31,6.74,,,2.09,26.46,2.69,36.52,,10.04,2.32
2017-01-01,6.72,,,2.1,26.44,2.74,36.53,,10.01,2.32
2017-01-02,6.69,,,2.11,26.42,2.8,36.55,,9.99,2.31
2017-01-03,6.67,,,2.13,26.4,2.86,36.56,,9.96,2.3
2017-01-04,6.64,,,2.14,26.38,2.91,36.57,,9.94,2.29
2017-01-05,6.62,,,2.15,26.37,2.97,36.58,,9.91,2.28
2017-01-06,6.6,,,2.17,26.35,3.03,36.6,,9.89,2.27
2017-01-07,6.67,,,2.16,26.3,2.99,36.6,,9.86,2.31
2017-01-08,6.74,,,2.16,26.25,2.95,36.61,,9.83,2.34
2017-01-09,6.81,,,2.16,26.2,2.92,36.62,,9.8,2.38
2017-01-10,6.87,,,2.15,26.15,2.88,36.63,,9.77,2.41
2017-01-11,6.94,,,2.15,26.1,2.84,36.64,,9.74,2.45
2017-01-12,7.01,,,2.14,26.05,2.81,36.64,,9.71,2.48
2017-01-13,7.08,,,2.14,26,2.77,36.65,,9.68,2.52
2017-01-14,7.15,,,2.14,25.95,2.73,36.66,,9.66,2.55
2017-01-15,7.22,,,2.13,25.9,2.7,36.67,,9.63,2.59
2017-01-16,7.29,,,2.13,25.85,2.66,36.68,,9.6,2.62
2017-01-17,7.36,,,2.12,25.8,2.62,36.69,,9.57,2.66
2017-01-18,7.43,,,2.12,25.75,2.59,36.69,,9.54,2.69
2017-01-19,7.5,,,2.12,25.7,2.55,36.7,,9.51,2.73
2017-01-20,7.57,,,2.11,25.65,2.51,36.71,,9.48,2.76
2017-01-21,7.64,,,2.11,25.6,2.48,36.72,,9.45,2.8
2017-01-22,7.71,,,2.11,25.55,2.44,36.73,,9.42,2.83
2017-01-23,7.78,,,2.1,25.5,2.4,36.73,,9.39,2.87
2017-01-24,7.85,,,2.1,25.46,2.37,36.74,,9.37,2.9
2017-01-25,7.92,,,2.09,25.41,2.33,36.75,,9.34,2.94
2017-01-26,7.9,,,2.07,25.39,2.41,36.78,,9.31,2.87
2017-01-27,7.88,,,2.04,25.38,2.48,36.8,,9.28,2.81
2017-01-28,7.86,,,2.01,25.36,2.56,36.83,,9.25,2.75
2017-01-29,7.84,,,1.98,25.35,2.64,36.86,,9.22,2.68
2017-01-30,7.82,,,1.96,25.33,2.71,36.88,,9.19,2.62
2017-01-31,7.8,,,1.93,25.31,2.79,36.91,,9.16,2.56
2017-02-01,7.79,,,1.9,25.3,2.86,36.94,,9.14,2.49
2017-02-02,7.77,,,1.88,25.28,2.94,36.96,,9.11,2.43
2017-02-03,7.75,,,1.85,25.27,3.02,36.99,,9.08,2.37
2017-02-04,7.73,,,1.82,25.25,3.09,37.02,,9.05,2.31
2017-02-05,7.71,,,1.79,25.24,3.17,37.04,,9.02,2.24
2017-02-06,7.75,,,1.81,25.21,3.13,37.04,,9.03,2.26
2017-02-07,7.79,,,1.83,25.19,3.09,37.03,,9.04,2.28
2017-02-08,7.84,,,1.84,25.17,3.05,37.02,,9.04,2.3
2017-02-09,7.88,,,1.86,25.14,3.01,37.01,,9.05,2.32
2017-02-10,7.92,,,1.87,25.12,2.97,37.01,,9.06,2.35
2017-02-11,7.96,,,1.89,25.09,2.93,37,,9.07,2.37
2017-02-12,8.01,,,1.91,25.07,2.89,36.99,,9.07,2.39
2017-02-13,8.05,,,1.92,25.05,2.85,36.99,,9.08,2.41
2017-02-14,8.09,,,1.94,25.02,2.81,36.98,,9.09,2.43
2017-02-15,8.13,,,1.95,25,2.78,36.97,,9.1,2.45
2017-02-16,8.18,,,1.97,24.97,2.74,36.97,,9.1,2.47
2017-02-17,8.22,,,1.99,24.95,2.7,36.96,,9.11,2.49
2017-02-18,8.26,,,2,24.93,2.66,36.95,,9.12,2.51
2017-02-19,8.3,,,2.02,24.9,2.62,36.95,,9.13,2.53
2017-02-20,8.35,,,2.03,24.88,2.58,36.94,,9.13,2.55
2017-02-21,8.39,,,2.05,24.85,2.54,36.93,,9.14,2.57
2017-02-22,8.43,,,2.07,24.83,2.5,36.92,,9.15,2.59
2017-02-23,8.47,,,2.08,24.81,2.46,36.92,,9.15,2.61
2017-02-24,8.52,,,2.1,24.78,2.42,36.91,,9.16,2.63
2017-02-25,8.52,,,2.09,24.79,2.51,36.9,,9.17,2.59
2017-02-26,8.51,,,2.09,24.8,2.61,36.89,,9.18,2.54
2017-02-27,8.51,,,2.08,24.81,2.7,36.87,,9.19,2.5
2017-02-28,8.51,,,2.07,24.82,2.79,36.86,,9.2,2.45
2017-03-01,8.51,,,2.07,24.83,2.88,36.85,,9.21,2.4
2017-03-02,8.51,,,2.06,24.83,2.98,36.84,,9.22,2.36
2017-03-03,8.5,,,2.05,24.84,3.07,36.83,,9.23,2.31
2017-03-04,8.5,,,2.05,24.85,3.16,36.81,,9.24,2.27
2017-03-05,8.5,,,2.04,24.86,3.25,36.8,,9.25,2.22
2017-03-06,8.5,,,2.03,24.87,3.35,36.79,,9.26,2.17
2017-03-07,8.48,,,2.04,24.88,3.34,36.77,,9.27,2.2
2017-03-08,8.46,,,2.05,24.89,3.33,36.74,,9.28,2.22
2017-03-09,8.45,,,2.06,24.9,3.33,36.72,,9.3,2.25
2017-03-10,8.43,,,2.07,24.91,3.32,36.69,,9.31,2.28
2017-03-11,8.41,,,2.08,24.93,3.32,36.67,,9.32,2.3
2017-03-12,8.4,,,2.09,24.94,3.31,36.64,,9.34,2.33
2017-03-13,8.38,,,2.1,24.95,3.3,36.62,,9.35,2.35
2017-03-14,8.36,,,2.11,24.96,3.3,36.6,,9.36,2.38
2017-03-15,8.35,,,2.12,24.97,3.29,36.57,,9.38,2.4
2017-03-16,8.33,,,2.13,24.98,3.29,36.55,,9.39,2.43
2017-03-17,8.31,,,2.14,24.99,3.28,36.52,,9.41,2.46
2017-03-18,8.3,,,2.15,25.01,3.27,36.5,,9.42,2.48
2017-03-19,8.28,,,2.16,25.02,3.27,36.47,,9.43,2.51
2017-03-20,8.26,,,2.17,25.03,3.26,36.45,,9.45,2.53
2017-03-21,8.24,,,2.18,25.04,3.26,36.42,,9.46,2.56
2017-03-22,8.23,,,2.18,25.05,3.25,36.4,,9.47,2.58
2017-03-23,8.21,,,2.19,25.06,3.24,36.38,,9.49,2.61
2017-03-24,8.19,,,2.2,25.07,3.24,36.35,,9.5,2.64
2017-03-25,8.2,,,2.21,25.09,3.26,36.34,,9.53,2.57
2017-03-26,8.2,,,2.21,25.12,3.29,36.33,,9.56,2.51
2017-03-27,8.2,,,2.21,25.14,3.31,36.31,,9.58,2.45
2017-03-28,8.21,,,2.21,25.16,3.34,36.3,,9.61,2.38
2017-03-29,8.21,,,2.21,25.18,3.37,36.29,,9.64,2.32
2017-03-30,8.21,,,2.21,25.2,3.39,36.28,,9.66,2.26
2017-03-31,8.22,,,2.21,25.22,3.42,36.27,,9.69,2.19
2017-04-01,8.22,,,2.22,25.24,3.44,36.25,,9.72,2.13
2017-04-02,8.22,,,2.22,25.26,3.47,36.24,,9.75,2.07
2017-04-03,8.22,,,2.22,25.28,3.5,36.23,,9.77,2
2017-04-04,8.23,,,2.22,25.3,3.52,36.22,,9.8,1.94
2017-04-05,8.23,,,2.22,25.32,3.55,36.2,,9.83,1.88
2017-04-06,8.24,,,2.23,25.33,3.52,36.2,,9.81,1.91
2017-04-07,8.25,,,2.24,25.34,3.49,36.19,,9.79,1.95
2017-04-08,8.26,,,2.26,25.34,3.46,36.19,,9.78,1.98
2017-04-09,8.26,,,2.27,25.35,3.43,36.18,,9.76,2.02
2017-04-10,8.27,,,2.28,25.35,3.4,36.18,,9.74,2.05
2017-04-11,8.28,,,2.29,25.36,3.38,36.17,,9.72,2.09
2017-04-12,8.29,,,2.3,25.37,3.35,36.16,,9.71,2.12
2017-04-13,8.3,,,2.31,25.37,3.32,36.16,,9.69,2.16
2017-04-14,8.31,,,2.32,25.38,3.29,36.15,,9.67,2.19
2017-04-15,8.32,,,2.33,25.38,3.26,36.15,,9.66,2.23
2017-04-16,8.33,,,2.34,25.39,3.23,36.14,,9.64,2.27
2017-04-17,8.33,,,2.35,25.4,3.2,36.13,,9.62,2.3
2017-04-18,8.34,,,2.37,25.4,3.17,36.13,,9.61,2.34
2017-04-19,8.35,,,2.38,25.41,3.15,36.12,,9.59,2.37
2017-04-20,8.36,,,2.39,25.42,3.12,36.12,,9.57,2.41
2017-04-21,8.37,,,2.4,25.42,3.09,36.11,,9.55,2.44
2017-04-22,8.38,,,2.41,25.43,3.06,36.11,,9.54,2.48
2017-04-23,8.39,,,2.42,25.43,3.03,36.1,,9.52,2.51
2017-04-24,8.39,,,2.43,25.44,3,36.09,,9.5,2.55
2017-04-25,8.38,,,2.42,25.45,3.04,36.09,,9.53,2.49
2017-04-26,8.37,,,2.41,25.46,3.08,36.09,,9.56,2.43
2017-04-27,8.36,,,2.41,25.47,3.12,36.09,,9.59,2.38
2017-04-28,8.35,,,2.4,25.48,3.16,36.09,,9.61,2.32
2017-04-29,8.34,,,2.39,25.49,3.19,36.09,,9.64,2.26
2017-04-30,8.34,,,2.38,25.5,3.23,36.09,,9.67,2.21
2017-05-01,8.33,,,2.37,25.51,3.27,36.08,,9.7,2.15
2017-05-02,8.32,,,2.36,25.52,3.31,36.08,,9.72,2.09
2017-05-03,8.31,,,2.35,25.53,3.35,36.08,,9.75,2.04
2017-05-04,8.3,,,2.35,25.54,3.38,36.08,,9.78,1.98
2017-05-05,8.29,,,2.34,25.55,3.42,36.08,,9.81,1.92
2017-05-06,8.28,,,2.33,25.56,3.46,36.08,,9.83,1.87
2017-05-07,8.25,,,2.34,25.54,3.44,36.1,,9.8,1.92
2017-05-08,8.23,,,2.34,25.52,3.43,36.13,,9.77,1.97
2017-05-09,8.21,,,2.35,25.5,3.41,36.15,,9.74,2.02
2017-05-10,8.19,,,2.36,25.49,3.39,36.18,,9.71,2.07
2017-05-11,8.17,,,2.36,25.47,3.37,36.2,,9.68,2.12
2017-05-12,8.15,,,2.37,25.45,3.36,36.23,,9.65,2.17
2017-05-13,8.13,,,2.38,25.43,3.34,36.25,,9.61,2.22
2017-05-14,8.11,,,2.38,25.42,3.32,36.28,,9.58,2.27
2017-05-15,8.09,,,2.39,25.4,3.31,36.3,,9.55,2.32
2017-05-16,8.06,,,2.4,25.38,3.29,36.33,,9.52,2.37
2017-05-17,8.04,,,2.4,25.36,3.27,36.35,,9.49,2.42
2017-05-18,8.02,,,2.41,25.35,3.25,36.38,,9.46,2.47
2017-05-19,8,,,2.42,25.33,3.24,36.4,,9.43,2.52
2017-05-20,7.98,,,2.42,25.31,3.22,36.43,,9.4,2.57
2017-05-21,7.96,,,2.43,25.29,3.2,36.45,,9.37,2.61
2017-05-22,7.94,,,2.44,25.28,3.18,36.48,,9.33,2.66
2017-05-23,7.92,,,2.44,25.26,3.17,36.5,,9.3,2.71
2017-05-24,7.89,,,2.45,25.24,3.15,36.53,,9.27,2.76
2017-05-25,7.86,,,2.44,25.26,3.15,36.56,,9.21,2.73
2017-05-26,7.82,,,2.42,25.29,3.15,36.58,,9.16,2.69
2017-05-27,7.79,,,2.41,25.31,3.15,36.61,,9.1,2.65
2017-05-28,7.75,,,2.39,25.33,3.15,36.64,,9.04,2.62
2017-05-29,7.72,,,2.38,25.35,3.15,36.67,,8.98,2.58
2017-05-30,7.68,,,2.36,25.37,3.15,36.7,,8.92,2.54
2017-05-31,7.64,,,2.35,25.39,3.15,36.73,,8.86,2.5
2017-06-01,7.61,,,2.34,25.41,3.15,36.75,,8.81,2.47
2017-06-02,7.57,,,2.32,25.44,3.15,36.78,,8.75,2.43
2017-06-03,7.54,,,2.31,25.46,3.14,36.81,,8.69,2.39
2017-06-04,7.5,,,2.29,25.48,3.14,36.84,,8.63,2.36
2017-06-05,7.46,,,2.28,25.5,3.14,36.87,,8.57,2.32
2017-06-06,7.43,,,2.26,25.52,3.14,36.9,,8.52,2.28
2017-06-07,7.43,,,2.26,25.51,3.12,36.91,,8.49,2.33
2017-06-08,7.44,,,2.25,25.49,3.1,36.93,,8.46,2.37
2017-06-09,7.44,,,2.25,25.48,3.08,36.94,,8.42,2.41
2017-06-10,7.44,,,2.24,25.46,3.05,36.96,,8.39,2.46
2017-06-11,7.45,,,2.23,25.44,3.03,36.98,,8.36,2.5
2017-06-12,7.45,,,2.23,25.43,3.01,36.99,,8.33,2.55
2017-06-13,7.46,,,2.22,25.41,2.99,37.01,,8.3,2.59
2017-06-14,7.46,,,2.21,25.4,2.96,37.02,,8.27,2.64
2017-06-15,7.46,,,2.21,25.38,2.94,37.04,,8.24,2.68
2017-06-16,7.47,,,2.2,25.37,2.92,37.06,,8.21,2.73
2017-06-17,7.47,,,2.19,25.35,2.9,37.07,,8.18,2.77
2017-06-18,7.47,,,2.19,25.34,2.87,37.09,,8.15,2.81
2017-06-19,7.48,,,2.18,25.32,2.85,37.1,,8.12,2.86
2017-06-20,7.48,,,2.17,25.3,2.83,37.12,,8.09,2.9
2017-06-21,7.49,,,2.17,25.29,2.81,37.14,,8.06,2.95
2017-06-22,7.49,,,2.16,25.27,2.79,37.15,,8.03,2.99
2017-06-23,7.49,,,2.15,25.26,2.76,37.17,,7.99,3.04
2017-06-24,7.5,,,2.15,25.24,2.74,37.18,,7.96,3.08
2017-06-25,7.5,,,2.14,25.23,2.72,37.2,,7.93,3.12
2017-06-26,7.51,,,2.14,25.21,2.7,37.21,,7.9,3.17
2017-06-27,7.49,,,2.13,25.23,2.69,37.23,,7.87,3.14
2017-06-28,7.48,,,2.12,25.24,2.69,37.25,,7.84,3.12
2017-06-29,7.47,,,2.11,25.26,2.69,37.26,,7.81,3.1
2017-06-30,7.46,,,2.11,25.27,2.68,37.28,,7.78,3.07
2017-07-01,7.45,,,2.1,25.29,2.68,37.29,,7.75,3.05
2017-07-02,7.43,,,2.09,25.3,2.67,37.31,,7.72,3.02
2017-07-03,7.42,,,2.08,25.32,2.67,37.32,,7.69,3
2017-07-04,7.41,,,2.08,25.33,2.67,37.34,,7.65,2.97
2017-07-05,7.4,,,2.07,25.35,2.66,37.36,,7.62,2.95
2017-07-06,7.42,,,2.05,25.34,2.64,37.35,,7.62,3
2017-07-07,7.44,,,2.03,25.33,2.62,37.35,,7.61,3.05
2017-07-08,7.46,,,2.02,25.31,2.6,37.35,,7.61,3.1
2017-07-09,7.48,,,2,25.3,2.58,37.35,,7.6,3.15
2017-07-10,7.5,,,1.98,25.29,2.55,37.35,,7.6,3.2
2017-07-11,7.52,,,1.96,25.28,2.53,37.35,,7.59,3.25
2017-07-12,7.54,,,1.94,25.27,2.51,37.35,,7.59,3.3
2017-07-13,7.56,,,1.93,25.26,2.49,37.34,,7.58,3.35
2017-07-14,7.58,,,1.91,25.25,2.47,37.34,,7.57,3.4
2017-07-15,7.61,,,1.89,25.24,2.44,37.34,,7.57,3.45
2017-07-16,7.63,,,1.87,25.23,2.42,37.34,,7.56,3.5
2017-07-17,7.65,,,1.85,25.22,2.4,37.34,,7.56,3.55
2017-07-18,7.67,,,1.83,25.21,2.38,37.34,,7.55,3.6
2017-07-19,7.69,,,1.82,25.2,2.35,37.33,,7.55,3.65
2017-07-20,7.71,,,1.8,25.19,2.33,37.33,,7.54,3.7
2017-07-21,7.73,,,1.78,25.18,2.31,37.33,,7.54,3.75
2017-07-22,7.75,,,1.76,25.17,2.29,37.33,,7.53,3.8
2017-07-23,7.77,,,1.74,25.16,2.27,37.33,,7.52,3.84
2017-07-24,7.79,,,1.73,25.15,2.24,37.33,,7.52,3.89
2017-07-25,7.81,,,1.71,25.13,2.22,37.32,,7.51,3.94
2017-07-26,7.81,,,1.68,25.13,2.22,37.33,,7.55,3.9
2017-07-27,7.8,,,1.65,25.13,2.23,37.33,,7.58,3.86
2017-07-28,7.79,,,1.62,25.13,2.23,37.34,,7.62,3.81
2017-07-29,7.79,,,1.59,25.13,2.23,37.34,,7.66,3.77
2017-07-30,7.78,,,1.56,25.13,2.23,37.35,,7.69,3.73
2017-07-31,7.78,,,1.53,25.13,2.23,37.35,,7.73,3.68
2017-08-01,7.77,,,1.5,25.13,2.23,37.35,,7.76,3.64
2017-08-02,7.77,,,1.47,25.13,2.24,37.36,,7.8,3.59
2017-08-03,7.76,,,1.44,25.13,2.24,37.36,,7.83,3.55
2017-08-04,7.75,,,1.41,25.13,2.24,37.37,,7.87,3.51
2017-08-05,7.75,,,1.38,25.13,2.24,37.37,,7.9,3.46
2017-08-06,7.74,,,1.36,25.13,2.24,37.38,,7.94,3.42
2017-08-07,7.74,,,1.36,25.13,2.21,37.36,,7.94,3.44
2017-08-08,7.74,,,1.37,25.14,2.18,37.35,,7.93,3.46
2017-08-09,7.74,,,1.38,25.15,2.14,37.34,,7.93,3.48
2017-08-10,7.74,,,1.39,25.15,2.11,37.33,,7.93,3.51
2017-08-11,7.74,,,1.4,25.16,2.08,37.32,,7.93,3.53
2017-08-12,7.74,,,1.41,25.16,2.04,37.31,,7.92,3.55
2017-08-13,7.74,,,1.42,25.17,2.01,37.29,,7.92,3.57
2017-08-14,7.74,,,1.43,25.18,1.98,37.28,,7.92,3.59
2017-08-15,7.74,,,1.44,25.18,1.94,37.27,,7.92,3.62
2017-08-16,7.74,,,1.45,25.19,1.91,37.26,,7.91,3.64
2017-08-17,7.74,,,1.46,25.19,1.88,37.25,,7.91,3.66
2017-08-18,7.74,,,1.47,25.2,1.84,37.24,,7.91,3.68
2017-08-19,7.74,,,1.47,25.21,1.81,37.22,,7.91,3.7
2017-08-20,7.74,,,1.48,25.21,1.78,37.21,,7.9,3.73
2017-08-21,7.74,,,1.49,25.22,1.74,37.2,,7.9,3.75
2017-08-22,7.74,,,1.5,25.22,1.71,37.19,,7.9,3.77
2017-08-23,7.74,,,1.51,25.23,1.68,37.18,,7.89,3.79
2017-08-24,7.74,,,1.52,25.24,1.65,37.17,,7.89,3.81
2017-08-25,7.74,,,1.53,25.24,1.61,37.15,,7.89,3.84
2017-08-26,7.74,,,1.54,25.25,1.58,37.14,,7.89,3.86
2017-08-27,7.74,,,1.55,25.25,1.59,37.14,,7.92,3.79
2017-08-28,7.74,,,1.56,25.25,1.6,37.13,,7.95,3.73
2017-08-29,7.74,,,1.57,25.25,1.61,37.13,,7.97,3.67
2017-08-30,7.74,,,1.58,25.26,1.62,37.12,,8,3.61
2017-08-31,7.74,,,1.6,25.26,1.62,37.11,,8.03,3.54
2017-09-01,7.74,,,1.61,25.26,1.63,37.11,,8.06,3.48
2017-09-02,7.73,,,1.62,25.26,1.64,37.1,,8.09,3.42
2017-09-03,7.73,,,1.63,25.26,1.65,37.1,,8.12,3.36
2017-09-04,7.73,,,1.64,25.27,1.66,37.09,,8.15,3.29
2017-09-05,7.73,,,1.65,25.27,1.67,37.08,,8.18,3.23
2017-09-06,7.73,,,1.66,25.27,1.68,37.08,,8.21,3.17
2017-09-07,7.78,,,1.67,25.26,1.66,37.05,,8.21,3.19
2017-09-08,7.83,,,1.67,25.24,1.64,37.02,,8.22,3.21
2017-09-09,7.87,,,1.68,25.23,1.63,36.99,,8.23,3.23
2017-09-10,7.92,,,1.68,25.21,1.61,36.96,,8.23,3.25
2017-09-11,7.97,,,1.68,25.2,1.59,36.93,,8.24,3.28
2017-09-12,8.02,,,1.69,25.18,1.57,36.91,,8.24,3.3
2017-09-13,8.06,,,1.69,25.17,1.55,36.88,,8.25,3.32
2017-09-14,8.11,,,1.69,25.15,1.53,36.85,,8.25,3.34
2017-09-15,8.16,,,1.7,25.13,1.52,36.82,,8.26,3.36
2017-09-16,8.21,,,1.7,25.12,1.5,36.79,,8.26,3.38
2017-09-17,8.25,,,1.7,25.1,1.48,36.76,,8.27,3.41
2017-09-18,8.3,,,1.71,25.09,1.46,36.73,,8.27,3.43
2017-09-19,8.35,,,1.71,25.07,1.44,36.71,,8.28,3.45
2017-09-20,8.39,,,1.71,25.06,1.43,36.68,,8.28,3.47
2017-09-21,8.44,,,1.72,25.04,1.41,36.65,,8.29,3.49
2017-09-22,8.49,,,1.72,25.03,1.39,36.62,,8.29,3.51
2017-09-23,8.54,,,1.73,25.01,1.37,36.59,,8.3,3.53
2017-09-24,8.58,,,1.73,25,1.35,36.56,,8.3,3.56
2017-09-25,8.63,,,1.73,24.98,1.33,36.53,,8.31,3.58
2017-09-26,8.68,,,1.74,24.97,1.32,36.51,,8.31,3.6
2017-09-27,8.68,,,1.73,24.97,1.32,36.49,,8.33,3.55
2017-09-28,8.68,,,1.72,24.97,1.33,36.48,,8.34,3.51
2017-09-29,8.67,,,1.71,24.97,1.34,36.47,,8.35,3.46
2017-09-30,8.67,,,1.7,24.97,1.35,36.46,,8.37,3.41
2017-10-01,8.67,,,1.7,24.97,1.36,36.45,,8.38,3.36
2017-10-02,8.67,,,1.69,24.97,1.37,36.44,,8.39,3.32
2017-10-03,8.67,,,1.68,24.97,1.37,36.43,,8.41,3.27
2017-10-04,8.67,,,1.67,24.97,1.38,36.42,,8.42,3.22
2017-10-05,8.67,,,1.67,24.97,1.39,36.41,,8.43,3.18
2017-10-06,8.66,,,1.66,24.96,1.4,36.4,,8.44,3.13
2017-10-07,8.66,,,1.65,24.96,1.41,36.39,,8.46,3.08
2017-10-08,8.72,,,1.63,24.96,1.4,36.35,,8.45,3.1
2017-10-09,8.78,,,1.61,24.96,1.39,36.31,,8.45,3.13
2017-10-10,8.84,,,1.58,24.95,1.38,36.27,,8.44,3.15
2017-10-11,8.91,,,1.56,24.95,1.37,36.23,,8.43,3.17
2017-10-12,8.97,,,1.54,24.94,1.36,36.19,,8.43,3.19
2017-10-13,9.03,,,1.52,24.94,1.35,36.16,,8.42,3.21
2017-10-14,9.09,,,1.5,24.94,1.34,36.12,,8.42,3.23
2017-10-15,9.15,,,1.48,24.93,1.33,36.08,,8.41,3.25
2017-10-16,9.21,,,1.46,24.93,1.32,36.04,,8.4,3.27
2017-10-17,9.27,,,1.43,24.92,1.31,36,,8.4,3.3
2017-10-18,9.33,,,1.41,24.92,1.3,35.97,,8.39,3.32
2017-10-19,9.39,,,1.39,24.92,1.29,35.93,,8.38,3.34
2017-10-20,9.45,,,1.37,24.91,1.28,35.89,,8.38,3.36
2017-10-21,9.51,,,1.35,24.91,1.27,35.85,,8.37,3.38
2017-10-22,9.57,,,1.33,24.91,1.26,35.81,,8.37,3.4
2017-10-23,9.63,,,1.31,24.9,1.25,35.77,,8.36,3.42
2017-10-24,9.7,,,1.28,24.9,1.24,35.74,,8.35,3.44
2017-10-25,9.76,,,1.26,24.89,1.23,35.7,,8.35,3.46
2017-10-26,9.82,,,1.24,24.89,1.22,35.66,,8.34,3.49
2017-10-27,9.88,,,1.22,24.89,1.21,35.62,,8.34,3.51
2017-10-28,9.94,,,1.2,24.88,1.2,35.58,,8.33,3.53
2017-10-29,10,,,1.18,24.88,1.19,35.54,,8.32,3.55
2017-10-30,10.01,,,1.16,24.87,1.21,35.51,,8.37,3.49
2017-10-31,10.02,,,1.13,24.86,1.24,35.48,,8.41,3.42
2017-11-01,10.03,,,1.11,24.84,1.27,35.45,,8.45,3.36
2017-11-02,10.04,,,1.09,24.83,1.29,35.42,,8.49,3.29
2017-11-03,10.06,,,1.07,24.82,1.32,35.39,,8.53,3.23
2017-11-04,10.07,,,1.05,24.81,1.35,35.36,,8.58,3.17
2017-11-05,10.08,,,1.03,24.8,1.38,35.33,,8.62,3.1
2017-11-06,10.16,,,1.05,24.76,1.41,35.3,,8.6,3.11
2017-11-07,10.25,,,1.08,24.73,1.43,35.26,,8.59,3.12
2017-11-08,10.33,,,1.11,24.69,1.46,35.23,,8.58,3.12
2017-11-09,10.42,,,1.13,24.66,1.49,35.19,,8.57,3.13
2017-11-10,10.5,,,1.16,24.62,1.52,35.16,,8.56,3.14
2017-11-11,10.59,,,1.19,24.58,1.55,35.12,,8.54,3.14
2017-11-12,10.67,,,1.22,24.55,1.58,35.08,,8.53,3.15
2017-11-13,10.76,,,1.24,24.51,1.61,35.05,,8.52,3.16
2017-11-14,10.84,,,1.27,24.48,1.64,35.01,,8.51,3.17
2017-11-15,10.93,,,1.3,24.44,1.67,34.98,,8.49,3.17
2017-11-16,11.01,,,1.32,24.4,1.7,34.94,,8.48,3.18
2017-11-17,11.1,,,1.35,24.37,1.72,34.91,,8.47,3.19
2017-11-18,11.18,,,1.38,24.33,1.75,34.87,,8.46,3.19
2017-11-19,11.27,,,1.4,24.3,1.78,34.84,,8.44,3.2
2017-11-20,11.35,,,1.43,24.26,1.81,34.8,,8.43,3.21
2017-11-21,11.44,,,1.46,24.22,1.84,34.77,,8.42,3.21
2017-11-22,11.52,,,1.49,24.19,1.87,34.73,,8.41,3.22
2017-11-23,11.61,,,1.51,24.15,1.9,34.69,,8.4,3.23
2017-11-24,11.69,,,1.54,24.12,1.93,34.66,,8.38,3.24
2017-11-25,11.74,,,1.48,24.1,1.91,34.65,,8.38,3.19
2017-11-26,11.78,,,1.42,24.08,1.89,34.64,,8.37,3.14
2017-11-27,11.83,,,1.37,24.06,1.87,34.63,,8.37,3.1
2017-11-28,11.87,,,1.31,24.04,1.85,34.61,,8.36,3.05
2017-11-29,11.92,,,1.25,24.02,1.83,34.6,,8.35,3.01
2017-11-30,11.96,,,1.19,24,1.82,34.59,,8.35,2.96
2017-12-01,12.01,,,1.13,23.98,1.8,34.58,,8.34,2.92
2017-12-02,12.05,,,1.07,23.96,1.78,34.57,,8.34,2.87
2017-12-03,12.1,,,1.02,23.94,1.76,34.56,,8.33,2.83
2017-12-04,12.15,,,0.96,23.92,1.74,34.55,,8.33,2.78
2017-12-05,12.19,,,0.9,23.9,1.72,34.54,,8.32,2.73
2017-12-06,12.24,,,0.84,23.88,1.7,34.53,,8.31,2.69
2017-12-07,12.28,,,0.78,23.86,1.69,34.51,,8.31,2.64
2017-12-08,12.32,,,0.87,23.82,1.72,34.5,,8.29,2.64
2017-12-09,12.36,,,0.95,23.77,1.75,34.48,,8.28,2.64
2017-12-10,12.4,,,1.04,23.72,1.79,34.46,,8.26,2.63
2017-12-11,12.44,,,1.12,23.67,1.82,34.44,,8.25,2.63
2017-12-12,12.47,,,1.2,23.62,1.86,34.42,,8.23,2.63
2017-12-13,12.51,,,1.29,23.58,1.89,34.4,,8.22,2.62
2017-12-14,12.55,,,1.37,23.53,1.93,34.39,,8.2,2.62
2017-12-15,12.59,,,1.46,23.48,1.96,34.37,,8.19,2.62
2017-12-16,12.63,,,1.54,23.43,2,34.35,,8.17,2.62
2017-12-17,12.67,,,1.62,23.38,2.03,34.33,,8.16,2.61
2017-12-18,12.7,,,1.71,23.34,2.06,34.31,,8.14,2.61
2017-12-19,12.74,,,1.79,23.29,2.1,34.29,,8.12,2.61
2017-12-20,12.78,,,1.87,23.24,2.13,34.27,,8.11,2.6
2017-12-21,12.82,,,1.96,23.19,2.17,34.26,,8.09,2.6
2017-12-22,12.86,,,2.04,23.14,2.2,34.24,,8.08,2.6
2017-12-23,12.9,,,2.13,23.1,2.24,34.22,,8.06,2.59
2017-12-24,12.93,,,2.21,23.05,2.27,34.2,,8.05,2.59
2017-12-25,12.96,,,2.17,23.06,2.24,34.18,,8.04,2.6
2017-12-26,12.98,,,2.13,23.07,2.22,34.15,,8.03,2.62
2017-12-27,13,,,2.09,23.08,2.19,34.13,,8.02,2.63
2017-12-28,13.02,,,2.05,23.09,2.16,34.1,,8.01,2.64
2017-12-29,13.05,,,2.01,23.1,2.13,34.08,,8.01,2.65
2017-12-30,13.07,,,1.97,23.11,2.1,34.05,,8,2.67
2017-12-31,13.09,,,1.93,23.12,2.08,34.03,,7.99,2.68
2018-01-01,13.11,,,1.89,23.14,2.05,34.01,,7.98,2.69
2018-01-02,13.14,,,1.85,23.15,2.02,33.98,,7.97,2.7
2018-01-03,13.16,,,1.81,23.16,1.99,33.96,,7.96,2.72
2018-01-04,13.18,,,1.77,23.17,1.96,33.93,,7.96,2.73
2018-01-05,13.2,,,1.73,23.18,1.94,33.91,,7.95,2.74
2018-01-06,13.23,,,1.69,23.19,1.91,33.88,,7.94,2.75
2018-01-07,13.25,,,1.65,23.2,1.88,33.86,,7.93,2.77
2018-01-08,13.27,,,1.67,23.19,1.91,33.83,,7.91,2.79
2018-01-09,13.29,,,1.7,23.19,1.94,33.81,,7.89,2.81
2018-01-10,13.31,,,1.72,23.18,1.97,33.78,,7.87,2.84
2018-01-11,13.33,,,1.75,23.17,1.99,33.75,,7.84,2.86
2018-01-12,13.34,,,1.77,23.16,2.02,33.73,,7.82,2.88
2018-01-13,13.36,,,1.79,23.16,2.05,33.7,,7.8,2.91
2018-01-14,13.38,,,1.82,23.15,2.08,33.68,,7.78,2.93
2018-01-15,13.4,,,1.84,23.14,2.11,33.65,,7.76,2.96
2018-01-16,13.42,,,1.87,23.13,2.13,33.62,,7.74,2.98
2018-01-17,13.44,,,1.89,23.12,2.16,33.6,,7.71,3
2018-01-18,13.46,,,1.92,23.12,2.19,33.57,,7.69,3.03
2018-01-19,13.48,,,1.94,23.11,2.22,33.55,,7.67,3.05
2018-01-20,13.5,,,1.96,23.1,2.25,33.52,,7.65,3.07
2018-01-21,13.52,,,1.99,23.09,2.27,33.49,,7.63,3.1
2018-01-22,13.54,,,2.01,23.09,2.3,33.47,,7.61,3.12
2018-01-23,13.55,,,2.04,23.08,2.33,33.44,,7.58,3.14
2018-01-24,13.57,,,2.06,23.07,2.36,33.41,,7.56,3.17
2018-01-25,13.59,,,2.08,23.06,2.39,33.39,,7.54,3.19
2018-01-26,13.6,,,2.03,23.06,2.38,33.38,,7.53,3.16
2018-01-27,13.6,,,1.98,23.07,2.38,33.36,,7.52,3.13
2018-01-28,13.61,,,1.93,23.07,2.38,33.35,,7.5,3.11
2018-01-29,13.61,,,1.88,23.07,2.37,33.34,,7.49,3.08
2018-01-30,13.61,,,1.82,23.07,2.37,33.33,,7.48,3.05
2018-01-31,13.62,,,1.77,23.07,2.36,33.31,,7.47,3.02
2018-02-01,13.62,,,1.72,23.08,2.36,33.3,,7.46,2.99
2018-02-02,13.63,,,1.67,23.08,2.36,33.29,,7.45,2.96
2018-02-03,13.63,,,1.62,23.08,2.35,33.28,,7.43,2.94
2018-02-04,13.64,,,1.56,23.08,2.35,33.27,,7.42,2.91
2018-02-05,13.63,,,1.63,23.05,2.35,33.23,,7.42,2.93
2018-02-06,13.63,,,1.71,23.01,2.34,33.2,,7.43,2.95
2018-02-07,13.63,,,1.78,22.98,2.34,33.17,,7.43,2.97
2018-02-08,13.62,,,1.85,22.95,2.34,33.14,,7.43,2.98
2018-02-09,13.62,,,1.92,22.91,2.33,33.1,,7.43,3
2018-02-10,13.62,,,1.99,22.88,2.33,33.07,,7.43,3.02
2018-02-11,13.61,,,2.06,22.85,2.33,33.04,,7.43,3.04
2018-02-12,13.61,,,2.13,22.81,2.32,33.01,,7.44,3.06
2018-02-13,13.61,,,2.21,22.78,2.32,32.97,,7.44,3.08
2018-02-14,13.6,,,2.28,22.75,2.31,32.94,,7.44,3.1
2018-02-15,13.6,,,2.35,22.72,2.31,32.91,,7.44,3.12
2018-02-16,13.6,,,2.42,22.68,2.31,32.88,,7.44,3.14
2018-02-17,13.59,,,2.49,22.65,2.3,32.85,,7.45,3.16
2018-02-18,13.59,,,2.56,22.62,2.3,32.81,,7.45,3.18
2018-02-19,13.59,,,2.63,22.58,2.3,32.78,,7.45,3.19
2018-02-20,13.58,,,2.7,22.55,2.29,32.75,,7.45,3.21
2018-02-21,13.58,,,2.78,22.52,2.29,32.72,,7.45,3.23
2018-02-22,13.58,,,2.85,22.48,2.29,32.68,,7.45,3.25
2018-02-23,13.57,,,2.92,22.45,2.28,32.65,,7.46,3.27
2018-02-24,13.58,,,2.92,22.44,2.28,32.62,,7.47,3.29
2018-02-25,13.58,,,2.92,22.42,2.27,32.59,,7.49,3.31
2018-02-26,13.58,,,2.91,22.41,2.27,32.56,,7.51,3.33
2018-02-27,13.58,,,2.91,22.39,2.26,32.54,,7.52,3.35
2018-02-28,13.58,,,2.91,22.38,2.26,32.51,,7.54,3.37
2018-03-01,13.59,,,2.91,22.37,2.25,32.48,,7.56,3.39
2018-03-02,13.59,,,2.91,22.35,2.25,32.45,,7.57,3.41
2018-03-03,13.59,,,2.91,22.34,2.24,32.42,,7.59,3.42
2018-03-04,13.59,,,2.91,22.33,2.24,32.39,,7.61,3.44
2018-03-05,13.6,,,2.9,22.31,2.23,32.36,,7.62,3.46
2018-03-06,13.6,,,2.9,22.3,2.23,32.33,,7.64,3.48
2018-03-07,13.6,,,2.9,22.28,2.22,32.3,,7.66,3.5
2018-03-08,13.6,,,2.9,22.27,2.22,32.27,,7.67,3.52
2018-03-09,13.6,,,2.9,22.26,2.22,32.24,,7.69,3.54
2018-03-10,13.61,,,2.9,22.24,2.21,32.22,,7.71,3.56
2018-03-11,13.61,,,2.89,22.23,2.21,32.19,,7.72,3.58
2018-03-12,13.61,,,2.89,22.22,2.2,32.16,,7.74,3.6
2018-03-13,13.61,,,2.89,22.2,2.2,32.13,,7.76,3.62
2018-03-14,13.62,,,2.89,22.19,2.19,32.1,,7.77,3.64
2018-03-15,13.62,,,2.89,22.18,2.19,32.07,,7.79,3.65
2018-03-16,13.62,,,2.89,22.16,2.18,32.04,,7.81,3.67
2018-03-17,13.62,,,2.89,22.15,2.18,32.01,,7.83,3.69
2018-03-18,13.63,,,2.88,22.13,2.17,31.98,,7.84,3.71
2018-03-19,13.63,,,2.88,22.12,2.17,31.95,,7.86,3.73
2018-03-20,13.63,,,2.88,22.11,2.16,31.93,,7.88,3.75
2018-03-21,13.62,,,2.82,22.15,2.16,31.91,,7.92,3.68
2018-03-22,13.62,,,2.75,22.19,2.17,31.89,,7.96,3.61
2018-03-23,13.61,,,2.68,22.23,2.17,31.87,,8,3.53
2018-03-24,13.61,,,2.62,22.27,2.17,31.85,,8.04,3.46
2018-03-25,13.6,,,2.55,22.31,2.17,31.84,,8.08,3.39
2018-03-26,13.6,,,2.49,22.36,2.17,31.82,,8.13,3.32
2018-03-27,13.59,,,2.42,22.4,2.17,31.8,,8.17,3.24
2018-03-28,13.59,,,2.35,22.44,2.18,31.78,,8.21,3.17
2018-03-29,13.58,,,2.29,22.48,2.18,31.77,,8.25,3.1
2018-03-30,13.58,,,2.22,22.52,2.18,31.75,,8.29,3.03
2018-03-31,13.57,,,2.16,22.56,2.18,31.73,,8.33,2.95
2018-04-01,13.56,,,2.09,22.61,2.18,31.71,,8.38,2.88
2018-04-02,13.56,,,2.02,22.65,2.18,31.7,,8.42,2.81
2018-04-03,13.55,,,1.96,22.69,2.19,31.68,,8.46,2.74
2018-04-04,13.57,,,1.97,22.7,2.16,31.62,,8.51,2.69
2018-04-05,13.6,,,1.97,22.7,2.14,31.57,,8.56,2.64
2018-04-06,13.62,,,1.98,22.71,2.11,31.52,,8.6,2.59
2018-04-07,13.67,,,2.03,22.64,2.06,31.47,,8.58,2.62
2018-04-08,13.72,,,2.09,22.57,2,31.42,,8.55,2.65
2018-04-09,13.78,,,2.14,22.5,1.94,31.37,,8.52,2.69
2018-04-10,13.83,,,2.19,22.43,1.88,31.32,,8.5,2.72
2018-04-11,13.89,,,2.25,22.36,1.82,31.27,,8.47,2.75
2018-04-12,13.94,,,2.3,22.28,1.76,31.22,,8.44,2.78
2018-04-13,14,,,2.35,22.21,1.7,31.17,,8.42,2.82
2018-04-14,14.05,,,2.4,22.14,1.64,31.13,,8.39,2.85
2018-04-15,14.1,,,2.46,22.07,1.58,31.08,,8.37,2.88
2018-04-16,14.16,,,2.51,22,1.52,31.03,,8.34,2.91
2018-04-17,14.21,,,2.56,21.93,1.46,30.98,,8.31,2.94
2018-04-18,14.27,,,2.61,21.86,1.4,30.93,,8.29,2.98
2018-04-19,14.32,,,2.67,21.79,1.34,30.88,,8.26,3.01
2018-04-20,14.37,,,2.72,21.72,1.28,30.83,,8.23,3.04
2018-04-21,14.39,,,2.68,21.73,1.33,30.81,,8.25,3.03
2018-04-22,14.42,,,2.64,21.74,1.38,30.78,,8.26,3.01
2018-04-23,14.44,,,2.61,21.74,1.43,30.75,,8.28,3
2018-04-24,14.46,,,2.57,21.75,1.48,30.72,,8.29,2.98
2018-04-25,14.48,,,2.53,21.76,1.53,30.69,,8.31,2.97
2018-04-26,14.5,,,2.49,21.77,1.58,30.67,,8.32,2.95
2018-04-27,14.52,,,2.46,21.78,1.62,30.64,,8.34,2.94
2018-04-28,14.54,,,2.42,21.79,1.67,30.61,,8.35,2.93
2018-04-29,14.56,,,2.38,21.8,1.72,30.58,,8.37,2.91
2018-04-30,14.58,,,2.34,21.81,1.77,30.55,,8.38,2.9
2018-05-01,14.6,,,2.3,21.82,1.82,30.52,,8.4,2.88
2018-05-02,14.62,,,2.27,21.83,1.87,30.5,,8.42,2.87
2018-05-03,14.64,,,2.23,21.84,1.92,30.47,,8.43,2.85
2018-05-04,14.66,,,2.19,21.85,1.97,30.44,,8.45,2.84
2018-05-05,14.68,,,2.15,21.86,2.02,30.41,,8.46,2.83
2018-05-06,14.7,,,2.12,21.87,2.07,30.38,,8.48,2.81
2018-05-07,14.73,,,2.11,21.84,2.05,30.36,,8.48,2.84
2018-05-08,14.75,,,2.1,21.81,2.03,30.33,,8.48,2.87
2018-05-09,14.77,,,2.09,21.78,2.01,30.3,,8.48,2.9
2018-05-10,14.8,,,2.09,21.75,1.98,30.27,,8.49,2.93
2018-05-11,14.82,,,2.08,21.72,1.96,30.24,,8.49,2.95
2018-05-12,14.84,,,2.07,21.69,1.94,30.22,,8.49,2.98
2018-05-13,14.87,,,2.06,21.66,1.92,30.19,,8.49,3.01
2018-05-14,14.89,,,2.06,21.62,1.9,30.16,,8.5,3.04
2018-05-15,14.91,,,2.05,21.59,1.88,30.13,,8.5,3.07
2018-05-16,14.94,,,2.04,21.56,1.86,30.1,,8.5,3.1
2018-05-17,14.96,,,2.03,21.53,1.84,30.08,,8.5,3.13
2018-05-18,14.99,,,2.02,21.5,1.82,30.05,,8.5,3.15
2018-05-19,15.01,,,2.02,21.47,1.8,30.02,,8.51,3.18
2018-05-20,15.03,,,2.01,21.44,1.77,29.99,,8.51,3.21
2018-05-21,15.06,,,2,21.41,1.75,29.96,,8.51,3.24
2018-05-22,15.08,,,1.99,21.38,1.73,29.94,,8.51,3.27
2018-05-23,15.1,,,1.99,21.35,1.71,29.91,,8.52,3.3
2018-05-24,15.13,,,1.98,21.32,1.69,29.88,,8.52,3.32
2018-05-25,15.15,,,1.97,21.29,1.67,29.85,,8.52,3.35
2018-05-26,15.14,,,1.96,21.31,1.7,29.84,,8.53,3.3
2018-05-27,15.13,,,1.96,21.33,1.73,29.84,,8.54,3.25
2018-05-28,15.11,,,1.95,21.35,1.76,29.83,,8.55,3.2
2018-05-29,15.1,,,1.94,21.37,1.79,29.82,,8.55,3.14
2018-05-30,15.09,,,1.93,21.38,1.83,29.81,,8.56,3.09
2018-05-31,15.08,,,1.93,21.4,1.86,29.8,,8.57,3.04
2018-06-01,15.07,,,1.92,21.42,1.89,29.79,,8.58,2.99
2018-06-02,15.05,,,1.91,21.44,1.92,29.78,,8.58,2.94
2018-06-03,15.04,,,1.9,21.46,1.95,29.77,,8.59,2.88
2018-06-04,15.03,,,1.9,21.48,1.98,29.77,,8.6,2.83
2018-06-05,15.02,,,1.89,21.5,2.01,29.76,,8.61,2.78
2018-06-06,15.01,,,1.88,21.52,2.04,29.75,,8.62,2.73
2018-06-07,15,,,1.87,21.54,2.07,29.74,,8.62,2.67
2018-06-08,14.98,,,1.92,21.54,2.07,29.76,,8.6,2.72
2018-06-09,14.95,,,1.96,21.54,2.06,29.78,,8.58,2.77
2018-06-10,14.93,,,2,21.53,2.06,29.8,,8.55,2.81
2018-06-11,14.91,,,2.04,21.53,2.05,29.83,,8.53,2.86
2018-06-12,14.89,,,2.08,21.53,2.05,29.85,,8.51,2.9
2018-06-13,14.87,,,2.12,21.53,2.04,29.87,,8.48,2.95
2018-06-14,14.85,,,2.17,21.53,2.04,29.89,,8.46,2.99
2018-06-15,14.83,,,2.21,21.52,2.03,29.91,,8.44,3.04
2018-06-16,14.84,,,2.33,21.47,2.03,29.92,,8.44,3.08
2018-06-17,14.85,,,2.46,21.42,2.02,29.92,,8.45,3.13
2018-06-18,14.86,,,2.58,21.37,2.02,29.93,,8.45,3.17
2018-06-19,14.87,,,2.71,21.32,2.01,29.94,,8.45,3.22
2018-06-20,14.88,,,2.83,21.26,2.01,29.94,,8.46,3.26
2018-06-21,14.87,,,2.83,21.24,2.01,29.93,,8.46,3.26
2018-06-22,14.86,,,2.83,21.22,2.01,29.92,,8.46,3.26
2018-06-23,14.86,,,2.83,21.2,2.01,29.91,,8.46,3.25
2018-06-24,14.85,,,2.83,21.18,2.01,29.9,,8.46,3.25
2018-06-25,14.84,,,2.83,21.16,2.01,29.89,,8.46,3.24
2018-06-26,14.83,,,2.83,21.14,2.01,29.88,,8.46,3.24
2018-06-27,14.82,,,2.83,21.12,2.01,29.87,,8.46,3.24
2018-06-28,14.82,,,2.83,21.09,2.01,29.86,,8.46,3.23
2018-06-29,14.81,,,2.83,21.07,2.01,29.85,,8.46,3.23
2018-06-30,14.8,,,2.83,21.05,2.01,29.84,,8.46,3.23
2018-07-01,14.79,,,2.83,21.03,2.01,29.83,,8.46,3.22
2018-07-02,14.79,,,2.83,21.01,2.01,29.82,,8.46,3.22
2018-07-03,14.78,,,2.83,20.99,2.01,29.81,,8.46,3.21
2018-07-04,14.77,,,2.83,20.97,2.01,29.8,,8.46,3.21
2018-07-05,14.76,,,2.83,20.95,2.01,29.78,,8.46,3.21
2018-07-06,14.73,,,2.85,20.91,1.96,29.79,,8.46,3.24
2018-07-07,14.71,,,2.87,20.87,1.92,29.8,,8.46,3.28
2018-07-08,14.68,,,2.9,20.84,1.87,29.8,,8.46,3.32
2018-07-09,14.65,,,2.92,20.8,1.82,29.81,,8.47,3.36
2018-07-10,14.62,,,2.95,20.77,1.77,29.82,,8.47,3.4
2018-07-11,14.59,,,2.97,20.73,1.72,29.82,,8.47,3.44
2018-07-12,14.57,,,2.99,20.7,1.67,29.83,,8.47,3.47
2018-07-13,14.54,,,3.02,20.66,1.62,29.83,,8.47,3.51
2018-07-14,14.51,,,3.04,20.63,1.57,29.84,,8.47,3.55
2018-07-15,14.48,,,3.06,20.59,1.52,29.85,,8.47,3.59
2018-07-16,14.45,,,3.09,20.56,1.48,29.85,,8.48,3.63
2018-07-17,14.43,,,3.11,20.52,1.43,29.86,,8.48,3.67
2018-07-18,14.4,,,3.13,20.48,1.38,29.87,,8.48,3.7
2018-07-19,14.37,,,3.16,20.45,1.33,29.87,,8.48,3.74
2018-07-20,14.34,,,3.18,20.41,1.28,29.88,,8.48,3.78
2018-07-21,14.35,,,3.16,20.38,1.33,29.88,,8.47,3.77
2018-07-22,14.36,,,3.14,20.36,1.37,29.89,,8.46,3.76
2018-07-23,14.37,,,3.11,20.33,1.42,29.89,,8.45,3.75
2018-07-24,14.38,,,3.09,20.3,1.46,29.89,,8.44,3.74
2018-07-25,14.39,,,3.07,20.27,1.51,29.9,,8.43,3.73
2018-07-26,14.4,,,3.05,20.24,1.56,29.9,,8.42,3.72
2018-07-27,14.41,,,3.02,20.21,1.6,29.9,,8.41,3.71
2018-07-28,14.42,,,3,20.18,1.65,29.91,,8.4,3.7
2018-07-29,14.43,,,2.98,20.15,1.7,29.91,,8.39,3.69
2018-07-30,14.44,,,2.96,20.12,1.74,29.91,,8.38,3.68
2018-07-31,14.45,,,2.93,20.1,1.79,29.91,,8.37,3.67
2018-08-01,14.46,,,2.91,20.07,1.83,29.92,,8.36,3.66
2018-08-02,14.47,,,2.89,20.04,1.88,29.92,,8.35,3.65
2018-08-03,14.48,,,2.87,20.01,1.93,29.92,,8.34,3.64
2018-08-04,14.46,,,2.88,19.95,1.89,29.93,,8.31,3.64
2018-08-05,14.43,,,2.89,19.9,1.84,29.94,,8.27,3.65
2018-08-06,14.4,,,2.9,19.84,1.8,29.95,,8.24,3.66
2018-08-07,14.38,,,2.91,19.78,1.76,29.96,,8.21,3.67
2018-08-08,14.35,,,2.92,19.73,1.72,29.97,,8.17,3.68
2018-08-09,14.32,,,2.93,19.67,1.68,29.98,,8.14,3.69
2018-08-10,14.3,,,2.94,19.61,1.64,29.98,,8.11,3.7
2018-08-11,14.27,,,2.95,19.56,1.59,29.99,,8.07,3.7
2018-08-12,14.24,,,2.96,19.5,1.55,30,,8.04,3.71
2018-08-13,14.22,,,2.97,19.44,1.51,30.01,,8.01,3.72
2018-08-14,14.19,,,2.98,19.39,1.47,30.02,,7.97,3.73
2018-08-15,14.16,,,2.99,19.33,1.43,30.03,,7.94,3.74
2018-08-16,14.14,,,3,19.27,1.39,30.03,,7.9,3.75
2018-08-17,14.11,,,3.01,19.22,1.34,30.04,,7.87,3.75
2018-08-18,14.08,,,3.02,19.16,1.3,30.05,,7.84,3.76
2018-08-19,14.06,,,3.03,19.1,1.26,30.06,,7.8,3.77
2018-08-20,14.03,,,3.04,19.05,1.22,30.07,,7.77,3.78
2018-08-21,14.04,,,3.03,19.06,1.24,30.11,,7.78,3.78
2018-08-22,14.05,,,3.03,19.08,1.27,30.15,,7.79,3.79
2018-08-23,14.05,,,3.03,19.1,1.3,30.2,,7.8,3.79
2018-08-24,14.06,,,3.02,19.12,1.32,30.24,,7.81,3.8
2018-08-25,14.07,,,3.02,19.14,1.35,30.28,,7.82,3.8
2018-08-26,14.07,,,3.02,19.16,1.37,30.33,,7.83,3.81
2018-08-27,14.08,,,3.01,19.17,1.4,30.37,,7.83,3.81
2018-08-28,14.09,,,3.01,19.19,1.42,30.41,,7.84,3.82
2018-08-29,14.09,,,3.01,19.21,1.45,30.46,,7.85,3.82
2018-08-30,14.1,,,3,19.23,1.47,30.5,,7.86,3.83
2018-08-31,14.11,,,3,19.25,1.5,30.54,,7.87,3.84
2018-09-01,14.11,,,3,19.27,1.53,30.59,,7.88,3.84
2018-09-02,14.12,,,3,19.28,1.55,30.63,,7.89,3.85
2018-09-03,14.13,,,2.99,19.3,1.58,30.67,,7.9,3.85
2018-09-04,14.13,,,2.99,19.32,1.6,30.72,,7.91,3.86
2018-09-05,14.14,,,2.99,19.34,1.63,30.76,,7.92,3.86
2018-09-06,14.15,,,2.98,19.36,1.65,30.8,,7.93,3.87
2018-09-07,14.15,,,2.98,19.38,1.68,30.85,,7.94,3.87
2018-09-08,14.16,,,2.98,19.39,1.7,30.89,,7.94,3.88
2018-09-09,14.16,,,2.99,19.38,1.66,30.93,,7.96,3.86
2018-09-10,14.16,,,3,19.37,1.63,30.97,,7.98,3.84
2018-09-11,14.15,,,3.02,19.36,1.59,31.01,,8,3.82
2018-09-12,14.15,,,3.03,19.35,1.55,31.05,,8.02,3.81
2018-09-13,14.14,,,3.05,19.34,1.51,31.09,,8.04,3.79
2018-09-14,14.14,,,3.06,19.33,1.47,31.13,,8.06,3.77
2018-09-15,14.14,,,3.07,19.32,1.43,31.18,,8.08,3.75
2018-09-16,14.13,,,3.09,19.31,1.39,31.22,,8.1,3.74
2018-09-17,14.13,,,3.1,19.3,1.35,31.26,,8.11,3.72
2018-09-18,14.13,,,3.12,19.29,1.31,31.3,,8.13,3.7
2018-09-19,14.12,,,3.13,19.28,1.27,31.34,,8.15,3.68
2018-09-20,14.12,,,3.14,19.27,1.23,31.38,,8.17,3.67
2018-09-21,14.13,,,3.15,19.27,1.27,31.4,,8.12,3.66
2018-09-22,14.14,,,3.15,19.27,1.31,31.41,,8.06,3.65
2018-09-23,14.15,,,3.16,19.28,1.35,31.43,,8.01,3.64
2018-09-24,14.16,,,3.16,19.28,1.39,31.45,,7.96,3.62
2018-09-25,14.17,,,3.17,19.28,1.42,31.47,,7.9,3.61
2018-09-26,14.18,,,3.17,19.28,1.46,31.49,,7.85,3.6
2018-09-27,14.18,,,3.18,19.29,1.5,31.51,,7.8,3.59
2018-09-28,14.19,,,3.18,19.29,1.54,31.52,,7.74,3.58
2018-09-29,14.2,,,3.19,19.29,1.57,31.54,,7.69,3.57
2018-09-30,14.21,,,3.19,19.29,1.61,31.56,,7.64,3.56
2018-10-01,14.22,,,3.2,19.3,1.65,31.58,,7.58,3.55
2018-10-02,14.23,,,3.2,19.3,1.69,31.6,,7.53,3.54
2018-10-03,14.24,,,3.21,19.3,1.72,31.62,,7.48,3.53
2018-10-04,14.25,,,3.21,19.3,1.76,31.63,,7.42,3.52
2018-10-05,14.26,,,3.21,19.31,1.8,31.65,,7.37,3.51
2018-10-06,14.27,,,3.22,19.31,1.84,31.67,,7.32,3.5
2018-10-07,14.28,,,3.22,19.26,1.83,31.69,,7.31,3.52
2018-10-08,14.28,,,3.23,19.22,1.82,31.71,,7.31,3.55
2018-10-09,14.29,,,3.23,19.17,1.81,31.73,,7.3,3.57
2018-10-10,14.3,,,3.24,19.13,1.8,31.75,,7.3,3.6
2018-10-11,14.31,,,3.24,19.08,1.78,31.77,,7.29,3.62
2018-10-12,14.32,,,3.25,19.03,1.77,31.79,,7.29,3.65
2018-10-13,14.33,,,3.25,18.99,1.76,31.81,,7.28,3.67
2018-10-14,14.34,,,3.26,18.94,1.75,31.82,,7.28,3.7
2018-10-15,14.35,,,3.26,18.9,1.74,31.84,,7.27,3.73
2018-10-16,14.36,,,3.26,18.85,1.73,31.86,,7.27,3.75
2018-10-17,14.36,,,3.27,18.8,1.72,31.88,,7.26,3.78
2018-10-18,14.37,,,3.27,18.76,1.71,31.9,,7.26,3.8
2018-10-19,14.37,,,3.23,18.75,1.73,31.92,,7.25,3.75
2018-10-20,14.38,,,3.19,18.74,1.74,31.93,,7.24,3.71
2018-10-21,14.38,,,3.15,18.73,1.75,31.95,,7.24,3.66
2018-10-22,14.38,,,3.11,18.71,1.77,31.97,,7.23,3.61
2018-10-23,14.38,,,3.07,18.7,1.78,31.98,,7.23,3.56
2018-10-24,14.38,,,3.03,18.69,1.8,32,,7.22,3.51
2018-10-25,14.38,,,2.99,18.68,1.81,32.01,,7.22,3.47
2018-10-26,14.39,,,2.95,18.67,1.82,32.03,,7.21,3.42
2018-10-27,14.39,,,2.91,18.66,1.84,32.05,,7.21,3.37
2018-10-28,14.39,,,2.87,18.65,1.85,32.06,,7.2,3.32
2018-10-29,14.39,,,2.83,18.64,1.87,32.08,,7.2,3.27
2018-10-30,14.39,,,2.79,18.62,1.88,32.09,,7.19,3.23
2018-10-31,14.39,,,2.75,18.61,1.89,32.11,,7.18,3.18
2018-11-01,14.4,,,2.71,18.6,1.91,32.13,,7.18,3.13
2018-11-02,14.4,,,2.67,18.59,1.92,32.14,,7.17,3.08
2018-11-03,14.4,,,2.63,18.58,1.93,32.16,,7.17,3.03
2018-11-04,14.4,,,2.59,18.57,1.95,32.17,,7.16,2.99
2018-11-05,14.4,,,2.55,18.56,1.96,32.19,,7.16,2.94
2018-11-06,14.4,,,2.51,18.55,1.98,32.21,,7.15,2.89
2018-11-07,14.41,,,2.47,18.53,1.99,32.22,,7.15,2.84
2018-11-08,14.41,,,2.43,18.52,2,32.24,,7.14,2.8
2018-11-09,14.44,,,2.47,18.44,2.03,32.24,,7.12,2.87
2018-11-10,14.46,,,2.51,18.36,2.06,32.24,,7.1,2.94
2018-11-11,14.49,,,2.56,18.28,2.09,32.23,,7.08,3.01
2018-11-12,14.52,,,2.6,18.19,2.13,32.23,,7.06,3.08
2018-11-13,14.55,,,2.64,18.11,2.16,32.23,,7.04,3.15
2018-11-14,14.58,,,2.68,18.03,2.19,32.23,,7.02,3.21
2018-11-15,14.61,,,2.73,17.94,2.22,32.23,,7,3.28
2018-11-16,14.64,,,2.77,17.86,2.25,32.23,,6.98,3.35
2018-11-17,14.67,,,2.81,17.78,2.28,32.22,,6.96,3.42
2018-11-18,14.7,,,2.85,17.7,2.31,32.22,,6.94,3.49
2018-11-19,14.73,,,2.9,17.61,2.34,32.22,,6.92,3.56
2018-11-20,14.76,,,2.94,17.53,2.37,32.22,,6.9,3.63
2018-11-21,14.78,,,2.93,17.51,2.36,32.22,,6.91,3.62
2018-11-22,14.8,,,2.92,17.5,2.34,32.21,,6.92,3.6
2018-11-23,14.82,,,2.91,17.48,2.33,32.21,,6.93,3.59
2018-11-24,14.85,,,2.9,17.46,2.32,32.2,,6.93,3.57
2018-11-25,14.87,,,2.89,17.44,2.31,32.2,,6.94,3.56
2018-11-26,14.89,,,2.88,17.43,2.3,32.19,,6.95,3.54
2018-11-27,14.91,,,2.87,17.41,2.28,32.19,,6.96,3.53
2018-11-28,14.93,,,2.86,17.39,2.27,32.18,,6.97,3.51
2018-11-29,14.96,,,2.85,17.37,2.26,32.18,,6.98,3.5
2018-11-30,14.98,,,2.84,17.35,2.25,32.17,,6.98,3.48
2018-12-01,15,,,2.83,17.34,2.23,32.17,,6.99,3.46
2018-12-02,15.02,,,2.82,17.32,2.22,32.16,,7,3.45
2018-12-03,15.04,,,2.81,17.3,2.21,32.16,,7.01,3.43
2018-12-04,15.07,,,2.8,17.28,2.2,32.15,,7.02,3.42
2018-12-05,15.09,,,2.8,17.27,2.18,32.15,,7.03,3.4
2018-12-06,15.11,,,2.79,17.25,2.17,32.14,,7.03,3.39
2018-12-07,15.13,,,2.78,17.23,2.16,32.14,,7.04,3.37
2018-12-08,15.16,,,2.77,17.21,2.15,32.13,,7.05,3.36
2018-12-09,15.18,,,2.76,17.19,2.14,32.13,,7.06,3.34
2018-12-10,15.2,,,2.75,17.18,2.12,32.12,,7.07,3.33
2018-12-11,15.22,,,2.74,17.16,2.11,32.12,,7.08,3.31
2018-12-12,15.24,,,2.73,17.14,2.1,32.11,,7.08,3.29
2018-12-13,15.27,,,2.72,17.12,2.09,32.11,,7.09,3.28
2018-12-14,15.29,,,2.71,17.11,2.07,32.1,,7.1,3.26
2018-12-15,15.31,,,2.7,17.09,2.06,32.1,,7.11,3.25
2018-12-16,15.33,,,2.69,17.07,2.05,32.09,,7.12,3.23
2018-12-17,15.36,,,2.68,17.05,2.04,32.09,,7.13,3.22
2018-12-18,15.38,,,2.67,17.03,2.03,32.08,,7.13,3.2
2018-12-19,15.4,,,2.66,17.02,2.01,32.08,,7.14,3.19
2018-12-20,15.42,,,2.65,17,2,32.07,,7.15,3.17
2018-12-21,15.4,,,2.62,17.02,2,32.08,,7.18,3.13
2018-12-22,15.39,,,2.59,17.04,2,32.09,,7.22,3.1
2018-12-23,15.37,,,2.56,17.06,1.99,32.1,,7.25,3.06
2018-12-24,15.35,,,2.53,17.07,1.99,32.1,,7.28,3.02
2018-12-25,15.33,,,2.5,17.09,1.99,32.11,,7.32,2.99
2018-12-26,15.32,,,2.47,17.11,1.99,32.12,,7.35,2.95
2018-12-27,15.3,,,2.44,17.13,1.99,32.13,,7.38,2.91
2018-12-28,15.28,,,2.41,17.15,1.98,32.14,,7.42,2.88
2018-12-29,15.27,,,2.38,17.17,1.98,32.14,,7.45,2.84
2018-12-30,15.25,,,2.35,17.19,1.98,32.15,,7.48,2.8
2018-12-31,15.23,,,2.32,17.21,1.98,32.16,,7.51,2.77
2019-01-01,15.21,,,2.29,17.23,1.97,32.17,,7.55,2.73
2019-01-02,15.2,,,2.26,17.24,1.97,32.18,,7.58,2.69
2019-01-03,15.18,,,2.23,17.26,1.97,32.18,,7.61,2.66
2019-01-04,15.16,,,2.2,17.28,1.97,32.19,,7.65,2.62
2019-01-05,15.14,,,2.18,17.3,1.96,32.2,,7.68,2.58
2019-01-06,15.13,,,2.15,17.32,1.96,32.21,,7.71,2.55
2019-01-07,15.11,,,2.12,17.34,1.96,32.22,,7.75,2.51
2019-01-08,15.05,,,2.15,17.3,1.96,32.18,,7.73,2.59
2019-01-09,15,,,2.18,17.26,1.95,32.15,,7.71,2.66
2019-01-10,14.95,,,2.21,17.22,1.95,32.11,,7.69,2.74
2019-01-11,14.89,,,2.24,17.18,1.95,32.07,,7.67,2.81
2019-01-12,14.84,,,2.27,17.14,1.95,32.04,,7.65,2.88
2019-01-13,14.78,,,2.3,17.1,1.95,32,,7.63,2.96
2019-01-14,14.73,,,2.33,17.06,1.94,31.97,,7.61,3.03
2019-01-15,14.67,,,2.36,17.01,1.94,31.93,,7.59,3.11
2019-01-16,14.62,,,2.39,16.97,1.94,31.9,,7.57,3.18
2019-01-17,14.56,,,2.42,16.93,1.94,31.86,,7.55,3.26
2019-01-18,14.51,,,2.45,16.89,1.93,31.82,,7.53,3.33
2019-01-19,14.45,,,2.48,16.85,1.93,31.79,,7.51,3.41
2019-01-20,14.4,,,2.51,16.81,1.93,31.75,,7.49,3.48
2019-01-21,14.32,,,2.47,16.84,1.92,31.74,,7.48,3.43
2019-01-22,14.24,,,2.43,16.86,1.92,31.72,,7.48,3.38
2019-01-23,14.16,,,2.4,16.89,1.91,31.7,,7.47,3.33
2019-01-24,14.08,,,2.36,16.91,1.9,31.69,,7.47,3.28
2019-01-25,14,,,2.33,16.94,1.9,31.67,,7.46,3.23
2019-01-26,13.93,,,2.29,16.96,1.89,31.66,,7.45,3.18
2019-01-27,13.85,,,2.25,16.99,1.89,31.64,,7.45,3.13
2019-01-28,13.77,,,2.22,17.01,1.88,31.62,,7.44,3.08
2019-01-29,13.69,,,2.18,17.04,1.87,31.61,,7.43,3.03
2019-01-30,13.61,,,2.14,17.06,1.87,31.59,,7.43,2.98
2019-01-31,13.53,,,2.11,17.09,1.86,31.58,,7.42,2.93
2019-02-01,13.45,,,2.07,17.11,1.86,31.56,,7.42,2.88
2019-02-02,13.37,,,2.04,17.14,1.85,31.54,,7.41,2.83
2019-02-03,13.29,,,2,17.16,1.84,31.53,,7.4,2.78
2019-02-04,13.22,,,1.96,17.19,1.84,31.51,,7.4,2.73
2019-02-05,13.14,,,1.93,17.21,1.83,31.5,,7.39,2.68
2019-02-06,13.06,,,1.89,17.24,1.82,31.48,,7.39,2.63
2019-02-07,13.03,,,1.89,17.23,1.82,31.44,,7.38,2.71
2019-02-08,13,,,1.88,17.22,1.82,31.4,,7.38,2.78
2019-02-09,12.97,,,1.88,17.22,1.82,31.37,,7.38,2.86
2019-02-10,12.94,,,1.88,17.21,1.82,31.33,,7.38,2.93
2019-02-11,12.91,,,1.88,17.2,1.82,31.29,,7.37,3.01
2019-02-12,12.89,,,1.87,17.2,1.82,31.25,,7.37,3.08
2019-02-13,12.86,,,1.87,17.19,1.82,31.21,,7.37,3.15
2019-02-14,12.83,,,1.87,17.18,1.82,31.18,,7.37,3.23
2019-02-15,12.8,,,1.86,17.17,1.82,31.14,,7.37,3.3
2019-02-16,12.77,,,1.86,17.17,1.82,31.1,,7.36,3.38
2019-02-17,12.74,,,1.86,17.16,1.82,31.06,,7.36,3.45
2019-02-18,12.71,,,1.85,17.15,1.82,31.02,,7.36,3.53
2019-02-19,12.68,,,1.85,17.15,1.82,30.99,,7.36,3.6
2019-02-20,12.65,,,1.85,17.14,1.82,30.95,,7.35,3.68
2019-02-21,12.6,,,1.83,17.27,1.8,30.94,,7.42,3.64
2019-02-22,12.55,,,1.81,17.39,1.77,30.93,,7.49,3.61
2019-02-23,12.49,,,1.79,17.52,1.74,30.92,,7.56,3.57
2019-02-24,12.44,,,1.77,17.64,1.72,30.91,,7.62,3.53
2019-02-25,12.39,,,1.75,17.77,1.69,30.89,,7.69,3.5
2019-02-26,12.33,,,1.73,17.9,1.67,30.88,,7.76,3.46
2019-02-27,12.28,,,1.71,18.02,1.64,30.87,,7.82,3.42
2019-02-28,12.24,,,1.73,18.04,1.75,30.88,,7.79,3.39
2019-03-01,12.2,,,1.76,18.06,1.87,30.89,,7.76,3.35
2019-03-02,12.16,,,1.78,18.08,1.98,30.9,,7.73,3.31
2019-03-03,12.12,,,1.81,18.1,2.1,30.91,,7.7,3.28
2019-03-04,12.08,,,1.83,18.12,2.21,30.91,,7.67,3.24
2019-03-05,12.04,,,1.86,18.14,2.32,30.92,,7.63,3.2
2019-03-06,12.03,,,1.88,18.11,2.31,30.91,,7.6,3.21
2019-03-07,12.01,,,1.91,18.08,2.29,30.89,,7.57,3.22
2019-03-08,12,,,1.93,18.06,2.27,30.88,,7.54,3.23
2019-03-09,11.98,,,1.96,18.03,2.25,30.86,,7.51,3.23
2019-03-10,11.97,,,1.98,18,2.23,30.85,,7.47,3.24
2019-03-11,11.95,,,2.01,17.97,2.21,30.83,,7.44,3.25
2019-03-12,11.94,,,2.03,17.95,2.2,30.82,,7.41,3.26
2019-03-13,11.93,,,2.05,17.92,2.18,30.81,,7.38,3.26
2019-03-14,11.91,,,2.08,17.89,2.16,30.79,,7.34,3.27
2019-03-15,11.9,,,2.1,17.87,2.14,30.78,,7.31,3.28
2019-03-16,11.88,,,2.13,17.84,2.12,30.76,,7.28,3.29
2019-03-17,11.87,,,2.15,17.81,2.11,30.75,,7.25,3.29
2019-03-18,11.85,,,2.18,17.79,2.09,30.73,,7.21,3.3
2019-03-19,11.83,,,2.05,17.72,1.91,30.7,,7.18,3.45
2019-03-20,11.81,,,1.91,17.65,1.74,30.66,,7.15,3.59
2019-03-21,11.72,,,1.93,17.68,1.76,30.65,,7.17,3.56
2019-03-22,11.64,,,1.95,17.72,1.79,30.64,,7.19,3.52
2019-03-23,11.55,,,1.97,17.75,1.81,30.63,,7.21,3.49
2019-03-24,11.46,,,1.99,17.79,1.84,30.62,,7.23,3.46
2019-03-25,11.37,,,2.01,17.82,1.86,30.61,,7.25,3.42
2019-03-26,11.29,,,2.03,17.86,1.89,30.6,,7.27,3.39
2019-03-27,11.2,,,2.05,17.89,1.91,30.59,,7.29,3.35
2019-03-28,11.11,,,2.06,17.93,1.94,30.58,,7.31,3.32
2019-03-29,11.03,,,2.08,17.96,1.96,30.57,,7.33,3.29
2019-03-30,10.94,,,2.1,18,1.99,30.56,,7.35,3.25
2019-03-31,10.85,,,2.12,18.03,2.01,30.55,,7.37,3.22
2019-04-01,10.77,,,2.14,18.07,2.04,30.54,,7.39,3.18
2019-04-02,10.68,,,2.16,18.1,2.06,30.53,,7.41,3.15
2019-04-03,10.59,,,2.18,18.14,2.08,30.52,,7.43,3.12
2019-04-04,10.5,,,2.2,18.17,2.11,30.51,,7.45,3.08
2019-04-05,10.42,,,2.22,18.21,2.13,30.5,,7.47,3.05
2019-04-06,10.4,,,2.24,18.2,2.16,30.45,,7.46,3.05
2019-04-07,10.39,,,2.25,18.19,2.18,30.41,,7.46,3.04
2019-04-08,10.37,,,2.27,18.19,2.21,30.36,,7.46,3.04
2019-04-09,10.36,,,2.29,18.18,2.23,30.31,,7.46,3.04
2019-04-10,10.34,,,2.31,18.18,2.26,30.27,,7.46,3.03
2019-04-11,10.33,,,2.33,18.17,2.28,30.22,,7.46,3.03
2019-04-12,10.31,,,2.35,18.17,2.31,30.17,,7.45,3.03
2019-04-13,10.3,,,2.37,18.16,2.33,30.13,,7.45,3.03
2019-04-14,10.28,,,2.39,18.15,2.36,30.08,,7.45,3.02
2019-04-15,10.27,,,2.41,18.15,2.38,30.03,,7.45,3.02
2019-04-16,10.25,,,2.42,18.14,2.4,29.99,,7.45,3.02
2019-04-17,10.23,,,2.44,18.14,2.43,29.94,,7.45,3.01
2019-04-18,10.22,,,2.46,18.13,2.45,29.89,,7.44,3.01
2019-04-19,10.32,,,2.49,18.05,2.45,29.82,,7.41,3.12
2019-04-20,10.43,,,2.51,17.96,2.44,29.75,,7.37,3.22
2019-04-21,10.39,,,2.49,18.05,2.48,29.73,,7.36,3.22
2019-04-22,10.35,,,2.47,18.13,2.51,29.72,,7.35,3.22
2019-04-23,10.31,,,2.44,18.22,2.54,29.7,,7.34,3.22
2019-04-24,10.27,,,2.42,18.3,2.58,29.69,,7.33,3.22
2019-04-25,10.24,,,2.4,18.39,2.61,29.67,,7.32,3.22
2019-04-26,10.2,,,2.37,18.48,2.64,29.65,,7.31,3.22
2019-04-27,10.16,,,2.35,18.56,2.68,29.64,,7.3,3.22
2019-04-28,10.12,,,2.33,18.65,2.71,29.62,,7.29,3.22
2019-04-29,10.09,,,2.3,18.73,2.75,29.61,,7.28,3.23
2019-04-30,10.05,,,2.28,18.82,2.78,29.59,,7.27,3.23
2019-05-01,10.01,,,2.26,18.9,2.81,29.58,,7.26,3.23
2019-05-02,9.97,,,2.23,18.99,2.85,29.56,,7.25,3.23
2019-05-03,9.94,,,2.21,19.07,2.88,29.55,,7.24,3.23
2019-05-04,9.9,,,2.19,19.16,2.91,29.53,,7.22,3.23
2019-05-05,9.86,,,2.16,19.24,2.95,29.52,,7.21,3.23
2019-05-06,9.82,,,2.14,19.33,2.98,29.5,,7.2,3.23
2019-05-07,9.72,,,2.12,19.42,2.99,29.46,,7.18,3.21
2019-05-08,9.62,,,2.09,19.51,2.99,29.42,,7.16,3.19
2019-05-09,9.52,,,2.07,19.59,2.99,29.38,,7.14,3.17
2019-05-10,9.42,,,2.04,19.68,3,29.34,,7.12,3.15
2019-05-11,9.32,,,2.02,19.77,3,29.3,,7.1,3.13
2019-05-12,9.22,,,2,19.86,3.01,29.26,,7.08,3.11
2019-05-13,9.12,,,1.97,19.95,3.01,29.22,,7.06,3.09
2019-05-14,9.02,,,1.95,20.04,3.02,29.18,,7.04,3.07
2019-05-15,8.92,,,1.93,20.13,3.02,29.14,,7.01,3.06
2019-05-16,8.82,,,1.9,20.22,3.02,29.1,,6.99,3.04
2019-05-17,8.72,,,1.88,20.31,3.03,29.06,,6.97,3.02
2019-05-18,8.62,,,1.86,20.4,3.03,29.02,,6.95,3
2019-05-19,8.52,,,1.87,20.5,3.02,28.94,,6.86,2.92
2019-05-20,8.42,,,1.89,20.61,3.01,28.86,,6.78,2.85
2019-05-21,8.32,,,1.9,20.71,2.99,28.78,,6.69,2.78
2019-05-22,8.22,,,1.92,20.82,2.98,28.7,,6.61,2.7
2019-05-23,8.12,,,1.93,20.93,2.97,28.62,,6.52,2.63
2019-05-24,8.01,,,1.95,21.03,2.95,28.54,,6.44,2.56
2019-05-25,7.91,,,1.96,21.14,2.94,28.46,,6.35,2.49
2019-05-26,7.81,,,1.98,21.24,2.93,28.38,,6.26,2.41
2019-05-27,7.71,,,1.99,21.35,2.91,28.3,,6.18,2.34
2019-05-28,7.61,,,2.01,21.46,2.9,28.22,,6.09,2.27
2019-05-29,7.51,,,2.02,21.56,2.89,28.14,,6.01,2.19
2019-05-30,7.41,,,2.04,21.67,2.88,28.06,,5.92,2.12
2019-05-31,7.3,,,2.05,21.78,2.86,27.98,,5.83,2.05
2019-06-01,7.2,,,2.07,21.88,2.85,27.9,,5.75,1.97
2019-06-02,7.1,,,2.08,21.99,2.84,27.93,,5.64,1.98
2019-06-03,7,,,2.1,22.09,2.82,27.96,,5.54,1.98
2019-06-04,6.9,,,2.11,22.19,2.81,28,,5.43,1.98
2019-06-05,6.8,,,2.13,22.3,2.8,28.03,,5.32,1.98
2019-06-06,6.7,,,2.14,22.4,2.78,28.07,,5.22,1.98
2019-06-07,6.6,,,2.16,22.51,2.77,28.1,,5.11,1.99
2019-06-08,6.58,,,2.08,22.6,2.65,28.08,,5.12,1.9
2019-06-09,6.55,,,2.01,22.69,2.53,28.06,,5.12,1.82
2019-06-10,6.53,,,1.93,22.79,2.4,28.05,,5.13,1.74
2019-06-11,6.5,,,1.86,22.88,2.28,28.03,,5.13,1.66
2019-06-12,6.48,,,1.78,22.98,2.16,28.01,,5.14,1.58
2019-06-13,6.45,,,1.71,23.07,2.04,27.99,,5.15,1.5
2019-06-14,6.43,,,1.63,23.17,1.92,27.97,,5.15,1.42
2019-06-15,6.4,,,1.56,23.26,1.79,27.96,,5.16,1.34
2019-06-16,6.38,,,1.48,23.35,1.67,27.94,,5.17,1.26
2019-06-17,6.36,,,1.41,23.45,1.55,27.92,,5.17,1.18
2019-06-18,6.31,,,1.38,23.44,1.64,27.93,,5.21,1.28
2019-06-19,6.26,,,1.36,23.43,1.73,27.94,,5.25,1.39
2019-06-20,6.21,,,1.34,23.43,1.82,27.94,,5.29,1.5
2019-06-21,6.16,,,1.32,23.42,1.9,27.95,,5.33,1.6
2019-06-22,6.11,,,1.29,23.41,1.99,27.96,,5.37,1.71
2019-06-23,6.06,,,1.27,23.4,2.08,27.97,,5.42,1.82
2019-06-24,6.01,,,1.25,23.4,2.17,27.97,,5.46,1.93
2019-06-25,5.96,,,1.23,23.39,2.26,27.98,,5.5,2.03
2019-06-26,5.92,,,1.2,23.38,2.35,27.99,,5.54,2.14
2019-06-27,5.81,,,1.25,23.52,2.4,28.03,,5.47,2.14
2019-06-28,5.7,,,1.3,23.65,2.46,28.07,,5.41,2.14
2019-06-29,5.6,,,1.35,23.78,2.51,28.11,,5.34,2.13
2019-06-30,5.49,,,1.4,23.92,2.57,28.16,,5.28,2.13
2019-07-01,5.38,,,1.45,24.05,2.62,28.2,,5.21,2.13
2019-07-02,5.28,,,1.5,24.18,2.68,28.24,,5.15,2.13
2019-07-03,5.17,,,1.55,24.32,2.73,28.28,,5.08,2.12
2019-07-04,5.07,,,1.6,24.45,2.79,28.32,,5.02,2.12
2019-07-05,4.96,,,1.65,24.59,2.84,28.37,,4.95,2.12
2019-07-06,4.87,,,1.7,24.73,2.73,28.39,,4.83,2.19
2019-07-07,4.77,,,1.75,24.87,2.62,28.41,,4.71,2.26
2019-07-08,4.68,,,1.8,25.01,2.5,28.43,,4.59,2.34
2019-07-09,4.59,,,1.84,25.15,2.39,28.45,,4.47,2.41
2019-07-10,4.49,,,1.89,25.29,2.28,28.47,,4.35,2.48
2019-07-11,4.4,,,1.94,25.43,2.16,28.49,,4.23,2.55
2019-07-12,4.31,,,1.99,25.57,2.05,28.52,,4.11,2.62
2019-07-13,4.21,,,2.04,25.71,1.94,28.54,,3.99,2.7
2019-07-14,4.12,,,2.09,25.86,1.83,28.56,,3.87,2.77
2019-07-15,4.03,,,2.14,26,1.71,28.58,,3.75,2.84
2019-07-16,3.96,,,2.19,25.96,1.6,28.58,,3.91,2.91
2019-07-17,3.89,,,2.24,25.91,1.49,28.58,,4.07,2.99
2019-07-18,3.82,,,2.29,25.87,1.38,28.58,,4.23,3.06
2019-07-19,3.76,,,2.34,25.83,1.26,28.58,,4.39,3.13
2019-07-20,3.69,,,2.39,25.79,1.15,28.57,,4.55,3.2
2019-07-21,3.66,,,2.38,25.83,1.23,28.63,,4.6,3.15
2019-07-22,3.62,,,2.36,25.86,1.31,28.69,,4.65,3.1
2019-07-23,3.58,,,2.35,25.89,1.38,28.75,,4.7,3.05
2019-07-24,3.55,,,2.34,25.93,1.46,28.81,,4.74,3
2019-07-25,3.51,,,2.33,25.96,1.54,28.87,,4.79,2.95
2019-07-26,3.47,,,2.32,26,1.62,28.93,,4.84,2.9
2019-07-27,3.44,,,2.31,26.03,1.69,28.99,,4.89,2.86
2019-07-28,3.4,,,2.3,26.07,1.77,29.04,,4.94,2.81
2019-07-29,3.37,,,2.29,26.1,1.85,29.1,,4.98,2.76
2019-07-30,3.33,,,2.28,26.13,1.93,29.16,,5.03,2.71
2019-07-31,3.29,,,2.27,26.17,2,29.22,,5.08,2.66
2019-08-01,3.26,,,2.26,26.2,2.08,29.28,,5.13,2.61
2019-08-02,3.22,,,2.24,26.24,2.16,29.34,,5.18,2.56
2019-08-03,3.19,,,2.23,26.27,2.24,29.4,,5.22,2.51
2019-08-04,3.23,,,2.22,26.31,2.23,29.42,,5.24,2.57
2019-08-05,3.28,,,2.21,26.36,2.22,29.44,,5.27,2.63
2019-08-06,3.32,,,2.2,26.4,2.21,29.47,,5.29,2.69
2019-08-07,3.37,,,2.19,26.44,2.2,29.49,,5.31,2.75
2019-08-08,3.41,,,2.18,26.49,2.18,29.51,,5.33,2.81
2019-08-09,3.46,,,2.17,26.53,2.17,29.54,,5.35,2.87
2019-08-10,3.5,,,2.16,26.57,2.16,29.56,,5.37,2.93
2019-08-11,3.55,,,2.15,26.62,2.15,29.58,,5.39,2.99
2019-08-12,3.59,,,2.14,26.66,2.14,29.61,,5.41,3.05
2019-08-13,3.64,,,2.12,26.7,2.13,29.63,,5.43,3.11
2019-08-14,3.68,,,2.11,26.74,2.12,29.65,,5.45,3.18
2019-08-15,3.73,,,2.1,26.79,2.11,29.68,,5.47,3.24
2019-08-16,3.77,,,2.09,26.83,2.1,29.7,,5.5,3.3
2019-08-17,3.82,,,2.08,26.87,2.09,29.72,,5.52,3.36
2019-08-18,3.86,,,2.07,26.92,2.08,29.75,,5.54,3.42
2019-08-19,3.91,,,2.06,26.96,2.07,29.77,,5.56,3.48
2019-08-20,3.95,,,2.05,27,2.06,29.8,,5.58,3.54
2019-08-21,4.01,,,2.04,27.2,2.12,29.82,,5.51,3.48
2019-08-22,4.07,,,2.03,27.39,2.19,29.85,,5.44,3.43
2019-08-23,4.12,,,2.01,27.58,2.25,29.88,,5.37,3.37
2019-08-24,4.18,,,2,27.78,2.32,29.91,,5.3,3.32
2019-08-25,4.07,,,1.99,27.83,2.3,29.98,,5.32,3.26
2019-08-26,3.96,,,1.98,27.88,2.29,30.04,,5.34,3.21
2019-08-27,3.86,,,1.97,27.93,2.28,30.11,,5.36,3.15
2019-08-28,3.75,,,1.96,27.98,2.27,30.18,,5.38,3.1
2019-08-29,3.64,,,1.94,28.03,2.26,30.24,,5.4,3.04
2019-08-30,3.54,,,1.93,28.08,2.25,30.31,,5.41,2.99
2019-08-31,3.43,,,1.92,28.13,2.24,30.37,,5.43,2.94
2019-09-01,3.32,,,1.91,28.18,2.23,30.44,,5.45,2.88
2019-09-02,3.22,,,1.9,28.23,2.22,30.5,,5.47,2.83
2019-09-03,3.11,,,1.89,28.28,2.21,30.57,,5.49,2.77
2019-09-04,3,,,1.88,28.33,2.2,30.63,,5.51,2.72
2019-09-05,2.9,,,1.86,28.38,2.19,30.7,,5.53,2.66
2019-09-06,2.79,,,1.85,28.43,2.18,30.77,,5.55,2.61
2019-09-07,2.68,,,1.84,28.48,2.17,30.83,,5.57,2.55
2019-09-08,2.57,,,1.83,28.53,2.16,30.9,,5.58,2.5
2019-09-09,2.6,,,1.82,28.59,2.14,30.95,,5.58,2.55
2019-09-10,2.63,,,1.81,28.65,2.12,31.01,,5.57,2.6
2019-09-11,2.65,,,1.79,28.71,2.1,31.07,,5.57,2.65
2019-09-12,2.68,,,1.78,28.78,2.08,31.12,,5.56,2.7
2019-09-13,2.71,,,1.77,28.84,2.06,31.18,,5.55,2.75
2019-09-14,2.73,,,1.76,28.9,2.04,31.23,,5.55,2.8
2019-09-15,2.76,,,1.75,28.96,2.02,31.29,,5.54,2.85
2019-09-16,2.79,,,1.74,29.03,2,31.34,,5.53,2.9
2019-09-17,2.81,,,1.73,29.09,1.98,31.4,,5.53,2.96
2019-09-18,2.84,,,1.71,29.15,1.96,31.46,,5.52,3.01
2019-09-19,2.86,,,1.7,29.21,1.94,31.51,,5.52,3.06
2019-09-20,2.82,,,1.73,28.97,1.92,31.44,,5.59,3.11
2019-09-21,2.89,,,1.76,28.76,1.9,31.38,,5.64,3.16
2019-09-22,2.95,,,1.79,28.55,1.88,31.31,,5.68,3.21
2019-09-23,3.02,,,1.82,28.35,1.86,31.25,,5.73,3.26
2019-09-24,3.09,,,1.85,28.14,1.84,31.18,,5.78,3.31
2019-09-25,3.15,,,1.88,27.93,1.82,31.12,,5.83,3.36
2019-09-26,3.22,,,1.91,27.72,1.8,31.06,,5.88,3.41
2019-09-27,3.12,,,1.87,27.72,1.81,31.04,,5.89,3.31
2019-09-28,3.03,,,1.83,27.72,1.82,31.03,,5.91,3.2
2019-09-29,2.93,,,1.79,27.72,1.82,31.02,,5.93,3.09
2019-09-30,2.83,,,1.75,27.72,1.83,31.01,,5.95,2.99
2019-10-01,2.74,,,1.71,27.72,1.83,31,,5.97,2.88
2019-10-02,2.64,,,1.67,27.72,1.84,30.99,,5.99,2.77
2019-10-03,2.55,,,1.63,27.72,1.85,30.98,,6.01,2.67
2019-10-04,2.45,,,1.59,27.72,1.85,30.97,,6.02,2.56
2019-10-05,2.47,,,1.55,27.74,1.84,30.97,,6.02,2.56
2019-10-06,2.49,,,1.51,27.75,1.82,30.97,,6.02,2.56
2019-10-07,2.5,,,1.47,27.77,1.8,30.96,,6.02,2.56
2019-10-08,2.52,,,1.42,27.78,1.79,30.96,,6.02,2.55
2019-10-09,2.54,,,1.38,27.8,1.77,30.95,,6.02,2.55
2019-10-10,2.56,,,1.34,27.81,1.75,30.95,,6.02,2.55
2019-10-11,2.57,,,1.3,27.83,1.74,30.95,,6.02,2.55
2019-10-12,2.59,,,1.26,27.85,1.72,30.94,,6.01,2.55
2019-10-13,2.61,,,1.22,27.86,1.7,30.94,,6.01,2.54
2019-10-14,2.63,,,1.18,27.88,1.69,30.93,,6.01,2.54
2019-10-15,2.65,,,1.14,27.89,1.67,30.93,,6.01,2.54
2019-10-16,2.66,,,1.1,27.91,1.65,30.93,,6.01,2.54
2019-10-17,2.68,,,1.06,27.92,1.64,30.92,,6.01,2.54
2019-10-18,2.7,,,1.02,27.94,1.62,30.92,,6.01,2.54
2019-10-19,2.98,,,1.2,27.97,1.48,30.92,,5.97,2.68
2019-10-20,3.27,,,1.39,28,1.35,30.92,,5.93,2.83
2019-10-21,3.31,,,1.39,28.19,1.18,30.94,,5.96,2.81
2019-10-22,3.35,,,1.4,28.39,1.02,30.97,,5.98,2.79
2019-10-23,3.39,,,1.4,28.58,0.86,30.99,,6.01,2.77
2019-10-24,3.37,,,1.41,28.58,0.94,31,,6.01,2.74
2019-10-25,3.36,,,1.42,28.57,1.01,31,,6.02,2.72
2019-10-26,3.34,,,1.42,28.57,1.09,31.01,,6.02,2.7
2019-10-27,3.33,,,1.43,28.57,1.16,31.02,,6.03,2.68
2019-10-28,3.31,,,1.43,28.56,1.23,31.03,,6.03,2.65
2019-10-29,3.3,,,1.44,28.56,1.31,31.03,,6.04,2.63
2019-10-30,3.29,,,1.45,28.55,1.38,31.04,,6.04,2.61
2019-10-31,3.27,,,1.45,28.55,1.46,31.05,,6.05,2.59
2019-11-01,3.26,,,1.46,28.54,1.53,31.06,,6.05,2.56
2019-11-02,3.24,,,1.46,28.54,1.61,31.06,,6.05,2.54
2019-11-03,3.23,,,1.47,28.53,1.68,31.07,,6.06,2.52
2019-11-04,3.22,,,1.47,28.53,1.76,31.08,,6.06,2.5
2019-11-05,3.2,,,1.48,28.53,1.83,31.09,,6.07,2.47
2019-11-06,3.19,,,1.49,28.52,1.91,31.09,,6.07,2.45
2019-11-07,3.17,,,1.49,28.52,1.98,31.1,,6.08,2.43
2019-11-08,3.16,,,1.5,28.51,2.06,31.11,,6.08,2.41
2019-11-09,3.14,,,1.5,28.53,2.03,31.1,,6.04,2.43
2019-11-10,3.13,,,1.51,28.54,2,31.09,,6,2.46
2019-11-11,3.12,,,1.52,28.55,1.98,31.09,,5.96,2.49
2019-11-12,3.1,,,1.52,28.57,1.95,31.08,,5.92,2.51
2019-11-13,3.09,,,1.53,28.58,1.92,31.07,,5.88,2.54
2019-11-14,3.07,,,1.53,28.59,1.9,31.07,,5.84,2.57
2019-11-15,3.06,,,1.54,28.61,1.87,31.06,,5.8,2.59
2019-11-16,2.94,,,1.49,28.45,1.85,30.99,,5.72,2.62
2019-11-17,2.82,,,1.44,28.29,1.82,30.92,,5.63,2.65
2019-11-18,2.71,,,1.39,28.13,1.79,30.85,,5.55,2.67
2019-11-19,2.85,,,1.53,27.95,1.72,30.78,,5.34,2.85
2019-11-20,2.99,,,1.66,27.77,1.64,30.7,,5.13,3.02
2019-11-21,2.95,,,1.65,27.77,1.66,30.66,,5.16,2.97
2019-11-22,2.9,,,1.64,27.78,1.69,30.62,,5.2,2.92
2019-11-23,2.86,,,1.63,27.78,1.71,30.58,,5.24,2.88
2019-11-24,2.81,,,1.62,27.79,1.73,30.54,,5.28,2.83
2019-11-25,2.76,,,1.6,27.79,1.76,30.5,,5.32,2.78
2019-11-26,2.72,,,1.59,27.8,1.78,30.46,,5.35,2.74
2019-11-27,2.67,,,1.58,27.8,1.8,30.42,,5.39,2.69
2019-11-28,2.63,,,1.57,27.81,1.83,30.38,,5.43,2.64
2019-11-29,2.58,,,1.56,27.81,1.85,30.34,,5.47,2.6
2019-11-30,2.54,,,1.54,27.82,1.87,30.3,,5.51,2.55
2019-12-01,2.49,,,1.53,27.82,1.9,30.26,,5.54,2.5
2019-12-02,2.44,,,1.52,27.83,1.92,30.22,,5.58,2.45
2019-12-03,2.4,,,1.51,27.83,1.94,30.18,,5.62,2.41
2019-12-04,2.35,,,1.5,27.84,1.97,30.14,,5.66,2.36
2019-12-05,2.31,,,1.48,27.84,1.99,30.1,,5.7,2.31
2019-12-06,2.26,,,1.47,27.85,2.01,30.06,,5.73,2.27
2019-12-07,2.22,,,1.46,27.85,2.04,30.02,,5.77,2.22
2019-12-08,2.17,,,1.45,27.86,2.06,29.98,,5.81,2.17
2019-12-09,2.12,,,1.44,27.86,2.09,29.94,,5.85,2.13
2019-12-10,2.26,,,1.53,27.84,2.04,29.86,,5.75,2.15
2019-12-11,2.4,,,1.62,27.81,2,29.78,,5.64,2.18
2019-12-12,2.54,,,1.71,27.78,1.95,29.69,,5.54,2.2
2019-12-13,2.67,,,1.81,27.75,1.91,29.61,,5.44,2.23
2019-12-14,2.81,,,1.9,27.72,1.86,29.53,,5.34,2.26
2019-12-15,2.95,,,1.99,27.69,1.82,29.44,,5.24,2.28
2019-12-16,3.08,,,2.09,27.66,1.77,29.36,,5.14,2.31
2019-12-17,3.22,,,2.18,27.63,1.73,29.28,,5.03,2.33
2019-12-18,3.36,,,2.27,27.61,1.69,29.2,,4.93,2.36
2019-12-19,3.49,,,2.36,27.58,1.64,29.11,,4.83,2.38
2019-12-20,3.63,,,2.46,27.55,1.6,29.03,,4.73,2.41
2019-12-21,3.59,,,2.42,27.68,1.6,29.02,,4.76,2.38
2019-12-22,3.55,,,2.38,27.82,1.6,29,,4.78,2.34
2019-12-23,3.51,,,2.34,27.95,1.6,28.99,,4.81,2.31
2019-12-24,3.47,,,2.31,28.09,1.6,28.97,,4.83,2.28
2019-12-25,3.43,,,2.27,28.22,1.6,28.96,,4.86,2.24
2019-12-26,3.39,,,2.23,28.35,1.6,28.95,,4.89,2.21
2019-12-27,3.35,,,2.2,28.49,1.6,28.93,,4.91,2.18
2019-12-28,3.31,,,2.16,28.62,1.6,28.92,,4.94,2.14
2019-12-29,3.27,,,2.12,28.76,1.6,28.91,,4.97,2.11
2019-12-30,3.23,,,2.08,28.89,1.6,28.89,,4.99,2.08
2019-12-31,3.19,,,2.05,29.02,1.6,28.88,,5.02,2.04
2020-01-01,3.15,,,2.01,29.16,1.6,28.86,,5.04,2.01
2020-01-02,3.11,,,1.97,29.29,1.6,28.85,,5.07,1.97
2020-01-03,3.07,,,1.93,29.43,1.6,28.84,,5.1,1.94
2020-01-04,3.03,,,1.9,29.56,1.6,28.82,,5.12,1.91
2020-01-05,2.99,,,1.86,29.7,1.6,28.81,,5.15,1.87
2020-01-06,2.95,,,1.82,29.83,1.6,28.8,,5.18,1.84
2020-01-07,2.91,,,1.79,29.96,1.61,28.78,,5.2,1.81
2020-01-08,2.87,,,1.75,30.1,1.61,28.77,,5.23,1.77
2020-01-09,2.83,,,1.71,30.23,1.61,28.75,,5.26,1.74
2020-01-10,2.79,,,1.67,30.37,1.61,28.74,,5.28,1.71
2020-01-11,2.75,,,1.64,30.5,1.61,28.73,0.91,5.31,1.67
2020-01-12,2.82,,,1.67,30.59,1.47,28.64,0.91,5.2,1.67
2020-01-13,2.88,,,1.71,30.67,1.34,28.55,0.91,5.08,1.67
2020-01-14,2.95,,,1.75,30.76,1.21,28.46,0.9,4.97,1.66
2020-01-15,3.02,,,1.79,30.84,1.08,28.37,0.9,4.86,1.66
2020-01-16,3.08,13.55,,1.82,30.93,0.94,28.28,0.89,4.75,1.65
2020-01-17,2.96,13.61,,1.86,30.94,0.81,28.29,0.89,4.65,1.65
2020-01-18,2.84,13.66,,1.9,30.95,0.68,28.29,0.88,4.55,1.65
2020-01-19,2.72,13.71,,1.93,30.96,0.55,28.29,0.88,4.45,1.64
2020-01-20,2.6,13.76,,1.97,30.97,0.41,28.29,0.87,4.36,1.64
2020-01-21,2.47,13.81,,2.01,30.98,0.28,28.3,0.87,4.26,1.63
2020-01-22,2.35,13.86,,2.05,30.99,0.15,28.3,0.86,4.16,1.63
2020-01-23,2.27,13.73,,2.01,31.02,0.24,28.3,0.86,4.22,1.63
2020-01-24,2.18,13.59,,1.97,31.06,0.32,28.3,0.86,4.28,1.62
2020-01-25,2.1,13.46,,1.93,31.09,0.41,28.3,0.85,4.34,1.62
2020-01-26,2.01,13.32,,1.89,31.13,0.49,28.29,0.85,4.4,1.62
2020-01-27,1.93,13.19,,1.85,31.16,0.58,28.29,0.84,4.46,1.61
2020-01-28,1.84,13.06,,1.81,31.2,0.67,28.29,0.84,4.52,1.61
2020-01-29,1.76,12.92,,1.77,31.23,0.75,28.29,0.83,4.58,1.6
2020-01-30,1.67,12.79,,1.73,31.27,0.84,28.29,0.83,4.64,1.6
2020-01-31,1.59,12.65,,1.69,31.31,0.92,28.29,0.82,4.7,1.6
2020-02-01,1.5,12.52,,1.65,31.34,1.01,28.29,0.82,4.76,1.59
2020-02-02,1.42,12.38,,1.61,31.38,1.1,28.29,0.81,4.82,1.59
2020-02-03,1.33,12.25,,1.57,31.41,1.18,28.29,0.81,4.88,1.58
2020-02-04,1.25,12.12,,1.53,31.45,1.27,28.29,0.8,4.94,1.58
2020-02-05,1.25,12.11,,1.54,31.45,1.26,28.22,0.82,4.89,1.58
2020-02-06,1.25,12.1,,1.54,31.46,1.25,28.16,0.84,4.85,1.58
2020-02-07,1.25,12.09,,1.55,31.47,1.24,28.1,0.86,4.81,1.58
2020-02-08,1.26,12.08,,1.55,31.47,1.23,28.04,0.88,4.76,1.59
2020-02-09,1.26,12.08,,1.56,31.48,1.22,27.98,0.9,4.72,1.59
2020-02-10,1.26,12.07,,1.56,31.48,1.21,27.92,0.92,4.67,1.59
2020-02-11,1.26,12.06,,1.57,31.49,1.21,27.86,0.94,4.63,1.59
2020-02-12,1.26,12.05,,1.57,31.49,1.2,27.8,0.96,4.58,1.59
2020-02-13,1.26,12.05,,1.58,31.5,1.19,27.74,0.98,4.54,1.59
2020-02-14,1.28,11.98,,1.58,31.43,1.18,27.79,1,4.53,1.59
2020-02-15,1.29,11.91,,1.59,31.36,1.17,27.84,1.02,4.52,1.59
2020-02-16,1.31,11.85,,1.59,31.29,1.16,27.89,1.04,4.52,1.6
2020-02-17,1.32,11.78,,1.6,31.22,1.15,27.94,1.06,4.51,1.6
2020-02-18,1.34,11.71,,1.6,31.14,1.14,27.99,1.08,4.5,1.6
2020-02-19,1.43,11.7,,1.69,31.03,1.02,27.98,1.07,4.53,1.69
2020-02-20,1.52,11.69,,1.78,30.92,0.91,27.96,1.07,4.55,1.77
2020-02-21,1.51,11.75,,1.75,30.94,0.93,27.99,1.06,4.57,1.76
2020-02-22,1.51,11.81,,1.72,30.96,0.95,28.03,1.06,4.58,1.75
2020-02-23,1.5,11.86,,1.69,30.99,0.97,28.07,1.05,4.59,1.74
2020-02-24,1.49,11.92,,1.66,31.01,0.99,28.11,1.05,4.6,1.72
2020-02-25,1.48,11.98,,1.63,31.03,1.01,28.14,1.04,4.61,1.71
2020-02-26,1.48,12.04,,1.6,31.06,1.03,28.18,1.04,4.63,1.7
2020-02-27,1.47,12.09,,1.57,31.08,1.05,28.22,1.03,4.64,1.68
2020-02-28,1.46,12.15,,1.53,31.1,1.07,28.26,1.03,4.65,1.67
2020-02-29,1.46,12.21,,1.5,31.13,1.09,28.29,1.02,4.66,1.66
2020-03-01,1.45,12.26,,1.47,31.15,1.11,28.33,1.02,4.68,1.65
2020-03-02,1.44,12.32,,1.44,31.17,1.13,28.37,1.01,4.69,1.63
2020-03-03,1.43,12.38,,1.41,31.19,1.15,28.41,1.01,4.7,1.62
2020-03-04,1.43,12.43,,1.38,31.22,1.17,28.44,1,4.71,1.61
2020-03-05,1.42,12.49,,1.35,31.24,1.19,28.48,1,4.73,1.59
2020-03-06,1.41,12.55,,1.31,31.26,1.21,28.52,0.99,4.74,1.58
2020-03-07,1.45,12.59,,1.34,31.25,1.16,28.52,0.99,4.66,1.58
2020-03-08,1.49,12.63,,1.37,31.23,1.11,28.52,0.98,4.59,1.59
2020-03-09,1.53,12.68,,1.4,31.21,1.07,28.51,0.98,4.52,1.59
2020-03-10,1.57,12.72,,1.42,31.19,1.02,28.51,0.97,4.44,1.59
2020-03-11,1.61,12.76,,1.45,31.17,0.97,28.51,0.97,4.37,1.59
2020-03-12,1.65,12.81,,1.48,31.16,0.92,28.51,0.96,4.3,1.6
2020-03-13,1.69,12.85,,1.5,31.14,0.87,28.51,0.96,4.22,1.6
2020-03-14,1.68,12.81,,1.53,31.05,0.93,28.6,0.95,4.25,1.6
2020-03-15,1.68,12.77,,1.56,30.97,0.99,28.68,0.95,4.27,1.61
2020-03-16,1.67,12.73,,1.58,30.89,1.05,28.77,0.94,4.29,1.61
2020-03-17,1.66,12.68,,1.61,30.81,1.11,28.86,0.94,4.31,1.61
2020-03-18,1.66,12.64,,1.64,30.72,1.17,28.94,0.93,4.33,1.61
2020-03-19,1.65,12.6,,1.66,30.64,1.23,29.03,0.93,4.36,1.62
2020-03-20,1.91,12.63,,1.81,30.48,1.28,29.06,0.92,4.4,1.65
2020-03-21,1.91,12.61,,1.78,30.49,1.29,29.16,0.92,4.4,1.62
2020-03-22,1.91,12.59,,1.75,30.5,1.3,29.26,0.91,4.39,1.59
2020-03-23,1.91,12.58,,1.73,30.51,1.31,29.35,0.91,4.39,1.56
2020-03-24,1.92,12.56,,1.7,30.52,1.32,29.45,0.9,4.39,1.53
2020-03-25,1.92,12.54,,1.68,30.53,1.33,29.55,0.9,4.39,1.5
2020-03-26,1.92,12.52,,1.65,30.53,1.34,29.64,0.89,4.39,1.47
2020-03-27,1.92,12.51,,1.62,30.54,1.35,29.74,0.89,4.38,1.44
2020-03-28,1.92,12.49,,1.6,30.55,1.36,29.84,0.88,4.38,1.42
2020-03-29,1.92,12.47,,1.57,30.56,1.37,29.93,0.88,4.38,1.39
2020-03-30,1.92,12.46,,1.54,30.57,1.38,30.03,0.87,4.38,1.36
2020-03-31,1.93,12.44,,1.52,30.57,1.39,30.13,0.87,4.37,1.33
2020-04-01,1.93,12.42,,1.49,30.58,1.4,30.22,0.86,4.37,1.3
2020-04-02,1.93,12.4,,1.46,30.59,1.41,30.32,0.86,4.37,1.27
2020-04-03,1.93,12.39,,1.44,30.6,1.42,30.42,0.85,4.37,1.24
2020-04-04,1.86,12.38,,1.46,30.62,1.42,30.47,0.85,4.39,1.22
2020-04-05,1.8,12.38,,1.49,30.65,1.42,30.52,0.84,4.41,1.2
2020-04-06,1.73,12.38,,1.52,30.67,1.41,30.57,0.84,4.43,1.18
2020-04-07,1.66,12.38,,1.54,30.69,1.41,30.62,0.83,4.45,1.15
2020-04-08,1.6,12.37,,1.57,30.72,1.41,30.67,0.83,4.47,1.13
2020-04-09,1.53,12.37,,1.6,30.74,1.41,30.73,0.82,4.48,1.11
2020-04-10,1.54,12.27,,1.63,30.65,1.4,30.81,0.82,4.51,1.14
2020-04-11,1.56,12.17,,1.65,30.56,1.4,30.9,0.81,4.54,1.18
2020-04-12,1.57,12.08,,1.68,30.46,1.4,30.98,0.81,4.57,1.21
2020-04-13,1.58,11.98,,1.71,30.37,1.39,31.07,0.8,4.59,1.25
2020-04-14,1.6,11.88,,1.73,30.28,1.39,31.15,0.8,4.62,1.28
2020-04-15,1.61,11.78,,1.76,30.19,1.39,31.24,0.79,4.65,1.32
2020-04-16,1.63,11.68,,1.79,30.09,1.38,31.32,0.79,4.68,1.35
2020-04-17,1.64,11.58,,1.81,30,1.38,31.41,0.78,4.71,1.38
2020-04-18,1.65,11.49,,1.84,29.91,1.38,31.49,0.78,4.73,1.42
2020-04-19,1.61,11.49,,1.95,29.79,1.33,31.51,0.78,4.79,1.38
2020-04-20,1.56,11.49,,2.05,29.67,1.29,31.53,0.77,4.84,1.34
2020-04-21,1.52,11.49,,2.15,29.55,1.25,31.54,0.77,4.89,1.29
2020-04-22,1.47,11.5,,2.26,29.43,1.2,31.56,0.76,4.95,1.25
2020-04-23,1.46,11.51,,2.2,29.46,1.23,31.62,0.76,4.93,1.25
2020-04-24,1.44,11.53,,2.14,29.49,1.26,31.69,0.75,4.92,1.25
2020-04-25,1.43,11.54,,2.08,29.52,1.29,31.75,0.75,4.91,1.25
2020-04-26,1.41,11.56,,2.02,29.55,1.32,31.81,0.74,4.89,1.24
2020-04-27,1.4,11.57,,1.96,29.58,1.35,31.87,0.74,4.88,1.24
2020-04-28,1.39,11.58,,1.9,29.61,1.38,31.94,0.73,4.87,1.24
2020-04-29,1.37,11.6,,1.85,29.64,1.41,32,0.73,4.86,1.24
2020-04-30,1.36,11.61,,1.79,29.67,1.44,32.06,0.72,4.84,1.24
2020-05-01,1.34,11.63,,1.73,29.7,1.47,32.12,0.72,4.83,1.23
2020-05-02,1.33,11.64,,1.67,29.73,1.49,32.18,0.71,4.82,1.23
2020-05-03,1.31,11.66,,1.61,29.76,1.52,32.25,0.71,4.81,1.23
2020-05-04,1.3,11.67,,1.55,29.79,1.55,32.31,0.7,4.79,1.23
2020-05-05,1.29,11.69,,1.5,29.82,1.58,32.37,0.7,4.78,1.23
2020-05-06,1.27,11.7,,1.44,29.85,1.61,32.43,0.69,4.77,1.22
2020-05-07,1.26,11.72,,1.38,29.87,1.64,32.5,0.69,4.76,1.22
2020-05-08,1.24,11.73,,1.32,29.9,1.67,32.56,0.68,4.74,1.22
2020-05-09,1.23,11.77,,1.39,29.88,1.64,32.57,0.68,4.77,1.2
2020-05-10,1.22,11.81,,1.46,29.86,1.61,32.58,0.67,4.79,1.19
2020-05-11,1.21,11.85,,1.52,29.84,1.58,32.59,0.67,4.82,1.17
2020-05-12,1.19,11.89,,1.59,29.82,1.55,32.6,0.66,4.85,1.16
2020-05-13,1.18,11.92,,1.66,29.79,1.52,32.61,0.66,4.87,1.14
2020-05-14,1.17,11.96,,1.73,29.77,1.49,32.62,0.66,4.9,1.13
2020-05-15,1.16,12,,1.79,29.75,1.46,32.64,0.65,4.92,1.11
2020-05-16,1.15,12.04,,1.86,29.73,1.43,32.65,0.65,4.95,1.1
2020-05-17,1.13,12.08,,1.93,29.7,1.4,32.66,0.64,4.97,1.08
2020-05-18,1.12,12.12,,2,29.68,1.38,32.67,0.64,5,1.07
2020-05-19,1.29,12.28,,2.09,29.56,1.24,32.64,0.59,5.04,1
2020-05-20,1.46,12.45,,2.19,29.43,1.1,32.61,0.54,5.07,0.94
2020-05-21,1.63,12.61,2.95,2.28,28.37,0.97,32.59,0.49,5.11,0.88
2020-05-22,1.66,12.66,2.96,2.28,28.39,0.98,32.6,0.49,5.11,0.89
2020-05-23,1.68,12.71,2.97,2.28,28.41,1,32.61,0.49,5.12,0.9
2020-05-24,1.71,12.75,2.98,2.28,28.43,1.01,32.63,0.49,5.12,0.92
2020-05-25,1.73,12.8,2.99,2.28,28.45,1.03,32.64,0.49,5.13,0.93
2020-05-26,1.76,12.85,3,2.28,28.47,1.04,32.65,0.49,5.14,0.94
2020-05-27,1.78,12.89,3.01,2.28,28.49,1.06,32.67,0.49,5.14,0.96
2020-05-28,1.81,12.94,3.02,2.28,28.51,1.07,32.68,0.49,5.15,0.97
2020-05-29,1.83,12.99,3.03,2.28,28.53,1.09,32.69,0.49,5.15,0.99
2020-05-30,1.86,13.04,3.04,2.28,28.54,1.1,32.71,0.49,5.16,1
2020-05-31,1.88,13.08,3.05,2.28,28.56,1.11,32.72,0.49,5.16,1.01
2020-06-01,1.91,13.13,3.06,2.28,28.58,1.13,32.73,0.49,5.17,1.03
2020-06-02,1.93,13.18,3.08,2.28,28.6,1.14,32.74,0.49,5.18,1.04
2020-06-03,1.96,13.22,3.09,2.28,28.62,1.16,32.76,0.49,5.18,1.05
2020-06-04,1.98,13.27,3.1,2.28,28.64,1.17,32.77,0.49,5.19,1.07
2020-06-05,2.01,13.32,3.11,2.28,28.66,1.19,32.78,0.49,5.19,1.08
2020-06-06,2.06,13.25,3.23,2.38,28.55,1.17,32.89,0.49,5.29,1.05
2020-06-07,2.11,13.18,3.35,2.47,28.44,1.14,32.99,0.49,5.39,1.03
2020-06-08,2.17,13.11,3.46,2.56,28.33,1.12,33.1,0.49,5.48,1
2020-06-09,2.22,13.05,3.58,2.65,28.22,1.1,33.2,0.49,5.58,0.98
2020-06-10,2.28,12.98,3.7,2.74,28.11,1.08,33.3,0.5,5.68,0.95
2020-06-11,2.33,12.91,3.82,2.83,28,1.06,33.41,0.5,5.77,0.93
2020-06-12,2.38,12.84,3.94,2.92,27.89,1.03,33.51,0.5,5.87,0.9
2020-06-13,2.44,12.78,4.06,3.01,27.78,1.01,33.62,0.5,5.97,0.88
2020-06-14,2.49,12.71,4.18,3.1,27.68,0.99,33.72,0.5,6.06,0.85
2020-06-15,2.55,12.64,4.3,3.19,27.57,0.97,33.83,0.5,6.16,0.82
2020-06-16,2.6,12.57,4.42,3.28,27.46,0.95,33.93,0.5,6.25,0.8
2020-06-17,2.65,12.51,4.54,3.37,27.35,0.92,34.03,0.5,6.35,0.77
2020-06-18,2.71,12.44,4.66,3.46,27.24,0.9,34.14,0.5,6.45,0.75
2020-06-19,2.76,12.37,4.78,3.55,27.13,0.88,34.24,0.5,6.54,0.72
2020-06-20,2.82,12.3,4.89,3.65,27.02,0.86,34.35,0.5,6.64,0.7
2020-06-21,2.87,12.24,5.01,3.74,26.91,0.84,34.45,0.5,6.74,0.67
2020-06-22,2.92,12.17,5.13,3.83,26.8,0.81,34.56,0.5,6.83,0.64
2020-06-23,2.98,12.1,5.25,3.92,26.69,0.79,34.66,0.5,6.93,0.62
2020-06-24,3.03,12.03,5.37,4.01,26.58,0.77,34.76,0.5,7.03,0.59
2020-06-25,2.96,11.93,5.52,4.01,26.43,0.82,34.99,0.5,7.06,0.59
2020-06-26,2.89,11.82,5.67,4,26.27,0.87,35.22,0.5,7.09,0.59
2020-06-27,2.82,11.72,5.82,4,26.11,0.91,35.44,0.5,7.13,0.59
2020-06-28,2.75,11.62,5.96,4,25.96,0.96,35.67,0.5,7.16,0.59
2020-06-29,2.68,11.51,6.11,4,25.8,1.01,35.9,0.5,7.19,0.59
2020-06-30,2.61,11.41,6.26,3.99,25.65,1.06,36.13,0.5,7.22,0.59
2020-07-01,2.54,11.31,6.41,3.99,25.49,1.11,36.35,0.5,7.26,0.59
2020-07-02,2.47,11.2,6.56,3.99,25.34,1.16,36.58,0.5,7.29,0.59
2020-07-03,2.4,11.1,6.7,3.99,25.18,1.2,36.81,0.5,7.32,0.59
2020-07-04,2.33,10.99,6.85,3.98,25.03,1.25,37.03,0.51,7.36,0.59
2020-07-05,2.26,10.89,7,3.98,24.87,1.3,37.26,0,7.39,0.59
