date,KH,DPMS,Centar,SDP,HNS,Fokus,HDZ,Mozemo,Most,RF
2021-06-20,2.34,8.11,1.55,17.83,1.41,1.35,33.99,15.03,7.56,1.35
2021-06-21,2.25,8.13,1.53,17.85,1.4,1.37,33.96,15.11,7.54,1.34
2021-06-22,2.16,8.14,1.51,17.86,1.39,1.4,33.94,15.2,7.52,1.33
2021-06-23,2.07,8.16,1.5,17.88,1.38,1.43,33.92,15.29,7.51,1.32
2021-06-24,1.98,8.17,1.48,17.9,1.37,1.45,33.89,15.37,7.49,1.31
2021-06-25,1.89,8.18,1.47,17.92,1.36,1.48,33.87,15.46,7.48,1.3
2021-06-26,1.8,8.2,1.45,17.94,1.36,1.51,33.84,15.55,7.46,1.29
2021-06-27,1.71,8.21,1.44,17.96,1.35,1.53,33.82,15.63,7.45,1.28
2021-06-28,1.62,8.23,1.42,17.98,1.34,1.56,33.8,15.72,7.43,1.27
2021-06-29,1.53,8.24,1.41,18,1.33,1.59,33.77,15.81,7.42,1.26
2021-06-30,1.44,8.26,1.39,18.02,1.32,1.61,33.75,15.9,7.4,1.25
2021-07-01,1.35,8.27,1.38,18.03,1.31,1.64,33.73,15.98,7.39,1.24
2021-07-02,1.26,8.29,1.36,18.05,1.3,1.67,33.7,16.07,7.37,1.22
2021-07-03,1.17,8.3,1.35,18.07,1.29,1.69,33.68,16.16,7.36,1.21
2021-07-04,1.08,8.32,1.33,18.09,1.28,1.72,33.66,16.24,7.34,1.2
2021-07-05,0.99,8.33,1.32,18.11,1.28,1.75,33.63,16.33,7.33,1.19
2021-07-06,0.9,8.24,1.34,18.17,1.27,1.7,33.56,16.47,7.21,0.99
2021-07-07,0.81,8.15,1.36,18.23,1.26,1.66,33.49,16.61,7.09,0.79
2021-07-08,0.72,8.06,1.39,18.29,1.25,1.62,33.41,16.75,6.97,0.6
2021-07-09,0.81,8.04,1.41,18.21,1.23,1.63,33.4,16.76,7.04,0.61
2021-07-10,0.9,8.02,1.43,18.12,1.21,1.63,33.38,16.77,7.12,0.63
2021-07-11,0.99,8,1.45,18.04,1.18,1.64,33.36,16.78,7.2,0.65
2021-07-12,1.08,7.98,1.48,17.95,1.16,1.65,33.35,16.79,7.28,0.67
2021-07-13,1.17,7.96,1.5,17.86,1.14,1.66,33.33,16.8,7.36,0.69
2021-07-14,1.26,7.94,1.52,17.78,1.12,1.67,33.32,16.81,7.44,0.71
2021-07-15,1.36,7.92,1.54,17.69,1.1,1.68,33.3,16.82,7.51,0.73
2021-07-16,1.45,7.9,1.56,17.61,1.08,1.69,33.28,16.83,7.59,0.75
2021-07-17,1.54,7.88,1.59,17.52,1.05,1.7,33.27,16.84,7.67,0.77
2021-07-18,1.63,7.86,1.61,17.43,1.03,1.7,33.25,16.84,7.75,0.79
2021-07-19,1.72,7.84,1.63,17.35,1.01,1.71,33.24,16.85,7.83,0.81
2021-07-20,1.81,7.81,1.65,17.26,0.99,1.72,33.22,16.86,7.91,0.83
2021-07-21,1.8,7.75,1.64,17.26,0.97,1.72,33.23,16.9,7.96,0.85
2021-07-22,1.78,7.68,1.64,17.25,0.96,1.73,33.23,16.94,8.01,0.87
2021-07-23,1.77,7.62,1.63,17.24,0.94,1.73,33.24,16.98,8.05,0.89
2021-07-24,1.75,7.55,1.62,17.24,0.92,1.73,33.25,17.02,8.1,0.91
2021-07-25,1.74,7.49,1.61,17.23,0.91,1.73,33.26,17.06,8.15,0.93
2021-07-26,1.73,7.42,1.6,17.23,0.89,1.74,33.26,17.1,8.2,0.95
2021-07-27,1.71,7.36,1.59,17.22,0.88,1.74,33.27,17.14,8.25,0.96
2021-07-28,1.7,7.29,1.58,17.22,0.86,1.74,33.28,17.18,8.3,0.98
2021-07-29,1.68,7.23,1.57,17.21,0.84,1.74,33.28,17.21,8.35,1
2021-07-30,1.67,7.16,1.57,17.21,0.83,1.75,33.29,17.25,8.4,1.02
2021-07-31,1.66,7.1,1.56,17.2,0.81,1.75,33.3,17.29,8.45,1.04
2021-08-01,1.64,7.03,1.55,17.2,0.8,1.75,33.31,17.33,8.5,1.06
2021-08-02,1.63,6.97,1.54,17.19,0.78,1.75,33.31,17.37,8.55,1.08
2021-08-03,1.61,6.9,1.53,17.19,0.76,1.76,33.32,17.41,8.6,1.1
2021-08-04,1.6,6.84,1.52,17.18,0.75,1.76,33.33,17.45,8.65,1.12
2021-08-05,1.59,6.77,1.51,17.17,0.73,1.76,33.33,17.49,8.7,1.14
2021-08-06,1.57,6.71,1.5,17.17,0.71,1.77,33.34,17.53,8.75,1.16
2021-08-07,1.56,6.64,1.49,17.16,0.7,1.77,33.35,17.57,8.8,1.18
2021-08-08,1.55,6.57,1.49,17.16,0.68,1.77,33.36,17.6,8.85,1.2
2021-08-09,1.53,6.51,1.48,17.15,0.67,1.77,33.36,17.64,8.9,1.22
2021-08-10,1.52,6.44,1.47,17.15,0.65,1.78,33.37,17.68,8.95,1.24
2021-08-11,1.5,6.38,1.46,17.14,0.63,1.78,33.38,17.72,9,1.26
2021-08-12,1.49,6.31,1.45,17.14,0.62,1.78,33.38,17.76,9.05,1.28
2021-08-13,1.48,6.25,1.44,17.13,0.6,1.78,33.39,17.8,9.1,1.3
2021-08-14,1.46,6.18,1.43,17.13,0.59,1.79,33.4,17.84,9.15,1.32
2021-08-15,1.45,6.12,1.42,17.12,0.57,1.79,33.41,17.88,9.19,1.33
2021-08-16,1.43,6.05,1.41,17.12,0.55,1.79,33.41,17.92,9.24,1.35
2021-08-17,1.42,5.99,1.41,17.11,0.54,1.79,33.42,17.96,9.29,1.37
2021-08-18,1.41,5.92,1.4,17.1,0.52,1.8,33.43,18,9.34,1.39
2021-08-19,1.39,5.86,1.39,17.1,0.5,1.8,33.43,18.03,9.39,1.41
2021-08-20,1.38,5.79,1.38,17.09,0.49,1.8,33.44,18.07,9.44,1.43
2021-08-21,1.36,5.72,1.42,17.2,0.5,1.82,33.41,18.11,9.43,1.42
2021-08-22,1.33,5.65,1.46,17.31,0.51,1.84,33.37,18.14,9.42,1.4
2021-08-23,1.31,5.58,1.5,17.41,0.51,1.86,33.34,18.18,9.41,1.38
2021-08-24,1.29,5.51,1.54,17.52,0.52,1.88,33.3,18.21,9.39,1.36
2021-08-25,1.26,5.44,1.58,17.63,0.53,1.9,33.27,18.25,9.38,1.35
2021-08-26,1.24,5.37,1.62,17.73,0.54,1.92,33.24,18.28,9.37,1.33
2021-08-27,1.22,5.3,1.66,17.84,0.55,1.94,33.2,18.32,9.36,1.31
2021-08-28,1.19,5.23,1.7,17.95,0.56,1.96,33.17,18.35,9.35,1.3
2021-08-29,1.17,5.16,1.74,18.05,0.56,1.98,33.13,18.38,9.33,1.28
2021-08-30,1.15,5.09,1.78,18.16,0.57,2,33.1,18.42,9.32,1.26
2021-08-31,1.12,5.03,1.81,18.27,0.58,2.03,33.06,18.45,9.31,1.25
2021-09-01,1.1,4.96,1.85,18.38,0.59,2.05,33.03,18.49,9.3,1.23
2021-09-02,1.08,4.89,1.89,18.48,0.6,2.07,33,18.52,9.29,1.21
2021-09-03,1.05,4.82,1.93,18.59,0.61,2.09,32.96,18.56,9.27,1.2
2021-09-04,1.03,4.82,1.92,18.6,0.62,2.07,32.97,18.53,9.29,1.18
2021-09-05,1.01,4.82,1.9,18.61,0.62,2.05,32.98,18.5,9.32,1.16
2021-09-06,0.99,4.83,1.88,18.62,0.63,2.03,33,18.47,9.34,1.15
2021-09-07,0.96,4.83,1.87,18.63,0.64,2.01,33.01,18.44,9.36,1.13
2021-09-08,0.94,4.84,1.85,18.64,0.65,1.99,33.02,18.41,9.38,1.11
2021-09-09,0.92,4.84,1.83,18.65,0.66,1.98,33.03,18.38,9.4,1.1
2021-09-10,0.89,4.84,1.81,18.66,0.67,1.96,33.04,18.35,9.42,1.08
2021-09-11,0.87,4.85,1.8,18.67,0.67,1.94,33.05,18.32,9.44,1.06
2021-09-12,0.85,4.85,1.78,18.68,0.68,1.92,33.06,18.3,9.46,1.05
2021-09-13,0.82,4.85,1.76,18.69,0.69,1.9,33.08,18.27,9.48,1.03
2021-09-14,0.8,4.86,1.75,18.7,0.7,1.88,33.09,18.24,9.5,1.01
2021-09-15,0.78,4.86,1.73,18.71,0.71,1.87,33.1,18.21,9.52,0.99
2021-09-16,0.75,4.87,1.71,18.72,0.72,1.85,33.11,18.18,9.54,0.98
2021-09-17,0.73,4.87,1.69,18.73,0.72,1.83,33.12,18.15,9.56,0.96
2021-09-18,0.71,4.87,1.68,18.74,0.73,1.81,33.13,18.12,9.58,0.94
2021-09-19,0.86,4.93,1.63,18.68,0.78,1.72,33.2,18.06,9.57,0.93
2021-09-20,1,4.99,1.58,18.63,0.82,1.63,33.26,17.99,9.56,0.91
2021-09-21,1.15,5.05,1.53,18.58,0.87,1.54,33.32,17.93,9.55,0.89
2021-09-22,1.3,5.11,1.48,18.53,0.92,1.45,33.38,17.86,9.54,0.88
2021-09-23,1.45,5.17,1.43,18.48,0.96,1.36,33.45,17.8,9.52,0.86
2021-09-24,1.4,5.13,1.38,18.55,0.95,1.3,33.44,17.81,9.5,0.84
2021-09-25,1.35,5.09,1.33,18.63,0.94,1.25,33.42,17.83,9.47,0.83
2021-09-26,1.29,5.04,1.28,18.7,0.93,1.19,33.41,17.85,9.44,0.81
2021-09-27,1.24,5,1.23,18.78,0.92,1.13,33.4,17.86,9.41,0.79
2021-09-28,1.19,4.96,1.18,18.85,0.9,1.07,33.39,17.88,9.39,0.78
2021-09-29,1.14,4.92,1.13,18.93,0.89,1.02,33.38,17.9,9.36,0.76
2021-09-30,1.09,4.87,1.08,19,0.88,0.96,33.36,17.92,9.33,0.74
2021-10-01,1.04,4.83,1.03,19.08,0.87,0.9,33.35,17.93,9.3,0.73
2021-10-02,0.98,4.79,0.98,19.15,0.86,0.85,33.34,17.95,9.28,0.71
2021-10-03,0.93,4.74,0.93,19.23,0.84,0.79,33.33,17.97,9.25,0.69
2021-10-04,0.88,4.7,0.88,19.3,0.83,0.73,33.32,17.99,9.22,0.68
2021-10-05,0.83,4.66,0.83,19.38,0.82,0.68,33.3,18,9.19,0.66
2021-10-06,0.78,4.62,0.78,19.45,0.81,0.62,33.29,18.02,9.17,0.64
2021-10-07,0.72,4.57,0.73,19.53,0.8,0.56,33.28,18.04,9.14,0.63
2021-10-08,0.79,4.61,0.81,19.41,0.83,0.65,33.3,17.96,9.12,0.62
2021-10-09,0.86,4.65,0.89,19.29,0.86,0.74,33.33,17.88,9.11,0.62
2021-10-10,0.93,4.69,0.96,19.17,0.9,0.82,33.35,17.8,9.1,0.62
2021-10-11,1,4.73,1.04,19.05,0.93,0.91,33.37,17.71,9.08,0.62
2021-10-12,1.07,4.76,1.12,18.94,0.96,1,33.39,17.63,9.07,0.62
2021-10-13,1.14,4.8,1.2,18.82,0.99,1.08,33.42,17.55,9.06,0.62
2021-10-14,1.21,4.84,1.27,18.7,1.03,1.17,33.44,17.47,9.05,0.62
2021-10-15,1.28,4.88,1.35,18.58,1.06,1.25,33.46,17.39,9.03,0.62
2021-10-16,1.35,4.92,1.43,18.46,1.09,1.34,33.49,17.31,9.02,0.62
2021-10-17,1.42,4.95,1.51,18.34,1.13,1.43,33.51,17.23,9.01,0.62
2021-10-18,1.48,4.99,1.59,18.23,1.16,1.51,33.53,17.15,8.99,0.61
2021-10-19,1.55,5.03,1.66,18.11,1.19,1.6,33.55,17.06,8.98,0.61
2021-10-20,1.69,5.09,1.79,17.94,1.41,1.6,33.6,16.87,9.05,0.61
2021-10-21,1.67,5.12,1.78,17.96,1.39,1.6,33.59,16.88,9.09,0.61
2021-10-22,1.65,5.16,1.76,17.97,1.36,1.6,33.57,16.89,9.12,0.61
2021-10-23,1.63,5.19,1.74,17.99,1.33,1.59,33.55,16.9,9.15,0.61
2021-10-24,1.61,5.22,1.73,18,1.31,1.59,33.54,16.91,9.18,0.61
2021-10-25,1.59,5.26,1.71,18.02,1.28,1.59,33.52,16.92,9.22,0.61
2021-10-26,1.57,5.29,1.69,18.04,1.26,1.59,33.5,16.93,9.25,0.61
2021-10-27,1.55,5.33,1.67,18.05,1.23,1.59,33.48,16.93,9.28,0.61
2021-10-28,1.53,5.36,1.66,18.07,1.2,1.59,33.47,16.94,9.32,0.61
2021-10-29,1.51,5.39,1.64,18.08,1.18,1.59,33.45,16.95,9.35,0.6
2021-10-30,1.49,5.43,1.62,18.1,1.15,1.58,33.43,16.96,9.38,0.6
2021-10-31,1.47,5.46,1.61,18.11,1.12,1.58,33.42,16.97,9.42,0.6
2021-11-01,1.45,5.5,1.59,18.13,1.1,1.58,33.4,16.98,9.45,0.6
2021-11-02,1.43,5.53,1.57,18.15,1.07,1.58,33.38,16.99,9.48,0.6
2021-11-03,1.42,5.56,1.56,18.16,1.05,1.58,33.36,17,9.52,0.6
2021-11-04,1.4,5.6,1.54,18.18,1.02,1.58,33.35,17.01,9.55,0.6
2021-11-05,1.38,5.63,1.52,18.19,0.99,1.58,33.33,17.02,9.58,0.6
2021-11-06,1.4,5.63,1.56,18.17,1,1.59,33.34,16.94,9.63,0.61
2021-11-07,1.43,5.62,1.6,18.15,1.01,1.61,33.36,16.86,9.67,0.62
2021-11-08,1.45,5.62,1.63,18.13,1.02,1.62,33.37,16.78,9.71,0.63
2021-11-09,1.48,5.62,1.67,18.11,1.03,1.64,33.38,16.7,9.76,0.64
2021-11-10,1.5,5.61,1.71,18.1,1.03,1.66,33.39,16.62,9.8,0.65
2021-11-11,1.53,5.61,1.74,18.08,1.04,1.67,33.41,16.55,9.84,0.66
2021-11-12,1.55,5.6,1.78,18.06,1.05,1.69,33.42,16.47,9.89,0.67
2021-11-13,1.58,5.6,1.82,18.04,1.06,1.7,33.43,16.39,9.93,0.68
2021-11-14,1.6,5.59,1.85,18.02,1.07,1.72,33.45,16.31,9.97,0.69
2021-11-15,1.63,5.59,1.89,18,1.07,1.74,33.46,16.23,10.02,0.7
2021-11-16,1.65,5.59,1.93,17.98,1.08,1.75,33.47,16.15,10.06,0.7
2021-11-17,1.67,5.58,1.96,17.96,1.09,1.77,33.49,16.08,10.1,0.71
2021-11-18,1.84,5.61,2.08,17.9,1.21,1.77,33.53,15.88,10.2,0.72
2021-11-19,2,5.64,2.19,17.84,1.34,1.78,33.57,15.68,10.29,0.73
2021-11-20,2.16,5.67,2.31,17.79,1.46,1.79,33.61,15.49,10.39,0.74
2021-11-21,2.17,5.68,2.25,17.81,1.46,1.79,33.59,15.46,10.42,0.75
2021-11-22,2.19,5.69,2.19,17.83,1.46,1.8,33.57,15.44,10.46,0.76
2021-11-23,2.2,5.71,2.13,17.86,1.46,1.8,33.55,15.41,10.49,0.77
2021-11-24,2.22,5.72,2.08,17.88,1.45,1.81,33.53,15.38,10.52,0.78
2021-11-25,2.23,5.73,2.02,17.9,1.45,1.82,33.51,15.36,10.56,0.79
2021-11-26,2.25,5.74,1.96,17.93,1.45,1.82,33.49,15.33,10.59,0.8
2021-11-27,2.26,5.75,1.9,17.95,1.45,1.83,33.47,15.3,10.62,0.81
2021-11-28,2.28,5.77,1.84,17.98,1.45,1.83,33.45,15.28,10.66,0.82
2021-11-29,2.29,5.78,1.79,18,1.45,1.84,33.43,15.25,10.69,0.83
2021-11-30,2.31,5.79,1.73,18.02,1.45,1.85,33.41,15.22,10.72,0.84
2021-12-01,2.32,5.8,1.67,18.05,1.44,1.85,33.39,15.2,10.76,0.85
2021-12-02,2.34,5.81,1.61,18.07,1.44,1.86,33.37,15.17,10.79,0.86
2021-12-03,2.36,5.82,1.55,18.1,1.44,1.86,33.35,15.14,10.82,0.87
2021-12-04,2.37,5.83,1.56,18.06,1.44,1.85,33.36,15.02,10.91,0.88
2021-12-05,2.39,5.83,1.56,18.03,1.44,1.83,33.37,14.89,10.99,0.89
2021-12-06,2.4,5.84,1.56,17.99,1.44,1.82,33.38,14.77,11.07,0.9
2021-12-07,2.42,5.84,1.56,17.96,1.43,1.8,33.39,14.64,11.16,0.91
2021-12-08,2.43,5.85,1.56,17.92,1.43,1.79,33.39,14.51,11.24,0.92
2021-12-09,2.45,5.85,1.57,17.89,1.43,1.77,33.4,14.39,11.32,0.93
2021-12-10,2.46,5.86,1.57,17.85,1.43,1.75,33.41,14.26,11.41,0.94
2021-12-11,2.48,5.86,1.57,17.82,1.43,1.74,33.42,14.13,11.49,0.95
2021-12-12,2.49,5.86,1.57,17.78,1.43,1.72,33.43,14.01,11.57,0.96
2021-12-13,2.51,5.87,1.57,17.75,1.43,1.71,33.43,13.88,11.66,0.97
2021-12-14,2.52,5.87,1.58,17.71,1.42,1.69,33.44,13.76,11.74,0.98
2021-12-15,2.54,5.88,1.58,17.68,1.42,1.68,33.45,13.63,11.83,0.99
2021-12-16,2.56,5.88,1.58,17.64,1.42,1.66,33.46,13.5,11.91,0.99
2021-12-17,2.57,5.89,1.58,17.61,1.42,1.64,33.47,13.38,11.99,1
2021-12-18,2.59,5.89,1.58,17.58,1.42,1.63,33.48,13.25,12.08,1.01
2021-12-19,2.6,5.9,1.59,17.54,1.42,1.61,33.48,13.12,12.16,1.02
2021-12-20,2.55,5.85,1.59,17.59,1.4,1.61,33.43,13.16,12.21,1.03
2021-12-21,2.5,5.8,1.6,17.63,1.39,1.61,33.37,13.2,12.26,1.04
2021-12-22,2.45,5.75,1.61,17.68,1.37,1.62,33.32,13.23,12.3,1.05
2021-12-23,2.4,5.71,1.62,17.72,1.36,1.62,33.26,13.27,12.35,1.06
2021-12-24,2.35,5.66,1.63,17.77,1.34,1.62,33.21,13.3,12.4,1.07
2021-12-25,2.3,5.61,1.64,17.81,1.32,1.62,33.15,13.34,12.45,1.08
2021-12-26,2.25,5.56,1.64,17.86,1.31,1.62,33.09,13.37,12.5,1.09
2021-12-27,2.2,5.52,1.65,17.9,1.29,1.62,33.04,13.41,12.54,1.1
2021-12-28,2.15,5.47,1.66,17.95,1.28,1.62,32.98,13.45,12.59,1.11
2021-12-29,2.1,5.42,1.67,17.99,1.26,1.62,32.93,13.48,12.64,1.12
2021-12-30,2.05,5.37,1.68,18.04,1.25,1.62,32.87,13.52,12.69,1.13
2021-12-31,2,5.33,1.68,18.08,1.23,1.63,32.82,13.55,12.74,1.14
2022-01-01,1.95,5.28,1.69,18.13,1.22,1.63,32.76,13.59,12.79,1.15
2022-01-02,1.9,5.23,1.7,18.17,1.2,1.63,32.7,13.62,12.83,1.16
2022-01-03,1.85,5.18,1.71,18.22,1.18,1.63,32.65,13.66,12.88,1.17
2022-01-04,1.8,5.14,1.72,18.26,1.17,1.63,32.59,13.69,12.93,1.18
2022-01-05,1.75,5.09,1.73,18.31,1.15,1.63,32.54,13.73,12.98,1.19
2022-01-06,1.7,5.17,1.77,18.27,1.14,1.62,32.54,13.66,12.93,1.2
2022-01-07,1.65,5.25,1.81,18.24,1.12,1.62,32.55,13.58,12.88,1.22
2022-01-08,1.6,5.34,1.86,18.21,1.11,1.61,32.55,13.51,12.83,1.23
2022-01-09,1.55,5.42,1.9,18.18,1.09,1.6,32.56,13.44,12.78,1.25
2022-01-10,1.5,5.5,1.94,18.15,1.08,1.59,32.56,13.36,12.73,1.26
2022-01-11,1.45,5.58,1.98,18.12,1.06,1.58,32.57,13.29,12.68,1.28
2022-01-12,1.4,5.67,2.03,18.09,1.04,1.58,32.57,13.22,12.63,1.29
2022-01-13,1.35,5.75,2.07,18.06,1.03,1.57,32.58,13.14,12.58,1.31
2022-01-14,1.3,5.83,2.11,18.03,1.01,1.56,32.58,13.07,12.54,1.32
2022-01-15,1.25,5.91,2.16,18,1,1.55,32.59,12.99,12.49,1.34
2022-01-16,1.2,5.99,2.2,17.97,0.98,1.55,32.6,12.92,12.44,1.35
2022-01-17,1.15,6.08,2.24,17.94,0.97,1.54,32.6,12.85,12.39,1.37
2022-01-18,1.1,6.16,2.29,17.91,0.95,1.53,32.61,12.77,12.34,1.38
2022-01-19,1.05,6.24,2.33,17.88,0.94,1.52,32.61,12.7,12.29,1.4
2022-01-20,1,6.23,2.27,17.92,0.78,1.38,32.51,12.71,12.35,1.39
2022-01-21,0.96,6.23,2.22,17.97,0.63,1.25,32.41,12.73,12.41,1.39
2022-01-22,1,6.2,2.18,18.04,0.64,1.27,32.36,12.81,12.44,1.39
2022-01-23,1.05,6.16,2.14,18.11,0.66,1.3,32.31,12.9,12.47,1.38
2022-01-24,1.1,6.13,2.11,18.18,0.67,1.33,32.26,12.98,12.49,1.38
2022-01-25,1.14,6.1,2.07,18.26,0.68,1.36,32.21,13.07,12.52,1.38
2022-01-26,1.19,6.07,2.03,18.33,0.7,1.39,32.16,13.15,12.55,1.37
2022-01-27,1.24,6.04,2,18.4,0.71,1.41,32.11,13.24,12.57,1.37
2022-01-28,1.29,6.01,1.96,18.47,0.72,1.44,32.06,13.32,12.6,1.36
2022-01-29,1.33,5.98,1.92,18.54,0.74,1.47,32.01,13.41,12.63,1.36
2022-01-30,1.38,5.95,1.88,18.61,0.75,1.5,31.97,13.49,12.65,1.36
2022-01-31,1.43,5.92,1.85,18.69,0.76,1.53,31.92,13.58,12.68,1.35
2022-02-01,1.47,5.89,1.81,18.76,0.78,1.55,31.87,13.66,12.7,1.35
2022-02-02,1.52,5.85,1.77,18.83,0.79,1.58,31.82,13.75,12.73,1.35
2022-02-03,1.57,5.82,1.74,18.9,0.8,1.61,31.77,13.83,12.76,1.34
2022-02-04,1.62,5.79,1.7,18.97,0.82,1.64,31.72,13.92,12.78,1.34
2022-02-05,1.66,5.76,1.66,19.04,0.83,1.67,31.67,14,12.81,1.33
2022-02-06,1.71,5.73,1.63,19.12,0.84,1.69,31.62,14.09,12.84,1.33
2022-02-07,1.76,5.79,1.63,19.09,0.86,1.69,31.58,14.1,12.84,1.33
2022-02-08,1.8,5.86,1.64,19.07,0.87,1.68,31.55,14.12,12.84,1.32
2022-02-09,1.85,5.92,1.65,19.05,0.88,1.67,31.52,14.13,12.85,1.32
2022-02-10,1.9,5.99,1.65,19.02,0.9,1.66,31.49,14.15,12.85,1.32
2022-02-11,1.95,6.05,1.66,19,0.91,1.65,31.45,14.16,12.86,1.31
2022-02-12,1.99,6.11,1.67,18.98,0.92,1.65,31.42,14.18,12.86,1.31
2022-02-13,2.04,6.18,1.67,18.95,0.94,1.64,31.39,14.19,12.86,1.31
2022-02-14,2.09,6.24,1.68,18.93,0.95,1.63,31.36,14.21,12.87,1.3
2022-02-15,2.13,6.3,1.68,18.91,0.96,1.62,31.32,14.22,12.87,1.3
2022-02-16,2.18,6.37,1.69,18.89,0.98,1.61,31.29,14.24,12.88,1.29
2022-02-17,2.23,6.43,1.7,18.86,0.99,1.61,31.26,14.25,12.88,1.29
2022-02-18,2.28,6.5,1.7,18.84,1,1.6,31.23,14.26,12.88,1.29
2022-02-19,2.32,6.56,1.71,18.82,1.02,1.59,31.19,14.28,12.89,1.28
2022-02-20,2.37,6.62,1.72,18.79,1.03,1.58,31.16,14.29,12.89,1.28
2022-02-21,2.42,6.69,1.72,18.77,1.04,1.57,31.13,14.31,12.9,1.28
2022-02-22,2.46,6.75,1.73,18.75,1.06,1.57,31.1,14.32,12.9,1.27
2022-02-23,2.51,6.82,1.73,18.72,1.07,1.56,31.06,14.34,12.9,1.27
2022-02-24,2.56,6.88,1.74,18.7,1.08,1.55,31.03,14.35,12.91,1.27
2022-02-25,2.61,6.94,1.75,18.68,1.1,1.54,31,14.37,12.91,1.26
2022-02-26,2.58,6.98,1.73,18.74,1.11,1.53,30.97,14.37,12.88,1.26
2022-02-27,2.55,7.02,1.72,18.8,1.12,1.53,30.94,14.37,12.84,1.25
2022-02-28,2.53,7.07,1.71,18.86,1.14,1.52,30.91,14.37,12.8,1.25
2022-03-01,2.5,7.11,1.69,18.92,1.15,1.51,30.88,14.37,12.77,1.25
2022-03-02,2.47,7.15,1.68,18.98,1.16,1.5,30.84,14.37,12.73,1.24
2022-03-03,2.45,7.19,1.67,19.03,1.18,1.49,30.81,14.37,12.69,1.24
2022-03-04,2.42,7.23,1.66,19.09,1.19,1.49,30.78,14.38,12.65,1.24
2022-03-05,2.39,7.27,1.64,19.15,1.2,1.48,30.75,14.38,12.62,1.23
2022-03-06,2.37,7.31,1.63,19.21,1.22,1.47,30.72,14.38,12.58,1.23
2022-03-07,2.34,7.33,1.6,19.22,1.23,1.42,30.71,14.35,12.54,1.22
2022-03-08,2.31,7.34,1.57,19.23,1.24,1.37,30.7,14.31,12.49,1.22
2022-03-09,2.29,7.36,1.54,19.24,1.26,1.32,30.69,14.28,12.45,1.22
2022-03-10,2.26,7.38,1.5,19.25,1.27,1.27,30.68,14.25,12.41,1.21
2022-03-11,2.23,7.37,1.58,19.23,1.28,1.29,30.71,14.23,12.39,1.21
2022-03-12,2.21,7.36,1.65,19.21,1.3,1.32,30.74,14.21,12.37,1.21
2022-03-13,2.18,7.35,1.72,19.19,1.31,1.34,30.78,14.19,12.35,1.2
2022-03-14,2.15,7.34,1.8,19.16,1.32,1.37,30.81,14.17,12.33,1.2
2022-03-15,2.13,7.33,1.87,19.14,1.34,1.4,30.84,14.16,12.31,1.2
2022-03-16,2.1,7.32,1.94,19.12,1.35,1.42,30.88,14.14,12.3,1.19
2022-03-17,2.07,7.3,2.01,19.1,1.36,1.45,30.91,14.12,12.28,1.19
2022-03-18,2.05,7.29,2.09,19.08,1.37,1.48,30.94,14.1,12.26,1.18
2022-03-19,2.02,7.23,2.22,19.05,1.42,1.46,31.01,14.05,12.24,1.18
2022-03-20,1.99,7.22,2.18,19.12,1.42,1.46,31.01,14.06,12.23,1.17
2022-03-21,1.97,7.2,2.14,19.19,1.41,1.46,31.01,14.08,12.23,1.16
2022-03-22,1.94,7.19,2.1,19.26,1.4,1.45,31,14.1,12.22,1.15
2022-03-23,1.91,7.18,2.05,19.33,1.4,1.45,31,14.12,12.21,1.15
2022-03-24,1.89,7.17,2.01,19.4,1.39,1.45,31,14.14,12.21,1.14
2022-03-25,1.86,7.16,1.97,19.47,1.38,1.45,31,14.15,12.2,1.13
2022-03-26,1.84,7.15,1.93,19.54,1.38,1.44,30.99,14.17,12.19,1.12
2022-03-27,1.81,7.13,1.88,19.61,1.37,1.44,30.99,14.19,12.19,1.11
2022-03-28,1.78,7.12,1.84,19.68,1.37,1.44,30.99,14.21,12.18,1.1
2022-03-29,1.76,7.11,1.8,19.75,1.36,1.44,30.99,14.23,12.17,1.09
2022-03-30,1.73,7.1,1.75,19.82,1.35,1.43,30.98,14.24,12.17,1.08
2022-03-31,1.7,7.02,1.77,19.86,1.35,1.43,31,14.26,12.16,1.08
2022-04-01,1.68,6.94,1.79,19.9,1.34,1.43,31.01,14.28,12.16,1.07
2022-04-02,1.65,6.86,1.8,19.93,1.34,1.43,31.02,14.3,12.15,1.06
2022-04-03,1.62,6.78,1.82,19.97,1.33,1.42,31.04,14.31,12.14,1.05
2022-04-04,1.6,6.7,1.83,20.01,1.32,1.42,31.05,14.33,12.14,1.04
2022-04-05,1.57,6.62,1.85,20.05,1.32,1.42,31.06,14.35,12.13,1.03
2022-04-06,1.54,6.54,1.87,20.08,1.31,1.42,31.08,14.36,12.12,1.02
2022-04-07,1.52,6.46,1.88,20.12,1.31,1.41,31.09,14.38,12.12,1.02
2022-04-08,1.49,6.38,1.9,20.16,1.3,1.41,31.11,14.4,12.11,1.01
2022-04-09,1.47,6.3,1.91,20.2,1.29,1.41,31.12,14.41,12.11,1
2022-04-10,1.44,6.22,1.93,20.23,1.29,1.41,31.13,14.43,12.1,0.99
2022-04-11,1.41,6.21,1.95,20.25,1.28,1.38,31.16,14.39,12.07,0.98
2022-04-12,1.39,6.21,1.96,20.27,1.27,1.36,31.19,14.34,12.04,0.97
2022-04-13,1.36,6.2,1.98,20.29,1.27,1.33,31.22,14.3,12.01,0.96
2022-04-14,1.33,6.2,2,20.31,1.26,1.31,31.24,14.26,11.98,0.95
2022-04-15,1.31,6.19,2.01,20.32,1.26,1.28,31.27,14.22,11.95,0.95
2022-04-16,1.28,6.19,2.03,20.34,1.25,1.26,31.3,14.17,11.92,0.94
2022-04-17,1.25,6.18,2.05,20.36,1.24,1.23,31.33,14.13,11.89,0.93
2022-04-18,1.23,6.17,2.06,20.38,1.24,1.21,31.36,14.09,11.86,0.92
2022-04-19,1.2,6.17,2.08,20.39,1.23,1.19,31.39,14.04,11.83,0.91
2022-04-20,1.17,6.16,2.1,20.41,1.23,1.16,31.41,14,11.8,0.9
2022-04-21,1.15,6.16,2.11,20.43,1.22,1.14,31.44,13.96,11.77,0.89
2022-04-22,1.12,6.15,2.13,20.45,1.21,1.11,31.47,13.92,11.74,0.89
2022-04-23,1.1,6.15,2.14,20.46,1.21,1.09,31.5,13.87,11.71,0.88
2022-04-24,1.07,6.14,2.16,20.48,1.2,1.06,31.53,13.83,11.68,0.87
2022-04-25,1.04,6.14,2.18,20.5,1.2,1.04,31.56,13.79,11.65,0.86
2022-04-26,1.07,6.12,2.18,20.48,1.2,1.06,31.58,13.81,11.63,0.87
2022-04-27,1.1,6.1,2.19,20.47,1.21,1.09,31.61,13.84,11.6,0.89
2022-04-28,1.13,6.08,2.19,20.45,1.22,1.12,31.64,13.87,11.57,0.9
2022-04-29,1.16,6.06,2.2,20.44,1.23,1.15,31.67,13.9,11.55,0.91
2022-04-30,1.18,6.05,2.21,20.42,1.24,1.17,31.69,13.92,11.52,0.93
2022-05-01,1.21,6.03,2.21,20.4,1.25,1.2,31.72,13.95,11.5,0.94
2022-05-02,1.24,6.01,2.22,20.39,1.26,1.23,31.75,13.98,11.47,0.96
2022-05-03,1.27,5.99,2.22,20.37,1.27,1.25,31.78,14.01,11.45,0.97
2022-05-04,1.3,5.97,2.23,20.36,1.28,1.28,31.8,14.03,11.42,0.98
2022-05-05,1.33,5.96,2.24,20.34,1.29,1.31,31.83,14.06,11.4,1
2022-05-06,1.35,5.94,2.24,20.33,1.3,1.33,31.86,14.09,11.37,1.01
2022-05-07,1.38,5.92,2.25,20.31,1.31,1.36,31.89,14.12,11.34,1.02
2022-05-08,1.41,5.9,2.25,20.3,1.32,1.39,31.92,14.14,11.32,1.04
2022-05-09,1.44,5.9,2.25,20.24,1.32,1.38,31.96,14.11,11.31,1.05
2022-05-10,1.47,5.9,2.24,20.19,1.32,1.38,32,14.08,11.3,1.07
2022-05-11,1.49,5.89,2.23,20.14,1.32,1.38,32.04,14.04,11.29,1.08
2022-05-12,1.52,5.89,2.23,20.09,1.32,1.37,32.09,14.01,11.28,1.09
2022-05-13,1.55,5.89,2.22,20.04,1.32,1.37,32.13,13.98,11.27,1.11
2022-05-14,1.58,5.89,2.21,19.98,1.33,1.36,32.17,13.94,11.26,1.12
2022-05-15,1.61,5.88,2.21,19.93,1.33,1.36,32.21,13.91,11.26,1.13
2022-05-16,1.64,5.88,2.2,19.88,1.33,1.35,32.26,13.88,11.25,1.15
2022-05-17,1.66,5.88,2.19,19.83,1.33,1.35,32.3,13.84,11.24,1.16
2022-05-18,1.69,5.87,2.19,19.78,1.33,1.34,32.34,13.81,11.23,1.18
2022-05-19,1.72,5.87,2.18,19.72,1.33,1.34,32.38,13.78,11.22,1.19
2022-05-20,1.75,5.92,2.1,19.6,1.42,1.34,32.45,13.7,11.23,1.19
2022-05-21,1.78,5.96,2.01,19.47,1.5,1.34,32.51,13.62,11.24,1.19
2022-05-22,1.81,6.01,1.93,19.34,1.58,1.34,32.57,13.54,11.25,1.19
2022-05-23,1.83,6.05,1.85,19.21,1.66,1.34,32.63,13.47,11.26,1.19
2022-05-24,1.86,6.1,1.76,19.09,1.75,1.34,32.69,13.39,11.27,1.19
2022-05-25,1.89,6.14,1.68,18.96,1.83,1.34,32.76,13.31,11.28,1.19
2022-05-26,1.84,6.16,1.74,18.96,1.84,1.34,32.77,13.33,11.27,1.19
2022-05-27,1.79,6.18,1.79,18.96,1.86,1.35,32.79,13.35,11.25,1.19
2022-05-28,1.73,6.19,1.85,18.96,1.87,1.35,32.81,13.37,11.24,1.19
2022-05-29,1.68,6.21,1.91,18.96,1.88,1.35,32.83,13.39,11.23,1.19
2022-05-30,1.63,6.23,1.96,18.96,1.9,1.35,32.85,13.41,11.21,1.19
2022-05-31,1.58,6.25,2.02,18.96,1.91,1.35,32.87,13.43,11.2,1.19
2022-06-01,1.52,6.26,2.08,18.96,1.92,1.35,32.89,13.45,11.19,1.2
2022-06-02,1.47,6.28,2.13,18.96,1.94,1.35,32.91,13.47,11.17,1.2
2022-06-03,1.42,6.3,2.19,18.96,1.95,1.35,32.93,13.49,11.16,1.2
2022-06-04,1.37,6.32,2.25,18.96,1.96,1.35,32.95,13.51,11.15,1.2
2022-06-05,1.32,6.33,2.3,18.96,1.98,1.35,32.97,13.53,11.13,1.2
2022-06-06,1.32,6.37,2.32,18.91,1.99,1.36,33.01,13.46,11.12,1.2
2022-06-07,1.33,6.4,2.34,18.85,2,1.37,33.04,13.4,11.1,1.2
2022-06-08,1.33,6.44,2.36,18.8,2.01,1.38,33.08,13.33,11.08,1.2
2022-06-09,1.34,6.47,2.37,18.74,2.03,1.39,33.12,13.27,11.07,1.2
2022-06-10,1.35,6.51,2.39,18.69,2.04,1.39,33.16,13.21,11.05,1.2
2022-06-11,1.35,6.54,2.41,18.63,2.05,1.4,33.19,13.14,11.03,1.2
2022-06-12,1.36,6.58,2.43,18.57,2.07,1.41,33.23,13.08,11.02,1.2
2022-06-13,1.37,6.61,2.44,18.52,2.08,1.42,33.27,13.02,11,1.2
2022-06-14,1.37,6.64,2.46,18.46,2.09,1.43,33.3,12.95,10.99,1.2
2022-06-15,1.38,6.68,2.48,18.41,2.11,1.43,33.34,12.89,10.97,1.2
2022-06-16,1.39,6.71,2.5,18.35,2.12,1.44,33.38,12.83,10.95,1.2
2022-06-17,1.39,6.75,2.51,18.3,2.13,1.45,33.42,12.76,10.94,1.2
2022-06-18,1.4,6.78,2.53,18.24,2.15,1.46,33.45,12.7,10.92,1.2
2022-06-19,1.41,6.82,2.55,18.19,2.16,1.47,33.49,12.64,10.9,1.2
2022-06-20,1.41,6.85,2.57,18.13,2.17,1.47,33.53,12.57,10.89,1.2
2022-06-21,1.42,6.89,2.58,18.08,2.19,1.48,33.57,12.51,10.87,1.2
2022-06-22,1.43,6.92,2.6,18.02,2.2,1.49,33.6,12.45,10.85,1.2
2022-06-23,1.43,6.95,2.62,17.97,2.21,1.5,33.64,12.38,10.84,1.2
2022-06-24,1.44,6.99,2.64,17.91,2.23,1.51,33.68,12.32,10.82,1.21
2022-06-25,1.45,6.97,2.65,17.98,2.22,1.51,33.67,12.36,10.79,1.21
2022-06-26,1.45,6.96,2.67,18.04,2.22,1.52,33.67,12.4,10.77,1.21
2022-06-27,1.46,6.94,2.69,18.11,2.22,1.53,33.66,12.44,10.75,1.22
2022-06-28,1.46,6.92,2.7,18.17,2.22,1.54,33.66,12.48,10.72,1.22
2022-06-29,1.47,6.91,2.72,18.23,2.22,1.55,33.66,12.53,10.7,1.22
2022-06-30,1.48,6.89,2.74,18.3,2.21,1.55,33.65,12.57,10.67,1.22
2022-07-01,1.48,6.87,2.75,18.36,2.21,1.56,33.65,12.61,10.65,1.23
2022-07-02,1.49,6.86,2.77,18.43,2.21,1.57,33.64,12.65,10.63,1.23
2022-07-03,1.5,6.84,2.79,18.49,2.21,1.58,33.64,12.69,10.6,1.23
2022-07-04,1.5,6.82,2.8,18.56,2.21,1.59,33.63,12.73,10.58,1.24
2022-07-05,1.51,6.8,2.82,18.62,2.2,1.59,33.63,12.77,10.55,1.24
2022-07-06,1.52,6.79,2.84,18.69,2.2,1.6,33.62,12.82,10.53,1.24
2022-07-07,1.52,6.77,2.85,18.75,2.2,1.61,33.62,12.86,10.5,1.25
2022-07-08,1.53,6.75,2.87,18.82,2.2,1.62,33.62,12.9,10.48,1.25
2022-07-09,1.54,6.74,2.89,18.88,2.2,1.63,33.61,12.94,10.46,1.25
2022-07-10,1.54,6.72,2.9,18.95,2.19,1.63,33.61,12.98,10.43,1.26
2022-07-11,1.55,6.7,2.85,18.9,2.19,1.64,33.61,12.95,10.42,1.26
2022-07-12,1.56,6.68,2.8,18.86,2.19,1.65,33.61,12.91,10.41,1.26
2022-07-13,1.56,6.66,2.75,18.81,2.19,1.66,33.61,12.88,10.39,1.27
2022-07-14,1.57,6.64,2.7,18.77,2.19,1.67,33.61,12.84,10.38,1.27
2022-07-15,1.58,6.63,2.65,18.72,2.19,1.67,33.61,12.81,10.37,1.27
2022-07-16,1.58,6.61,2.59,18.68,2.18,1.68,33.61,12.78,10.35,1.28
2022-07-17,1.59,6.59,2.54,18.63,2.18,1.69,33.61,12.74,10.34,1.28
2022-07-18,1.59,6.57,2.49,18.59,2.18,1.7,33.61,12.71,10.33,1.28
2022-07-19,1.6,6.55,2.44,18.54,2.18,1.71,33.61,12.67,10.31,1.29
2022-07-20,1.61,6.53,2.39,18.5,2.18,1.72,33.61,12.64,10.3,1.29
2022-07-21,1.61,6.51,2.34,18.45,2.17,1.72,33.61,12.61,10.29,1.29
2022-07-22,1.62,6.49,2.28,18.41,2.17,1.73,33.61,12.57,10.28,1.3
2022-07-23,1.63,6.47,2.23,18.36,2.17,1.74,33.61,12.54,10.26,1.3
2022-07-24,1.63,6.45,2.18,18.32,2.17,1.75,33.61,12.51,10.25,1.3
2022-07-25,1.64,6.43,2.13,18.27,2.17,1.76,33.61,12.47,10.24,1.31
2022-07-26,1.65,6.45,2.15,18.3,2.16,1.75,33.58,12.47,10.25,1.31
2022-07-27,1.65,6.46,2.16,18.32,2.16,1.74,33.54,12.47,10.26,1.31
2022-07-28,1.66,6.47,2.18,18.35,2.16,1.73,33.5,12.47,10.28,1.32
2022-07-29,1.67,6.49,2.2,18.37,2.16,1.73,33.47,12.47,10.29,1.32
2022-07-30,1.67,6.5,2.21,18.39,2.16,1.72,33.43,12.47,10.3,1.32
2022-07-31,1.68,6.51,2.23,18.42,2.15,1.71,33.39,12.47,10.32,1.33
2022-08-01,1.69,6.53,2.25,18.44,2.15,1.7,33.36,12.47,10.33,1.33
2022-08-02,1.69,6.54,2.26,18.47,2.15,1.7,33.32,12.47,10.34,1.33
2022-08-03,1.7,6.55,2.28,18.49,2.15,1.69,33.28,12.47,10.36,1.34
2022-08-04,1.7,6.57,2.3,18.51,2.15,1.68,33.25,12.47,10.37,1.34
2022-08-05,1.71,6.53,2.31,18.49,2.14,1.72,33.22,12.44,10.39,1.34
2022-08-06,1.72,6.48,2.32,18.46,2.14,1.76,33.19,12.41,10.42,1.34
2022-08-07,1.72,6.44,2.33,18.43,2.14,1.8,33.16,12.38,10.45,1.35
2022-08-08,1.73,6.4,2.34,18.41,2.14,1.84,33.14,12.35,10.47,1.35
2022-08-09,1.74,6.36,2.35,18.38,2.14,1.88,33.11,12.32,10.5,1.35
2022-08-10,1.74,6.32,2.37,18.36,2.13,1.92,33.08,12.29,10.52,1.35
2022-08-11,1.75,6.27,2.38,18.33,2.13,1.97,33.05,12.26,10.55,1.35
2022-08-12,1.76,6.23,2.39,18.3,2.13,2.01,33.03,12.23,10.57,1.36
2022-08-13,1.76,6.19,2.4,18.28,2.13,2.05,33,12.21,10.6,1.36
2022-08-14,1.77,6.15,2.41,18.25,2.13,2.09,32.97,12.18,10.62,1.36
2022-08-15,1.78,6.1,2.43,18.22,2.13,2.13,32.95,12.15,10.65,1.36
2022-08-16,1.78,6.06,2.44,18.2,2.12,2.17,32.92,12.12,10.67,1.37
2022-08-17,1.79,6.02,2.45,18.17,2.12,2.21,32.89,12.09,10.7,1.37
2022-08-18,1.8,5.98,2.46,18.14,2.12,2.25,32.86,12.06,10.72,1.37
2022-08-19,1.8,5.94,2.47,18.12,2.12,2.29,32.84,12.03,10.75,1.37
2022-08-20,1.81,5.89,2.49,18.09,2.12,2.33,32.81,12,10.77,1.38
2022-08-21,1.82,5.85,2.5,18.06,2.11,2.37,32.78,11.97,10.8,1.38
2022-08-22,1.82,5.81,2.51,18.04,2.11,2.41,32.75,11.94,10.82,1.38
2022-08-23,1.83,5.77,2.52,18.01,2.11,2.45,32.73,11.92,10.85,1.38
2022-08-24,1.83,5.73,2.53,17.98,2.11,2.49,32.7,11.89,10.87,1.39
2022-08-25,1.84,5.68,2.55,17.96,2.11,2.53,32.67,11.86,10.9,1.39
2022-08-26,1.85,5.76,2.56,18.03,2.1,2.48,32.56,11.9,10.92,1.39
2022-08-27,1.85,5.84,2.57,18.1,2.1,2.42,32.44,11.94,10.94,1.39
2022-08-28,1.86,5.92,2.58,18.18,2.1,2.37,32.32,11.98,10.96,1.4
2022-08-29,1.87,6,2.59,18.25,2.1,2.31,32.21,12.02,10.98,1.4
2022-08-30,1.87,6.08,2.6,18.32,2.1,2.26,32.09,12.06,10.99,1.4
2022-08-31,1.88,6.16,2.62,18.4,2.09,2.2,31.98,12.1,11.01,1.4
2022-09-01,1.89,6.24,2.63,18.47,2.09,2.14,31.86,12.14,11.03,1.4
2022-09-02,1.89,6.32,2.64,18.54,2.09,2.09,31.74,12.18,11.05,1.41
2022-09-03,1.9,6.4,2.65,18.62,2.09,2.03,31.63,12.22,11.07,1.41
2022-09-04,1.89,6.44,2.65,18.62,2.09,2.01,31.59,12.21,11.06,1.41
2022-09-05,1.87,6.48,2.65,18.61,2.08,1.98,31.54,12.21,11.05,1.41
2022-09-06,1.86,6.52,2.66,18.61,2.08,1.96,31.5,12.2,11.04,1.42
2022-09-07,1.85,6.57,2.66,18.61,2.08,1.94,31.46,12.19,11.03,1.42
2022-09-08,1.83,6.61,2.66,18.61,2.08,1.91,31.42,12.19,11.02,1.42
2022-09-09,1.82,6.65,2.66,18.6,2.08,1.89,31.38,12.18,11,1.42
2022-09-10,1.81,6.69,2.66,18.6,2.08,1.87,31.34,12.17,10.99,1.43
2022-09-11,1.79,6.73,2.66,18.6,2.07,1.84,31.29,12.17,10.98,1.43
2022-09-12,1.78,6.78,2.66,18.6,2.07,1.82,31.25,12.16,10.97,1.43
2022-09-13,1.77,6.82,2.66,18.6,2.07,1.79,31.21,12.15,10.96,1.43
2022-09-14,1.76,6.86,2.67,18.59,2.07,1.77,31.17,12.15,10.95,1.44
2022-09-15,1.74,6.9,2.67,18.59,2.07,1.75,31.13,12.14,10.94,1.44
2022-09-16,1.73,6.94,2.67,18.59,2.06,1.72,31.08,12.13,10.93,1.44
2022-09-17,1.72,6.98,2.67,18.59,2.06,1.7,31.04,12.13,10.92,1.44
2022-09-18,1.7,7.03,2.67,18.58,2.06,1.68,31,12.12,10.91,1.44
2022-09-19,1.69,7.07,2.67,18.58,2.06,1.65,30.96,12.11,10.89,1.45
2022-09-20,1.68,7.11,2.67,18.58,2.06,1.63,30.92,12.11,10.88,1.45
2022-09-21,1.66,7.17,2.64,18.49,2.05,1.57,30.88,12.02,10.9,1.45
2022-09-22,1.65,7.23,2.6,18.41,2.05,1.5,30.85,11.93,10.91,1.44
2022-09-23,1.64,7.29,2.57,18.32,2.05,1.44,30.81,11.85,10.92,1.44
2022-09-24,1.63,7.24,2.58,18.24,2.05,1.57,30.84,11.76,10.88,1.53
2022-09-25,1.61,7.18,2.6,18.15,2.05,1.69,30.86,11.68,10.83,1.63
2022-09-26,1.6,7.13,2.62,18.07,2.04,1.81,30.88,11.59,10.79,1.72
2022-09-27,1.59,7.13,2.64,18.12,2.04,1.8,30.85,11.64,10.81,1.71
2022-09-28,1.57,7.13,2.66,18.18,2.04,1.79,30.83,11.69,10.83,1.7
2022-09-29,1.56,7.13,2.68,18.23,2.04,1.78,30.81,11.74,10.84,1.69
2022-09-30,1.55,7.13,2.7,18.29,2.04,1.77,30.79,11.79,10.86,1.68
2022-10-01,1.53,7.13,2.72,18.34,2.03,1.76,30.77,11.84,10.88,1.67
2022-10-02,1.52,7.13,2.74,18.39,2.03,1.75,30.75,11.89,10.9,1.66
2022-10-03,1.51,7.13,2.75,18.45,2.03,1.74,30.72,11.94,10.91,1.65
2022-10-04,1.49,7.13,2.77,18.5,2.03,1.73,30.7,11.99,10.93,1.64
2022-10-05,1.48,7.13,2.79,18.56,2.03,1.72,30.68,12.04,10.95,1.63
2022-10-06,1.47,7.13,2.81,18.61,2.02,1.71,30.66,12.09,10.97,1.62
2022-10-07,1.46,7.11,2.83,18.59,2.02,1.71,30.67,12.08,10.97,1.61
2022-10-08,1.44,7.09,2.85,18.56,2.02,1.71,30.69,12.08,10.97,1.6
2022-10-09,1.43,7.07,2.88,18.54,2.02,1.7,30.7,12.08,10.97,1.59
2022-10-10,1.42,7.06,2.9,18.51,2.02,1.7,30.71,12.07,10.97,1.58
2022-10-11,1.4,7.04,2.92,18.49,2.02,1.69,30.73,12.07,10.97,1.57
2022-10-12,1.39,7.02,2.94,18.47,2.01,1.69,30.74,12.06,10.97,1.56
2022-10-13,1.38,7,2.96,18.44,2.01,1.69,30.75,12.06,10.97,1.55
2022-10-14,1.36,6.98,2.98,18.42,2.01,1.68,30.76,12.06,10.97,1.54
2022-10-15,1.35,6.96,3,18.39,2.01,1.68,30.78,12.05,10.97,1.53
2022-10-16,1.34,6.94,3.03,18.37,2.01,1.68,30.79,12.05,10.97,1.52
2022-10-17,1.32,6.93,3.05,18.34,2,1.67,30.8,12.04,10.97,1.51
2022-10-18,1.31,6.91,3.07,18.32,2,1.67,30.82,12.04,10.97,1.5
2022-10-19,1.3,6.89,3.09,18.3,2,1.66,30.83,12.04,10.98,1.49
2022-10-20,1.29,6.87,3.11,18.27,2,1.66,30.84,12.03,10.98,1.48
2022-10-21,1.31,6.89,3.09,18.18,2,1.7,30.89,11.92,10.95,1.48
2022-10-22,1.34,6.91,3.07,18.08,1.99,1.73,30.94,11.81,10.92,1.48
2022-10-23,1.37,6.93,3.05,17.98,1.99,1.77,30.98,11.7,10.9,1.47
2022-10-24,1.4,6.94,3.03,17.89,1.99,1.81,31.03,11.59,10.87,1.47
2022-10-25,1.43,6.96,3,17.79,1.99,1.84,31.07,11.48,10.84,1.47
2022-10-26,1.46,6.98,2.98,17.7,1.99,1.88,31.12,11.37,10.82,1.47
2022-10-27,1.49,7,2.96,17.6,1.98,1.92,31.17,11.26,10.79,1.47
2022-10-28,1.52,7.02,2.94,17.51,1.98,1.95,31.21,11.15,10.76,1.47
2022-10-29,1.48,7.03,2.92,17.56,1.87,1.93,31.22,11.2,10.78,1.47
2022-10-30,1.44,7.04,2.9,17.61,1.76,1.9,31.24,11.25,10.79,1.47
2022-10-31,1.39,7.06,2.87,17.67,1.65,1.88,31.25,11.3,10.81,1.47
2022-11-01,1.35,7.07,2.85,17.72,1.54,1.85,31.26,11.35,10.82,1.47
2022-11-02,1.31,7.08,2.83,17.78,1.43,1.82,31.28,11.4,10.84,1.47
2022-11-03,1.27,7.1,2.81,17.83,1.32,1.8,31.29,11.45,10.85,1.46
2022-11-04,1.23,7.11,2.79,17.89,1.21,1.77,31.3,11.5,10.87,1.46
2022-11-05,1.19,7.12,2.77,17.94,1.11,1.75,31.32,11.55,10.88,1.46
2022-11-06,1.15,7.14,2.74,18,1,1.72,31.33,11.6,10.9,1.46
2022-11-07,1.15,7.12,2.75,17.96,1.01,1.71,31.39,11.62,10.87,1.47
2022-11-08,1.14,7.11,2.75,17.93,1.03,1.7,31.46,11.64,10.84,1.47
2022-11-09,1.14,7.1,2.75,17.89,1.05,1.68,31.52,11.66,10.81,1.48
2022-11-10,1.14,7.08,2.75,17.86,1.07,1.67,31.59,11.67,10.78,1.48
2022-11-11,1.14,7.07,2.76,17.82,1.09,1.66,31.65,11.69,10.75,1.49
2022-11-12,1.14,7.06,2.76,17.78,1.1,1.65,31.72,11.71,10.73,1.49
2022-11-13,1.13,7.05,2.76,17.75,1.12,1.63,31.78,11.72,10.7,1.5
2022-11-14,1.13,7.03,2.76,17.71,1.14,1.62,31.85,11.74,10.67,1.5
2022-11-15,1.13,7.02,2.76,17.68,1.16,1.61,31.91,11.76,10.64,1.51
2022-11-16,1.13,7.01,2.77,17.64,1.18,1.6,31.97,11.77,10.61,1.51
2022-11-17,1.13,6.99,2.77,17.61,1.2,1.58,32.04,11.79,10.58,1.52
2022-11-18,1.12,6.98,2.77,17.57,1.21,1.57,32.1,11.81,10.56,1.52
2022-11-19,1.12,6.97,2.77,17.54,1.23,1.56,32.17,11.82,10.53,1.53
2022-11-20,1.12,6.95,2.78,17.5,1.25,1.55,32.23,11.84,10.5,1.53
2022-11-21,1.13,6.97,2.58,17.38,1.38,1.58,32.33,11.77,10.48,1.57
2022-11-22,1.14,6.99,2.39,17.26,1.5,1.61,32.42,11.69,10.46,1.61
2022-11-23,1.15,7,2.2,17.14,1.63,1.64,32.52,11.62,10.44,1.66
2022-11-24,1.17,7.02,2,17.02,1.75,1.67,32.61,11.54,10.43,1.7
2022-11-25,1.18,7.03,1.81,16.9,1.88,1.7,32.71,11.47,10.41,1.74
2022-11-26,1.19,7.05,1.93,16.92,1.89,1.68,32.71,11.46,10.41,1.78
2022-11-27,1.2,7.07,2.05,16.94,1.9,1.67,32.71,11.45,10.42,1.82
2022-11-28,1.21,7.08,2.17,16.96,1.91,1.65,32.71,11.45,10.42,1.86
2022-11-29,1.23,7.1,2.28,16.98,1.92,1.64,32.71,11.44,10.43,1.9
2022-11-30,1.24,7.12,2.4,17,1.92,1.63,32.71,11.44,10.43,1.94
2022-12-01,1.25,7.13,2.52,17.01,1.93,1.61,32.72,11.43,10.44,1.98
2022-12-02,1.26,7.15,2.64,17.03,1.94,1.6,32.72,11.43,10.44,2.02
2022-12-03,1.27,7.17,2.76,17.05,1.95,1.59,32.72,11.42,10.45,2.06
2022-12-04,1.28,7.18,2.88,17.07,1.96,1.57,32.72,11.41,10.45,2.1
2022-12-05,1.29,7.22,2.87,17.03,1.97,1.58,32.75,11.36,10.45,2.08
2022-12-06,1.29,7.26,2.87,17,1.98,1.58,32.78,11.31,10.44,2.07
2022-12-07,1.29,7.3,2.86,16.96,1.99,1.58,32.81,11.26,10.43,2.06
2022-12-08,1.29,7.34,2.86,16.92,2,1.58,32.85,11.21,10.42,2.05
2022-12-09,1.3,7.38,2.85,16.88,2.01,1.59,32.88,11.16,10.41,2.04
2022-12-10,1.3,7.43,2.84,16.85,2.02,1.59,32.91,11.11,10.4,2.02
2022-12-11,1.3,7.47,2.84,16.81,2.03,1.59,32.94,11.06,10.39,2.01
2022-12-12,1.31,7.51,2.83,16.77,2.04,1.59,32.98,11.01,10.38,2
2022-12-13,1.31,7.55,2.83,16.73,2.05,1.6,33.01,10.96,10.37,1.99
2022-12-14,1.31,7.59,2.82,16.7,2.05,1.6,33.04,10.91,10.36,1.98
2022-12-15,1.31,7.63,2.82,16.66,2.06,1.6,33.07,10.86,10.35,1.97
2022-12-16,1.32,7.67,2.81,16.62,2.07,1.6,33.1,10.81,10.34,1.95
2022-12-17,1.32,7.71,2.81,16.58,2.08,1.61,33.14,10.75,10.34,1.94
2022-12-18,1.32,7.75,2.8,16.55,2.09,1.61,33.17,10.7,10.33,1.93
2022-12-19,1.32,7.79,2.8,16.51,2.1,1.61,33.2,10.65,10.32,1.92
2022-12-20,1.33,7.83,2.79,16.47,2.11,1.61,33.23,10.6,10.31,1.91
2022-12-21,1.33,7.84,2.79,16.51,2.1,1.62,33.16,10.66,10.34,1.88
2022-12-22,1.33,7.84,2.78,16.55,2.08,1.62,33.08,10.72,10.37,1.86
2022-12-23,1.33,7.85,2.78,16.58,2.07,1.62,33.01,10.79,10.41,1.84
2022-12-24,1.34,7.85,2.77,16.62,2.06,1.62,32.93,10.85,10.44,1.81
2022-12-25,1.34,7.86,2.76,16.65,2.04,1.63,32.86,10.91,10.47,1.79
2022-12-26,1.34,7.87,2.76,16.69,2.03,1.63,32.78,10.97,10.5,1.77
2022-12-27,1.34,7.87,2.75,16.73,2.01,1.63,32.71,11.03,10.53,1.74
2022-12-28,1.35,7.85,2.78,16.74,2,1.63,32.68,11.05,10.55,1.73
2022-12-29,1.35,7.82,2.81,16.75,1.99,1.64,32.66,11.07,10.56,1.72
2022-12-30,1.35,7.8,2.84,16.76,1.97,1.64,32.63,11.1,10.58,1.71
2022-12-31,1.36,7.78,2.86,16.76,1.96,1.64,32.6,11.12,10.59,1.69
2023-01-01,1.36,7.75,2.89,16.77,1.95,1.64,32.58,11.14,10.6,1.68
2023-01-02,1.36,7.73,2.92,16.78,1.93,1.65,32.55,11.16,10.62,1.67
2023-01-03,1.36,7.7,2.94,16.79,1.92,1.65,32.53,11.19,10.63,1.65
2023-01-04,1.37,7.68,2.97,16.8,1.91,1.65,32.5,11.21,10.64,1.64
2023-01-05,1.37,7.66,3,16.81,1.89,1.65,32.48,11.23,10.66,1.63
2023-01-06,1.37,7.63,3.03,16.82,1.88,1.66,32.45,11.26,10.67,1.62
2023-01-07,1.37,7.61,3.05,16.83,1.86,1.66,32.43,11.28,10.69,1.6
2023-01-08,1.38,7.59,3.08,16.84,1.85,1.66,32.4,11.3,10.7,1.59
2023-01-09,1.35,7.59,3,16.8,1.84,1.66,32.4,11.27,10.7,1.6
2023-01-10,1.33,7.6,2.92,16.77,1.82,1.66,32.41,11.24,10.7,1.6
2023-01-11,1.3,7.61,2.84,16.73,1.81,1.66,32.41,11.21,10.7,1.61
2023-01-12,1.27,7.62,2.76,16.7,1.8,1.66,32.42,11.18,10.7,1.62
2023-01-13,1.25,7.63,2.68,16.66,1.78,1.66,32.42,11.15,10.7,1.62
2023-01-14,1.22,7.64,2.6,16.63,1.77,1.65,32.42,11.11,10.7,1.63
2023-01-15,1.2,7.65,2.52,16.6,1.75,1.65,32.43,11.08,10.7,1.63
2023-01-16,1.17,7.65,2.44,16.56,1.74,1.65,32.43,11.05,10.71,1.64
2023-01-17,1.15,7.66,2.36,16.53,1.73,1.65,32.44,11.02,10.71,1.65
2023-01-18,1.12,7.67,2.28,16.49,1.71,1.65,32.44,10.99,10.71,1.65
2023-01-19,1.1,7.68,2.2,16.46,1.7,1.65,32.45,10.96,10.71,1.66
2023-01-20,1.07,7.69,2.11,16.43,1.69,1.65,32.45,10.93,10.71,1.67
2023-01-21,1.04,7.7,2.03,16.39,1.67,1.65,32.45,10.9,10.71,1.67
2023-01-22,1.02,7.71,1.95,16.36,1.66,1.64,32.46,10.87,10.71,1.68
2023-01-23,0.99,7.72,1.87,16.32,1.65,1.64,32.46,10.84,10.71,1.69
2023-01-24,0.97,7.72,1.79,16.29,1.63,1.64,32.47,10.8,10.71,1.69
2023-01-25,0.94,7.73,1.71,16.26,1.62,1.64,32.47,10.77,10.71,1.7
2023-01-26,0.92,7.76,1.82,16.35,1.58,1.64,32.38,10.83,10.73,1.7
2023-01-27,0.89,7.78,1.93,16.43,1.54,1.64,32.29,10.88,10.75,1.71
2023-01-28,0.87,7.81,2.04,16.52,1.51,1.64,32.2,10.94,10.77,1.72
2023-01-29,0.84,7.84,2.14,16.61,1.47,1.64,32.11,10.99,10.79,1.72
2023-01-30,0.81,7.86,2.25,16.7,1.43,1.63,32.02,11.05,10.81,1.73
2023-01-31,0.79,7.89,2.36,16.79,1.4,1.63,31.93,11.1,10.83,1.74
2023-02-01,0.76,7.91,2.46,16.88,1.36,1.63,31.84,11.16,10.85,1.74
2023-02-02,0.74,7.88,2.6,16.91,1.32,1.63,31.8,11.17,10.86,1.73
2023-02-03,0.71,7.86,2.73,16.94,1.29,1.63,31.76,11.19,10.86,1.72
2023-02-04,0.69,7.83,2.86,16.97,1.25,1.63,31.72,11.2,10.87,1.71
2023-02-05,0.66,7.8,2.99,17,1.21,1.63,31.67,11.22,10.87,1.7
2023-02-06,0.63,7.8,2.99,16.99,1.18,1.61,31.67,11.21,10.88,1.7
2023-02-07,0.61,7.8,2.99,16.97,1.15,1.58,31.67,11.19,10.88,1.7
2023-02-08,0.58,7.8,2.99,16.95,1.12,1.56,31.67,11.18,10.89,1.71
2023-02-09,0.56,7.79,2.99,16.94,1.09,1.54,31.67,11.17,10.89,1.71
2023-02-10,0.53,7.79,2.99,16.92,1.06,1.52,31.67,11.16,10.89,1.71
2023-02-11,0.51,7.79,3,16.9,1.03,1.5,31.67,11.15,10.9,1.72
2023-02-12,0.48,7.79,3,16.89,1,1.48,31.67,11.13,10.9,1.72
2023-02-13,0.46,7.79,3,16.87,0.97,1.46,31.67,11.12,10.91,1.72
2023-02-14,0.43,7.79,3,16.85,0.95,1.44,31.67,11.11,10.91,1.72
2023-02-15,0.4,7.79,3,16.84,0.92,1.42,31.67,11.1,10.91,1.73
2023-02-16,0.38,7.79,3,16.82,0.89,1.4,31.67,11.08,10.92,1.73
2023-02-17,0.35,7.79,3.01,16.81,0.86,1.38,31.66,11.07,10.92,1.73
2023-02-18,0.33,7.79,3.01,16.79,0.83,1.36,31.66,11.06,10.93,1.73
2023-02-19,0.3,7.78,3.01,16.77,0.8,1.34,31.66,11.05,10.93,1.74
2023-02-20,0.28,7.78,3.01,16.76,0.77,1.31,31.66,11.03,10.94,1.74
2023-02-21,0.25,7.78,3.01,16.74,0.74,1.29,31.66,11.02,10.94,1.74
2023-02-22,0.23,7.78,3.01,16.72,0.71,1.27,31.66,11.01,10.94,1.74
2023-02-23,0.2,7.78,3.02,16.71,0.68,1.25,31.66,11,10.95,1.75
2023-02-24,0.17,7.78,3.02,16.69,0.65,1.23,31.66,10.99,10.95,1.75
2023-02-25,0.15,7.88,2.96,16.79,0.22,1.02,31.58,11.03,10.98,1.75
2023-02-26,0.28,7.9,3.03,16.85,0.32,1.07,31.58,11.05,10.98,1.74
2023-02-27,0.41,7.92,3.09,16.91,0.43,1.13,31.58,11.06,10.98,1.72
2023-02-28,0.54,7.94,3.15,16.98,0.53,1.18,31.59,11.07,10.98,1.71
2023-03-01,0.67,7.95,3.21,17.04,0.63,1.23,31.59,11.09,10.98,1.69
2023-03-02,0.8,7.97,3.27,17.1,0.74,1.29,31.59,11.1,10.98,1.68
2023-03-03,0.93,7.99,3.34,17.16,0.84,1.34,31.59,11.12,10.97,1.66
2023-03-04,1.06,8,3.4,17.22,0.94,1.39,31.59,11.13,10.97,1.65
2023-03-05,1.19,8.02,3.46,17.29,1.05,1.45,31.6,11.15,10.97,1.63
2023-03-06,1.19,8.03,3.45,17.29,1.06,1.45,31.63,11.12,10.96,1.65
2023-03-07,1.19,8.03,3.44,17.3,1.07,1.44,31.66,11.09,10.95,1.67
2023-03-08,1.19,8.04,3.42,17.3,1.07,1.44,31.69,11.06,10.93,1.69
2023-03-09,1.19,8.04,3.41,17.31,1.08,1.44,31.72,11.03,10.92,1.71
2023-03-10,1.19,8.05,3.4,17.31,1.09,1.44,31.75,11,10.91,1.73
2023-03-11,1.19,8.05,3.39,17.31,1.1,1.44,31.78,10.97,10.89,1.75
2023-03-12,1.19,8.06,3.37,17.32,1.11,1.44,31.81,10.95,10.88,1.76
2023-03-13,1.19,8.06,3.36,17.32,1.12,1.44,31.84,10.92,10.87,1.78
2023-03-14,1.19,8.07,3.35,17.33,1.13,1.44,31.87,10.89,10.85,1.8
2023-03-15,1.19,8.07,3.34,17.33,1.13,1.44,31.9,10.86,10.84,1.82
2023-03-16,1.19,8.08,3.32,17.34,1.14,1.44,31.93,10.83,10.83,1.84
2023-03-17,1.19,8.08,3.31,17.34,1.15,1.44,31.96,10.8,10.81,1.86
2023-03-18,1.19,8.09,3.3,17.35,1.16,1.43,31.99,10.78,10.8,1.88
2023-03-19,1.19,8.09,3.29,17.35,1.17,1.43,32.02,10.75,10.79,1.9
2023-03-20,1.19,8.1,3.27,17.36,1.18,1.43,32.05,10.72,10.77,1.92
2023-03-21,1.19,8.11,3.13,17.31,1.19,1.44,32.12,10.64,10.75,1.95
2023-03-22,1.2,8.14,3.09,17.35,1.19,1.44,32.04,10.68,10.74,1.97
2023-03-23,1.21,8.16,3.05,17.39,1.2,1.45,31.97,10.73,10.74,2
2023-03-24,1.21,8.19,3,17.43,1.21,1.45,31.89,10.78,10.73,2.03
2023-03-25,1.22,8.22,2.96,17.47,1.22,1.46,31.81,10.83,10.73,2.06
2023-03-26,1.22,8.24,2.92,17.51,1.22,1.46,31.73,10.87,10.72,2.09
2023-03-27,1.23,8.27,2.87,17.55,1.23,1.47,31.66,10.92,10.72,2.12
2023-03-28,1.23,8.3,2.83,17.59,1.24,1.47,31.58,10.97,10.71,2.15
2023-03-29,1.24,8.32,2.78,17.63,1.25,1.48,31.5,11.02,10.71,2.18
2023-03-30,1.24,8.35,2.74,17.67,1.25,1.48,31.42,11.06,10.7,2.21
2023-03-31,1.25,8.38,2.7,17.71,1.26,1.49,31.35,11.11,10.7,2.23
2023-04-01,1.25,8.4,2.65,17.75,1.27,1.49,31.27,11.16,10.69,2.26
2023-04-02,1.26,8.36,2.75,17.79,1.28,1.52,31.28,11.17,10.66,2.25
2023-04-03,1.26,8.32,2.86,17.83,1.28,1.54,31.29,11.18,10.63,2.24
2023-04-04,1.27,8.29,2.96,17.87,1.29,1.57,31.31,11.19,10.6,2.23
2023-04-05,1.27,8.25,3.06,17.9,1.3,1.6,31.32,11.19,10.58,2.22
2023-04-06,1.28,8.21,3.16,17.94,1.31,1.63,31.33,11.2,10.55,2.21
2023-04-07,1.28,8.17,3.26,17.98,1.31,1.65,31.35,11.21,10.52,2.2
2023-04-08,1.29,8.13,3.36,18.02,1.32,1.68,31.36,11.22,10.49,2.19
2023-04-09,1.29,8.09,3.47,18.06,1.33,1.71,31.37,11.23,10.46,2.18
2023-04-10,1.3,8.06,3.45,18.06,1.34,1.7,31.4,11.24,10.47,2.17
2023-04-11,1.3,8.02,3.44,18.07,1.34,1.69,31.43,11.24,10.48,2.17
2023-04-12,1.31,7.99,3.42,18.07,1.35,1.68,31.45,11.25,10.49,2.16
2023-04-13,1.32,7.95,3.41,18.08,1.36,1.67,31.48,11.25,10.5,2.15
2023-04-14,1.32,7.92,3.39,18.08,1.37,1.66,31.51,11.26,10.52,2.15
2023-04-15,1.33,7.88,3.38,18.09,1.38,1.65,31.53,11.26,10.53,2.14
2023-04-16,1.33,7.85,3.36,18.09,1.38,1.64,31.56,11.27,10.54,2.14
2023-04-17,1.34,7.82,3.35,18.1,1.39,1.62,31.59,11.27,10.55,2.13
2023-04-18,1.34,7.78,3.33,18.1,1.4,1.61,31.61,11.28,10.56,2.13
2023-04-19,1.35,7.75,3.32,18.11,1.41,1.6,31.64,11.28,10.58,2.12
2023-04-20,1.35,7.71,3.3,18.11,1.41,1.59,31.67,11.29,10.59,2.12
2023-04-21,1.36,7.73,3.16,18.08,1.42,1.6,31.71,11.28,10.59,2.1
2023-04-22,1.36,7.74,3.02,18.04,1.43,1.61,31.76,11.27,10.59,2.09
2023-04-23,1.37,7.75,2.88,18.01,1.44,1.62,31.81,11.25,10.6,2.08
2023-04-24,1.37,7.76,2.74,17.98,1.44,1.63,31.85,11.24,10.6,2.07
2023-04-25,1.38,7.77,2.6,17.94,1.45,1.63,31.9,11.23,10.61,2.05
2023-04-26,1.38,7.83,2.59,17.98,1.46,1.64,31.8,11.26,10.62,2.04
2023-04-27,1.39,7.89,2.57,18.01,1.47,1.65,31.71,11.29,10.63,2.03
2023-04-28,1.39,7.88,2.65,18.05,1.47,1.66,31.73,11.29,10.61,2.01
2023-04-29,1.4,7.87,2.72,18.08,1.48,1.67,31.76,11.28,10.58,2
2023-04-30,1.4,7.86,2.8,18.11,1.49,1.68,31.78,11.27,10.56,1.99
2023-05-01,1.41,7.84,2.87,18.14,1.5,1.68,31.81,11.26,10.53,1.97
2023-05-02,1.42,7.83,2.95,18.17,1.51,1.69,31.83,11.26,10.51,1.96
2023-05-03,1.42,7.82,3.02,18.2,1.51,1.7,31.85,11.25,10.48,1.95
2023-05-04,1.43,7.81,3.1,18.23,1.52,1.71,31.88,11.24,10.46,1.93
2023-05-05,1.43,7.79,3.18,18.26,1.53,1.72,31.9,11.23,10.44,1.92
2023-05-06,1.44,7.78,3.25,18.29,1.54,1.73,31.92,11.22,10.41,1.9
2023-05-07,1.44,7.77,3.33,18.33,1.55,1.73,31.95,11.22,10.39,1.89
2023-05-08,1.45,7.78,3.3,18.3,1.55,1.71,32,11.22,10.35,1.86
2023-05-09,1.45,7.78,3.27,18.28,1.56,1.69,32.05,11.22,10.31,1.83
2023-05-10,1.46,7.79,3.24,18.25,1.57,1.66,32.1,11.23,10.27,1.81
2023-05-11,1.47,7.8,3.21,18.23,1.58,1.64,32.15,11.23,10.23,1.78
2023-05-12,1.47,7.81,3.18,18.21,1.59,1.62,32.2,11.23,10.19,1.75
2023-05-13,1.48,7.82,3.15,18.18,1.59,1.59,32.25,11.24,10.15,1.72
2023-05-14,1.48,7.82,3.12,18.16,1.6,1.57,32.3,11.24,10.11,1.69
2023-05-15,1.49,7.83,3.09,18.13,1.61,1.54,32.35,11.24,10.07,1.66
2023-05-16,1.5,7.84,3.06,18.11,1.62,1.52,32.4,11.25,10.03,1.63
2023-05-17,1.5,7.85,3.03,18.09,1.63,1.5,32.45,11.25,9.99,1.6
2023-05-18,1.51,7.85,3,18.06,1.63,1.47,32.5,11.25,9.95,1.58
2023-05-19,1.5,7.91,2.79,17.96,1.64,1.47,32.57,11.24,9.89,1.61
2023-05-20,1.49,7.96,2.59,17.87,1.65,1.47,32.65,11.22,9.83,1.65
2023-05-21,1.48,8.02,2.38,17.77,1.66,1.46,32.72,11.21,9.77,1.69
2023-05-22,1.47,8.05,2.43,17.79,1.65,1.46,32.68,11.22,9.78,1.73
2023-05-23,1.46,8.08,2.48,17.82,1.65,1.46,32.65,11.22,9.79,1.77
2023-05-24,1.46,8.11,2.53,17.84,1.65,1.45,32.62,11.23,9.81,1.81
2023-05-25,1.45,8.14,2.58,17.86,1.64,1.45,32.58,11.24,9.82,1.85
2023-05-26,1.44,8.17,2.63,17.89,1.64,1.45,32.55,11.24,9.83,1.89
2023-05-27,1.43,8.2,2.68,17.91,1.63,1.44,32.51,11.25,9.84,1.93
2023-05-28,1.42,8.23,2.73,17.94,1.63,1.44,32.48,11.26,9.86,1.97
2023-05-29,1.41,8.26,2.78,17.96,1.63,1.44,32.45,11.27,9.87,2.01
2023-05-30,1.41,8.29,2.83,17.98,1.62,1.43,32.41,11.27,9.88,2.05
2023-05-31,1.4,8.32,2.89,18.01,1.62,1.43,32.38,11.28,9.9,2.09
2023-06-01,1.39,8.35,2.94,18.03,1.62,1.43,32.35,11.29,9.91,2.13
2023-06-02,1.38,8.38,2.99,18.05,1.61,1.42,32.31,11.29,9.92,2.17
2023-06-03,1.37,8.4,2.91,17.99,1.61,1.42,32.31,11.31,9.95,2.14
2023-06-04,1.36,8.42,2.83,17.93,1.6,1.41,32.32,11.32,9.97,2.11
2023-06-05,1.36,8.44,2.76,17.86,1.6,1.41,32.32,11.33,9.99,2.08
2023-06-06,1.35,8.46,2.68,17.8,1.6,1.4,32.32,11.34,10.02,2.05
2023-06-07,1.34,8.48,2.6,17.74,1.59,1.39,32.33,11.36,10.04,2.01
2023-06-08,1.33,8.5,2.53,17.67,1.59,1.39,32.33,11.37,10.07,1.98
2023-06-09,1.32,8.52,2.45,17.61,1.58,1.38,32.33,11.38,10.09,1.95
2023-06-10,1.31,8.54,2.37,17.55,1.58,1.37,32.33,11.39,10.11,1.92
2023-06-11,1.3,8.56,2.29,17.48,1.58,1.37,32.34,11.41,10.14,1.89
2023-06-12,1.3,8.58,2.22,17.42,1.57,1.36,32.34,11.42,10.16,1.86
2023-06-13,1.29,8.6,2.14,17.36,1.57,1.36,32.34,11.43,10.19,1.83
2023-06-14,1.28,8.63,2.06,17.29,1.56,1.35,32.34,11.44,10.21,1.8
2023-06-15,1.27,8.65,1.99,17.23,1.56,1.34,32.35,11.45,10.23,1.77
2023-06-16,1.26,8.67,1.91,17.17,1.56,1.34,32.35,11.47,10.26,1.74
2023-06-17,1.25,8.69,1.83,17.1,1.55,1.33,32.35,11.48,10.28,1.71
2023-06-18,1.25,8.71,1.76,17.04,1.55,1.32,32.35,11.49,10.31,1.68
2023-06-19,1.24,8.73,1.68,16.98,1.55,1.32,32.36,11.5,10.33,1.65
2023-06-20,1.23,8.75,1.6,16.91,1.54,1.31,32.36,11.52,10.35,1.61
2023-06-21,1.22,8.77,1.72,16.98,1.52,1.35,32.29,11.49,10.34,1.58
2023-06-22,1.21,8.78,1.84,17.05,1.5,1.39,32.22,11.46,10.33,1.55
2023-06-23,1.2,8.8,1.96,17.12,1.47,1.44,32.15,11.43,10.32,1.52
2023-06-24,1.19,8.81,2.08,17.18,1.45,1.48,32.08,11.4,10.31,1.49
2023-06-25,1.19,8.83,2.2,17.25,1.43,1.52,32.01,11.37,10.3,1.46
2023-06-26,1.18,8.85,2.32,17.32,1.4,1.56,31.94,11.34,10.29,1.43
2023-06-27,1.17,8.85,2.39,17.33,1.38,1.55,31.93,11.36,10.29,1.45
2023-06-28,1.16,8.85,2.45,17.34,1.36,1.54,31.91,11.38,10.28,1.47
2023-06-29,1.15,8.85,2.52,17.35,1.33,1.53,31.9,11.4,10.27,1.48
2023-06-30,1.14,8.85,2.58,17.36,1.31,1.52,31.88,11.42,10.27,1.5
2023-07-01,1.14,8.85,2.65,17.37,1.29,1.51,31.87,11.44,10.26,1.52
2023-07-02,1.13,8.85,2.71,17.38,1.26,1.5,31.85,11.46,10.25,1.54
2023-07-03,1.12,8.85,2.78,17.4,1.24,1.49,31.84,11.49,10.25,1.56
2023-07-04,1.11,8.86,2.85,17.41,1.22,1.48,31.83,11.51,10.24,1.57
2023-07-05,1.1,8.86,2.91,17.42,1.19,1.47,31.81,11.53,10.23,1.59
2023-07-06,1.09,8.86,2.98,17.43,1.17,1.46,31.8,11.55,10.23,1.61
2023-07-07,1.09,8.85,2.96,17.32,1.21,1.47,31.82,11.56,10.22,1.6
2023-07-08,1.1,8.83,2.93,17.21,1.25,1.47,31.85,11.57,10.22,1.58
2023-07-09,1.1,8.82,2.91,17.1,1.29,1.47,31.88,11.59,10.21,1.57
2023-07-10,1.1,8.81,2.89,16.99,1.33,1.48,31.91,11.6,10.21,1.55
2023-07-11,1.1,8.8,2.87,16.88,1.37,1.48,31.93,11.62,10.21,1.54
2023-07-12,1.1,8.79,2.85,16.77,1.41,1.48,31.96,11.63,10.2,1.53
2023-07-13,1.1,8.77,2.82,16.66,1.45,1.49,31.99,11.64,10.2,1.51
2023-07-14,1.1,8.76,2.8,16.54,1.49,1.49,32.01,11.66,10.19,1.5
2023-07-15,1.1,8.75,2.78,16.43,1.53,1.49,32.04,11.67,10.19,1.48
2023-07-16,1.1,8.74,2.76,16.32,1.57,1.49,32.07,11.69,10.18,1.47
2023-07-17,1.1,8.73,2.74,16.21,1.61,1.5,32.09,11.7,10.18,1.46
2023-07-18,1.11,8.71,2.71,16.1,1.65,1.5,32.12,11.71,10.18,1.44
2023-07-19,1.11,8.7,2.69,15.99,1.69,1.5,32.15,11.73,10.17,1.43
2023-07-20,1.11,8.69,2.67,15.88,1.73,1.51,32.18,11.74,10.17,1.42
2023-07-21,1.11,8.7,2.65,15.95,1.72,1.51,32.13,11.71,10.21,1.4
2023-07-22,1.11,8.72,2.63,16.02,1.71,1.51,32.09,11.68,10.26,1.39
2023-07-23,1.11,8.73,2.61,16.09,1.69,1.52,32.05,11.65,10.3,1.37
2023-07-24,1.11,8.74,2.58,16.16,1.68,1.52,32.01,11.62,10.35,1.36
2023-07-25,1.11,8.75,2.56,16.22,1.67,1.52,31.96,11.59,10.4,1.35
2023-07-26,1.11,8.76,2.54,16.29,1.66,1.52,31.92,11.56,10.44,1.33
2023-07-27,1.11,8.78,2.52,16.36,1.64,1.53,31.88,11.53,10.49,1.32
2023-07-28,1.12,8.79,2.5,16.43,1.63,1.53,31.84,11.5,10.53,1.31
2023-07-29,1.12,8.77,2.5,16.4,1.62,1.53,31.86,11.53,10.53,1.31
2023-07-30,1.12,8.75,2.51,16.37,1.61,1.52,31.88,11.56,10.53,1.31
2023-07-31,1.12,8.73,2.51,16.33,1.6,1.52,31.91,11.59,10.52,1.32
2023-08-01,1.12,8.71,2.51,16.3,1.58,1.51,31.93,11.62,10.52,1.32
2023-08-02,1.12,8.69,2.52,16.27,1.57,1.51,31.95,11.66,10.52,1.33
2023-08-03,1.12,8.67,2.52,16.24,1.56,1.5,31.97,11.69,10.51,1.33
2023-08-04,1.12,8.65,2.53,16.21,1.55,1.5,32,11.72,10.51,1.33
2023-08-05,1.12,8.63,2.53,16.18,1.53,1.49,32.02,11.75,10.51,1.34
2023-08-06,1.12,8.61,2.54,16.15,1.52,1.49,32.04,11.78,10.5,1.34
2023-08-07,1.13,8.59,2.54,16.11,1.51,1.48,32.07,11.81,10.5,1.35
2023-08-08,1.13,8.57,2.55,16.08,1.5,1.48,32.09,11.84,10.5,1.35
2023-08-09,1.13,8.55,2.55,16.05,1.48,1.47,32.11,11.87,10.49,1.36
2023-08-10,1.13,8.53,2.56,16.02,1.47,1.47,32.13,11.9,10.49,1.36
2023-08-11,1.13,8.52,2.56,15.99,1.46,1.46,32.16,11.93,10.49,1.36
2023-08-12,1.13,8.5,2.56,15.96,1.45,1.45,32.18,11.96,10.48,1.37
2023-08-13,1.13,8.48,2.57,15.93,1.43,1.45,32.2,11.99,10.48,1.37
2023-08-14,1.13,8.46,2.57,15.9,1.42,1.44,32.23,12.03,10.48,1.38
2023-08-15,1.13,8.44,2.58,15.86,1.41,1.44,32.25,12.06,10.47,1.38
2023-08-16,1.13,8.42,2.58,15.83,1.4,1.43,32.27,12.09,10.47,1.38
2023-08-17,1.14,8.4,2.59,15.8,1.39,1.43,32.29,12.12,10.47,1.39
2023-08-18,1.14,8.38,2.59,15.77,1.37,1.42,32.32,12.15,10.46,1.39
2023-08-19,1.14,8.36,2.6,15.74,1.36,1.42,32.34,12.18,10.46,1.4
2023-08-20,1.14,8.34,2.6,15.71,1.35,1.41,32.36,12.21,10.46,1.4
2023-08-21,1.14,8.37,2.61,15.77,1.35,1.41,32.35,12.22,10.45,1.41
2023-08-22,1.14,8.39,2.61,15.84,1.35,1.4,32.34,12.24,10.45,1.41
2023-08-23,1.14,8.42,2.61,15.9,1.35,1.4,32.33,12.25,10.45,1.41
2023-08-24,1.14,8.44,2.62,15.97,1.35,1.39,32.32,12.26,10.44,1.42
2023-08-25,1.14,8.47,2.62,16.03,1.35,1.39,32.31,12.28,10.44,1.42
2023-08-26,1.14,8.49,2.63,16.1,1.36,1.38,32.3,12.29,10.43,1.43
2023-08-27,1.15,8.52,2.63,16.17,1.36,1.38,32.29,12.3,10.43,1.43
2023-08-28,1.15,8.54,2.64,16.23,1.36,1.37,32.28,12.32,10.42,1.43
2023-08-29,1.15,8.57,2.64,16.3,1.36,1.37,32.27,12.33,10.42,1.44
2023-08-30,1.15,8.59,2.65,16.36,1.36,1.36,32.26,12.34,10.42,1.44
2023-08-31,1.15,8.62,2.65,16.43,1.36,1.36,32.25,12.36,10.41,1.45
2023-09-01,1.15,8.64,2.65,16.49,1.36,1.35,32.24,12.37,10.41,1.45
2023-09-02,1.15,8.67,2.66,16.56,1.36,1.35,32.22,12.38,10.4,1.45
2023-09-03,1.15,8.69,2.66,16.62,1.37,1.34,32.21,12.4,10.4,1.46
2023-09-04,1.15,8.72,2.67,16.69,1.37,1.34,32.2,12.41,10.4,1.46
2023-09-05,1.16,8.74,2.67,16.75,1.37,1.33,32.19,12.42,10.39,1.47
2023-09-06,1.16,8.77,2.68,16.82,1.37,1.33,32.18,12.44,10.39,1.47
2023-09-07,1.16,8.79,2.68,16.88,1.37,1.32,32.17,12.45,10.38,1.48
2023-09-08,1.16,8.77,2.66,16.86,1.4,1.32,32.22,12.41,10.38,1.5
2023-09-09,1.16,8.74,2.64,16.84,1.43,1.32,32.26,12.37,10.38,1.52
2023-09-10,1.16,8.71,2.62,16.82,1.46,1.31,32.31,12.34,10.38,1.54
2023-09-11,1.16,8.69,2.6,16.8,1.49,1.31,32.35,12.3,10.38,1.57
2023-09-12,1.16,8.66,2.58,16.78,1.52,1.31,32.4,12.26,10.38,1.59
2023-09-13,1.16,8.63,2.56,16.76,1.55,1.31,32.44,12.22,10.37,1.61
2023-09-14,1.16,8.6,2.54,16.74,1.58,1.3,32.49,12.18,10.37,1.64
2023-09-15,1.17,8.58,2.52,16.72,1.61,1.3,32.53,12.15,10.37,1.66
2023-09-16,1.17,8.55,2.5,16.7,1.64,1.3,32.58,12.11,10.37,1.68
2023-09-17,1.17,8.52,2.48,16.68,1.67,1.29,32.62,12.07,10.37,1.7
2023-09-18,1.17,8.5,2.47,16.66,1.7,1.29,32.67,12.03,10.37,1.73
2023-09-19,1.17,8.47,2.45,16.63,1.73,1.29,32.71,12,10.36,1.75
2023-09-20,1.17,8.44,2.43,16.61,1.76,1.28,32.76,11.96,10.36,1.77
2023-09-21,1.17,8.47,2.41,16.68,1.73,1.28,32.72,11.99,10.34,1.8
2023-09-22,1.17,8.5,2.39,16.74,1.71,1.28,32.68,12.03,10.32,1.82
2023-09-23,1.17,8.52,2.37,16.8,1.68,1.27,32.64,12.06,10.29,1.84
2023-09-24,1.17,8.55,2.35,16.86,1.66,1.27,32.6,12.1,10.27,1.86
2023-09-25,1.18,8.58,2.33,16.92,1.63,1.27,32.55,12.13,10.24,1.89
2023-09-26,1.18,8.6,2.31,16.98,1.61,1.27,32.51,12.16,10.22,1.91
2023-09-27,1.18,8.63,2.29,17.05,1.58,1.26,32.47,12.2,10.2,1.93
2023-09-28,1.18,8.66,2.27,17.11,1.56,1.26,32.43,12.23,10.17,1.96
2023-09-29,1.18,8.68,2.25,17.17,1.53,1.26,32.39,12.27,10.15,1.98
2023-09-30,1.18,8.71,2.23,17.23,1.5,1.25,32.35,12.3,10.12,2
2023-10-01,1.18,8.74,2.21,17.29,1.48,1.25,32.31,12.34,10.1,2.02
2023-10-02,1.18,8.76,2.19,17.35,1.45,1.25,32.27,12.37,10.08,2.05
2023-10-03,1.18,8.79,2.17,17.42,1.43,1.24,32.23,12.41,10.05,2.07
2023-10-04,1.18,8.82,2.15,17.48,1.4,1.24,32.18,12.44,10.03,2.09
2023-10-05,1.19,8.84,2.13,17.54,1.38,1.24,32.14,12.47,10,2.12
2023-10-06,1.19,8.86,2.14,17.54,1.38,1.26,32.15,12.43,10,2.12
2023-10-07,1.19,8.87,2.16,17.55,1.39,1.28,32.16,12.4,9.99,2.13
2023-10-08,1.19,8.88,2.17,17.56,1.39,1.3,32.18,12.36,9.98,2.14
2023-10-09,1.19,8.9,2.19,17.56,1.4,1.32,32.19,12.32,9.97,2.14
2023-10-10,1.19,8.91,2.2,17.57,1.41,1.34,32.2,12.28,9.96,2.15
2023-10-11,1.19,8.93,2.21,17.57,1.41,1.36,32.21,12.24,9.95,2.16
2023-10-12,1.19,8.94,2.23,17.58,1.42,1.38,32.22,12.2,9.95,2.17
2023-10-13,1.19,8.95,2.24,17.59,1.43,1.4,32.23,12.16,9.94,2.17
2023-10-14,1.19,8.97,2.26,17.59,1.43,1.43,32.24,12.12,9.93,2.18
2023-10-15,1.2,8.98,2.27,17.6,1.44,1.45,32.25,12.08,9.92,2.19
2023-10-16,1.2,9,2.28,17.6,1.44,1.47,32.26,12.04,9.91,2.19
2023-10-17,1.2,9.01,2.3,17.61,1.45,1.49,32.27,12,9.9,2.2
2023-10-18,1.2,9.02,2.31,17.62,1.46,1.51,32.28,11.96,9.9,2.21
2023-10-19,1.2,9.04,2.32,17.62,1.46,1.53,32.29,11.92,9.89,2.21
2023-10-20,1.2,9.08,2.32,17.57,1.48,1.54,32.35,11.82,9.91,2.21
2023-10-21,1.2,9.12,2.31,17.52,1.5,1.54,32.41,11.71,9.94,2.2
2023-10-22,1.2,9.16,2.31,17.47,1.51,1.55,32.47,11.61,9.96,2.19
2023-10-23,1.2,9.19,2.3,17.49,1.51,1.56,32.44,11.63,9.92,2.18
2023-10-24,1.2,9.23,2.3,17.5,1.51,1.57,32.41,11.64,9.88,2.17
2023-10-25,1.2,9.26,2.3,17.52,1.5,1.58,32.38,11.66,9.84,2.16
2023-10-26,1.2,9.29,2.29,17.53,1.5,1.58,32.35,11.68,9.8,2.15
2023-10-27,1.2,9.33,2.29,17.55,1.5,1.59,32.32,11.7,9.75,2.14
2023-10-28,1.21,9.36,2.28,17.56,1.49,1.6,32.29,11.72,9.71,2.13
2023-10-29,1.21,9.4,2.28,17.58,1.49,1.61,32.27,11.74,9.67,2.12
2023-10-30,1.21,9.43,2.27,17.6,1.49,1.61,32.24,11.76,9.63,2.11
2023-10-31,1.21,9.47,2.27,17.61,1.48,1.62,32.21,11.78,9.59,2.1
2023-11-01,1.21,9.5,2.26,17.63,1.48,1.63,32.18,11.8,9.54,2.09
2023-11-02,1.21,9.53,2.26,17.64,1.48,1.64,32.15,11.82,9.5,2.08
2023-11-03,1.21,9.57,2.25,17.66,1.48,1.64,32.12,11.84,9.46,2.07
2023-11-04,1.21,9.6,2.25,17.67,1.47,1.65,32.09,11.86,9.42,2.07
2023-11-05,1.21,9.64,2.24,17.69,1.47,1.66,32.06,11.88,9.38,2.06
2023-11-06,1.21,9.67,2.24,17.7,1.47,1.67,32.03,11.9,9.33,2.05
2023-11-07,1.21,9.71,2.23,17.72,1.46,1.67,32,11.92,9.29,2.04
2023-11-08,1.21,9.74,2.23,17.73,1.46,1.68,31.97,11.94,9.25,2.03
2023-11-09,1.21,9.78,2.22,17.75,1.46,1.69,31.94,11.96,9.21,2.02
2023-11-10,1.21,9.78,2.24,17.74,1.46,1.7,31.97,11.89,9.2,2
2023-11-11,1.21,9.79,2.26,17.73,1.47,1.71,32,11.83,9.18,1.98
2023-11-12,1.22,9.8,2.27,17.72,1.48,1.72,32.02,11.77,9.17,1.97
2023-11-13,1.22,9.81,2.29,17.71,1.48,1.74,32.05,11.71,9.16,1.95
2023-11-14,1.22,9.82,2.31,17.7,1.49,1.75,32.07,11.65,9.15,1.93
2023-11-15,1.22,9.83,2.33,17.69,1.5,1.76,32.1,11.59,9.14,1.92
2023-11-16,1.22,9.84,2.34,17.68,1.5,1.77,32.13,11.52,9.12,1.9
2023-11-17,1.22,9.85,2.36,17.67,1.51,1.78,32.15,11.46,9.11,1.88
2023-11-18,1.22,9.84,2.36,17.61,1.54,1.78,32.23,11.36,9.15,1.89
2023-11-19,1.22,9.83,2.35,17.56,1.57,1.78,32.3,11.27,9.19,1.89
2023-11-20,1.22,9.83,2.35,17.5,1.6,1.78,32.37,11.17,9.23,1.9
2023-11-21,1.22,9.82,2.35,17.45,1.62,1.77,32.45,11.07,9.27,1.9
2023-11-22,1.22,9.81,2.35,17.39,1.65,1.77,32.52,10.98,9.31,1.91
2023-11-23,1.22,9.8,2.34,17.34,1.68,1.77,32.6,10.88,9.35,1.91
2023-11-24,1.22,9.79,2.34,17.28,1.71,1.77,32.67,10.78,9.39,1.92
2023-11-25,1.22,9.8,2.34,17.32,1.7,1.76,32.65,10.77,9.39,1.93
2023-11-26,1.22,9.8,2.34,17.36,1.69,1.76,32.64,10.75,9.4,1.93
2023-11-27,1.22,9.8,2.33,17.39,1.67,1.76,32.62,10.73,9.4,1.94
2023-11-28,1.22,9.81,2.33,17.43,1.66,1.76,32.61,10.72,9.41,1.94
2023-11-29,1.22,9.81,2.33,17.46,1.65,1.76,32.59,10.7,9.41,1.95
2023-11-30,1.22,9.81,2.33,17.5,1.64,1.75,32.58,10.69,9.41,1.95
2023-12-01,1.22,9.82,2.32,17.53,1.63,1.75,32.56,10.67,9.42,1.96
2023-12-02,1.22,9.82,2.32,17.57,1.61,1.75,32.55,10.66,9.42,1.96
2023-12-03,1.22,9.82,2.32,17.61,1.6,1.75,32.53,10.64,9.43,1.97
2023-12-04,1.22,9.83,2.31,17.64,1.59,1.75,32.52,10.63,9.43,1.98
2023-12-05,1.22,9.83,2.31,17.68,1.58,1.74,32.5,10.61,9.44,1.98
2023-12-06,1.22,9.84,2.31,17.71,1.56,1.74,32.49,10.6,9.44,1.99
2023-12-07,1.22,9.84,2.31,17.75,1.55,1.74,32.47,10.58,9.45,1.99
2023-12-08,1.22,9.84,2.3,17.79,1.54,1.74,32.46,10.57,9.45,2
2023-12-09,1.22,9.85,2.3,17.82,1.53,1.73,32.44,10.55,9.46,2
2023-12-10,1.22,9.85,2.3,17.86,1.52,1.73,32.43,10.53,9.46,2.01
2023-12-11,1.22,9.86,2.28,17.83,1.52,1.74,32.47,10.46,9.47,1.99
2023-12-12,1.22,9.88,2.27,17.81,1.53,1.74,32.51,10.39,9.47,1.96
2023-12-13,1.22,9.89,2.25,17.79,1.53,1.74,32.56,10.31,9.47,1.94
2023-12-14,1.22,9.9,2.23,17.77,1.54,1.74,32.6,10.24,9.48,1.91
2023-12-15,1.22,9.92,2.22,17.74,1.55,1.75,32.64,10.16,9.48,1.89
2023-12-16,1.22,9.93,2.2,17.72,1.55,1.75,32.68,10.09,9.48,1.87
2023-12-17,1.22,9.94,2.19,17.7,1.56,1.75,32.72,10.02,9.49,1.84
2023-12-18,1.22,9.96,2.17,17.67,1.56,1.76,32.76,9.94,9.49,1.82
2023-12-19,1.22,9.97,2.15,17.65,1.57,1.76,32.81,9.87,9.49,1.8
2023-12-20,1.22,9.98,2.14,17.63,1.58,1.76,32.85,9.79,9.5,1.77
2023-12-21,1.22,10,2.12,17.6,1.58,1.77,32.89,9.72,9.5,1.75
2023-12-22,1.22,10.01,2.11,17.58,1.59,1.77,32.93,9.65,9.5,1.72
2023-12-23,1.22,10,2.09,17.63,1.58,1.77,32.92,9.66,9.52,1.7
2023-12-24,1.22,9.98,2.07,17.67,1.58,1.77,32.9,9.68,9.54,1.68
2023-12-25,1.22,9.96,2.06,17.72,1.57,1.78,32.88,9.7,9.55,1.65
2023-12-26,1.22,9.95,2.04,17.76,1.57,1.78,32.86,9.72,9.57,1.63
2023-12-27,1.22,9.93,2.03,17.81,1.56,1.78,32.85,9.74,9.58,1.61
2023-12-28,1.22,9.92,2.01,17.86,1.55,1.79,32.83,9.76,9.6,1.58
2023-12-29,1.22,9.9,1.99,17.9,1.55,1.79,32.81,9.78,9.61,1.56
2023-12-30,1.22,9.88,1.98,17.95,1.54,1.79,32.79,9.8,9.63,1.53
2023-12-31,1.22,9.87,1.96,18,1.54,1.8,32.78,9.82,9.64,1.51
2024-01-01,1.22,9.85,1.95,18.04,1.53,1.8,32.76,9.84,9.66,1.49
2024-01-02,1.22,9.84,1.93,18.09,1.53,1.8,32.74,9.86,9.67,1.46
2024-01-03,1.22,9.82,1.91,18.14,1.52,1.81,32.73,9.88,9.69,1.44
2024-01-04,1.22,9.8,1.9,18.18,1.51,1.81,32.71,9.9,9.71,1.42
2024-01-05,1.22,9.79,1.88,18.23,1.51,1.81,32.69,9.92,9.72,1.39
2024-01-06,1.22,9.77,1.87,18.27,1.5,1.81,32.67,9.94,9.74,1.37
2024-01-07,1.22,9.76,1.85,18.32,1.5,1.82,32.66,9.96,9.75,1.34
2024-01-08,1.22,9.74,1.83,18.37,1.49,1.82,32.64,9.98,9.77,1.32
2024-01-09,1.22,9.72,1.82,18.41,1.49,1.82,32.62,10,9.78,1.3
2024-01-10,1.22,9.71,1.8,18.46,1.48,1.83,32.6,10.01,9.8,1.27
2024-01-11,1.22,9.7,1.82,18.46,1.48,1.82,32.62,9.98,9.77,1.28
2024-01-12,1.22,9.7,1.84,18.46,1.48,1.82,32.63,9.95,9.75,1.28
2024-01-13,1.22,9.69,1.86,18.47,1.48,1.82,32.64,9.92,9.72,1.28
2024-01-14,1.22,9.69,1.88,18.47,1.48,1.82,32.65,9.89,9.7,1.28
2024-01-15,1.22,9.69,1.9,18.47,1.48,1.82,32.66,9.86,9.67,1.29
2024-01-16,1.22,9.68,1.92,18.47,1.48,1.81,32.67,9.83,9.64,1.29
2024-01-17,1.22,9.68,1.94,18.48,1.48,1.81,32.68,9.79,9.62,1.29
2024-01-18,1.22,9.67,1.96,18.48,1.48,1.81,32.69,9.76,9.59,1.29
2024-01-19,1.22,9.67,1.98,18.48,1.47,1.81,32.7,9.73,9.57,1.3
2024-01-20,1.22,9.66,2,18.48,1.47,1.8,32.71,9.7,9.54,1.3
2024-01-21,1.22,9.66,2.02,18.48,1.47,1.8,32.72,9.67,9.52,1.3
2024-01-22,1.22,9.66,2.04,18.49,1.47,1.8,32.73,9.64,9.49,1.3
2024-01-23,1.22,9.65,2.06,18.49,1.47,1.8,32.75,9.61,9.47,1.31
2024-01-24,1.22,9.65,2.08,18.49,1.47,1.79,32.76,9.57,9.44,1.31
2024-01-25,1.22,9.64,2.09,18.49,1.47,1.79,32.77,9.54,9.41,1.31
2024-01-26,1.22,9.66,2.11,18.58,1.47,1.79,32.7,9.62,9.5,1.31
2024-01-27,1.22,9.68,2.13,18.67,1.47,1.79,32.63,9.7,9.58,1.32
2024-01-28,1.22,9.7,2.1,18.73,1.47,1.73,32.6,9.74,9.64,1.31
2024-01-29,1.22,9.72,2.07,18.79,1.47,1.67,32.57,9.79,9.7,1.3
2024-01-30,1.22,9.74,2.04,18.86,1.47,1.61,32.53,9.83,9.76,1.29
2024-01-31,1.22,9.76,2.01,18.92,1.47,1.55,32.5,9.88,9.82,1.28
2024-02-01,1.22,9.78,1.97,18.98,1.46,1.49,32.47,9.92,9.88,1.27
2024-02-02,1.22,9.79,1.94,19.04,1.46,1.43,32.44,9.97,9.95,1.26
2024-02-03,1.22,9.81,1.91,19.11,1.46,1.38,32.41,10.01,10.01,1.25
2024-02-04,1.22,9.83,1.88,19.17,1.46,1.32,32.38,10.06,10.07,1.24
2024-02-05,1.22,9.81,1.86,19.2,1.46,1.31,32.38,10.03,10.04,1.24
2024-02-06,1.22,9.79,1.84,19.24,1.46,1.31,32.37,10.01,10.02,1.24
2024-02-07,1.22,9.77,1.82,19.28,1.46,1.3,32.37,9.99,9.99,1.24
2024-02-08,1.22,9.75,1.8,19.32,1.46,1.29,32.37,9.97,9.97,1.24
2024-02-09,1.22,9.73,1.78,19.35,1.46,1.29,32.37,9.94,9.95,1.23
2024-02-10,1.22,9.71,1.76,19.39,1.46,1.28,32.36,9.92,9.92,1.23
2024-02-11,1.22,9.69,1.74,19.43,1.46,1.28,32.36,9.9,9.9,1.23
2024-02-12,1.22,9.66,1.72,19.47,1.45,1.27,32.36,9.87,9.87,1.23
2024-02-13,1.22,9.64,1.7,19.5,1.45,1.27,32.36,9.85,9.85,1.23
2024-02-14,1.22,9.62,1.68,19.54,1.45,1.26,32.36,9.83,9.82,1.23
2024-02-15,1.22,9.6,1.66,19.58,1.45,1.26,32.35,9.8,9.8,1.23
2024-02-16,1.22,9.58,1.64,19.61,1.45,1.25,32.35,9.78,9.78,1.22
2024-02-17,1.22,9.56,1.62,19.65,1.45,1.24,32.35,9.76,9.75,1.22
2024-02-18,1.22,9.54,1.6,19.69,1.45,1.24,32.35,9.73,9.73,1.22
2024-02-19,1.22,9.52,1.58,19.73,1.45,1.23,32.34,9.71,9.7,1.22
2024-02-20,1.22,9.5,1.56,19.76,1.45,1.23,32.34,9.69,9.68,1.22
2024-02-21,1.22,9.42,1.59,19.75,1.44,1.23,32.39,9.65,9.6,1.22
2024-02-22,1.22,9.34,1.61,19.74,1.44,1.23,32.44,9.62,9.51,1.21
2024-02-23,1.22,9.26,1.64,19.73,1.43,1.22,32.49,9.59,9.43,1.21
2024-02-24,1.22,9.25,1.66,19.84,1.42,1.22,32.47,9.57,9.42,1.21
2024-02-25,1.22,9.24,1.68,19.96,1.42,1.22,32.45,9.56,9.4,1.21
2024-02-26,1.22,9.23,1.71,20.07,1.41,1.22,32.43,9.55,9.39,1.21
2024-02-27,1.22,9.22,1.73,20.18,1.4,1.22,32.4,9.54,9.37,1.21
2024-02-28,1.22,9.21,1.76,20.29,1.4,1.22,32.38,9.53,9.36,1.2
2024-02-29,1.22,9.2,1.78,20.4,1.39,1.21,32.36,9.52,9.35,1.2
2024-03-01,1.22,9.19,1.81,20.51,1.38,1.21,32.34,9.51,9.33,1.2
2024-03-02,1.22,9.18,1.83,20.62,1.38,1.21,32.32,9.49,9.32,1.2
2024-03-03,1.22,9.17,1.86,20.73,1.37,1.21,32.3,9.48,9.31,1.2
2024-03-04,1.22,9.16,1.88,20.85,1.37,1.21,32.28,9.47,9.29,1.2
2024-03-05,1.22,9.15,1.91,20.96,1.36,1.21,32.26,9.46,9.28,1.2
2024-03-06,1.22,9.14,1.93,21.07,1.35,1.21,32.24,9.45,9.27,1.19
2024-03-07,1.22,9.13,1.95,21.18,1.35,1.2,32.22,9.44,9.25,1.19
2024-03-08,1.22,9.12,1.98,21.29,1.34,1.2,32.2,9.43,9.24,1.19
2024-03-09,1.22,9.11,2,21.4,1.33,1.2,32.18,9.42,9.22,1.19
2024-03-10,1.22,9.1,2.03,21.51,1.33,1.2,32.16,9.4,9.21,1.19
2024-03-11,1.22,9.09,1.97,21.63,1.33,1.21,32.15,9.4,9.18,1.18
2024-03-12,1.22,9.07,1.92,21.75,1.34,1.21,32.15,9.4,9.15,1.18
2024-03-13,1.22,9.05,1.87,21.87,1.34,1.22,32.15,9.4,9.12,1.18
2024-03-14,1.22,9.04,1.82,21.99,1.35,1.22,32.15,9.39,9.08,1.17
2024-03-15,1.22,9.02,1.76,22.11,1.35,1.23,32.15,9.39,9.05,1.17
2024-03-16,1.22,9.01,1.71,22.23,1.35,1.23,32.15,9.39,9.02,1.17
2024-03-17,1.22,8.99,1.66,22.35,1.36,1.24,32.15,9.39,8.99,1.17
2024-03-18,1.22,8.98,1.6,22.41,1.36,1.24,32.18,9.37,8.93,1.16
2024-03-19,1.22,8.97,1.55,22.47,1.37,1.25,32.21,9.36,8.86,1.16
2024-03-20,1.22,8.97,1.5,22.54,1.37,1.25,32.24,9.34,8.8,1.16
2024-03-21,1.22,8.97,1.5,22.52,1.37,1.25,32.28,9.26,8.79,1.16
2024-03-22,1.22,8.97,1.5,22.51,1.37,1.25,32.32,9.18,8.79,1.16
2024-03-23,1.22,8.97,1.5,22.5,1.37,1.25,32.36,9.1,8.78,1.16
2024-03-24,1.22,8.97,1.5,22.48,1.37,1.25,32.4,9.02,8.77,1.16
2024-03-25,1.22,8.98,1.5,22.47,1.37,1.25,32.44,8.93,8.76,1.16
